ISO-10303-21;
HEADER;
/*Generated by software containing ST-Developer
 * from STEP Tools, Inc. (www.steptools.com) 
 */
/*OPTION: using custom renumber hook */
/*description */
/*implementation_level */
FILE_DESCRIPTION(('STEP AP242 Edition 2','STEP AP242 Edition 2''CAx-IF Rec.Pracs.---Representation and Presentation of Product Manufa
cturing Information (PMI)---4.0---2014-10-13','STEP AP242 Edition 2''CAx-IF Rec.Pracs.---Representation and Presentation of Product Manufa
cturing Information (PMI)---4.0---2014-10-13''CAx-IF Rec.Pracs.---3D Tessellated Geometry---0.4---2014-09-14','STEP AP242 Edition 2''CAx-IF Rec.Pracs.---Representation and Presentation of Product Manufa
cturing Information (PMI)---4.0---2014-10-13''CAx-IF Rec.Pracs.---3D Tessellated Geometry---0.4---2014-09-14''2;1','STEP AP242 Edition 2''CAx-IF Rec.Pracs.---Representation and Presentation of Product Manufa
cturing Information (PMI)---4.0---2014-10-13''CAx-IF Rec.Pracs.---3D Tessellated Geometry---0.4---2014-09-14''2;1''CAx-IF Rec.Pracs.---User Defined Attributes---1.5---2016-08-15'),'2;1');
/*name */
/*time_stamp */
/*author */
/*organization */
/*preprocessor_version */
/*originating_system */
/*authorisation */
FILE_NAME('/vol/tmp/translate-832825072398281119/69a0f1459cd003d212de40ed.step','2026-02-27T01:20:06',(''),(''),'ST-DEVELOPER v20','ONSHAPE BY PTC INC, 1.211','  ');
FILE_SCHEMA(('AP242_MANAGED_MODEL_BASED_3D_ENGINEERING_MIM_LF { 1 0 10303 442 3 1 4 }'));
ENDSEC;
DATA;
#10=DRAUGHTING_PRE_DEFINED_COLOUR('red');
#11=CONTEXT_DEPENDENT_SHAPE_REPRESENTATION(#23,#17436);
#12=CONTEXT_DEPENDENT_SHAPE_REPRESENTATION(#24,#17438);
#13=CONTEXT_DEPENDENT_SHAPE_REPRESENTATION(#25,#17439);
#14=CONTEXT_DEPENDENT_SHAPE_REPRESENTATION(#26,#17440);
#15=CONTEXT_DEPENDENT_SHAPE_REPRESENTATION(#27,#17441);
#16=CONTEXT_DEPENDENT_SHAPE_REPRESENTATION(#28,#17442);
#17=NEXT_ASSEMBLY_USAGE_OCCURRENCE('NAUO1','Spur gear (372 teeth)','Spur gear (372 teeth)',#17444,#17445,'');
#18=NEXT_ASSEMBLY_USAGE_OCCURRENCE('NAUO2','stick','stick',#17444,#17446,'');
#19=NEXT_ASSEMBLY_USAGE_OCCURRENCE('NAUO3','stick','stick',#17444,#17446,'');
#20=NEXT_ASSEMBLY_USAGE_OCCURRENCE('NAUO4','Spur gear (372 teeth)','Spur gear (372 teeth)',#17444,#17445,'');
#21=NEXT_ASSEMBLY_USAGE_OCCURRENCE('NAUO5','Spur gear (372 teeth)','Spur gear (372 teeth)',#17444,#17445,'');
#22=NEXT_ASSEMBLY_USAGE_OCCURRENCE('NAUO6','Three Shooters <1>','Three Shooters <1>',#17443,#17444,'');
#23=(
REPRESENTATION_RELATIONSHIP(' ',' ',#9433,#9432)
REPRESENTATION_RELATIONSHIP_WITH_TRANSFORMATION(#29)
SHAPE_REPRESENTATION_RELATIONSHIP()
);
#24=(
REPRESENTATION_RELATIONSHIP(' ',' ',#9434,#9432)
REPRESENTATION_RELATIONSHIP_WITH_TRANSFORMATION(#30)
SHAPE_REPRESENTATION_RELATIONSHIP()
);
#25=(
REPRESENTATION_RELATIONSHIP(' ',' ',#9434,#9432)
REPRESENTATION_RELATIONSHIP_WITH_TRANSFORMATION(#31)
SHAPE_REPRESENTATION_RELATIONSHIP()
);
#26=(
REPRESENTATION_RELATIONSHIP(' ',' ',#9433,#9432)
REPRESENTATION_RELATIONSHIP_WITH_TRANSFORMATION(#32)
SHAPE_REPRESENTATION_RELATIONSHIP()
);
#27=(
REPRESENTATION_RELATIONSHIP(' ',' ',#9433,#9432)
REPRESENTATION_RELATIONSHIP_WITH_TRANSFORMATION(#33)
SHAPE_REPRESENTATION_RELATIONSHIP()
);
#28=(
REPRESENTATION_RELATIONSHIP(' ',' ',#9432,#9431)
REPRESENTATION_RELATIONSHIP_WITH_TRANSFORMATION(#34)
SHAPE_REPRESENTATION_RELATIONSHIP()
);
#29=ITEM_DEFINED_TRANSFORMATION(' ',' ',#9435,#10592);
#30=ITEM_DEFINED_TRANSFORMATION(' ',' ',#9435,#10841);
#31=ITEM_DEFINED_TRANSFORMATION(' ',' ',#9435,#10842);
#32=ITEM_DEFINED_TRANSFORMATION(' ',' ',#9435,#10843);
#33=ITEM_DEFINED_TRANSFORMATION(' ',' ',#9435,#10844);
#34=ITEM_DEFINED_TRANSFORMATION(' ',' ',#9435,#10845);
#35=SHAPE_REPRESENTATION_RELATIONSHIP('','',#9433,#37);
#36=SHAPE_REPRESENTATION_RELATIONSHIP('','',#9434,#38);
#37=ADVANCED_BREP_SHAPE_REPRESENTATION('',(#9425),#17424);
#38=ADVANCED_BREP_SHAPE_REPRESENTATION('',(#9426),#17425);
#39=B_SPLINE_CURVE_WITH_KNOTS('',3,(#15827,#15828,#15829,#15830),.UNSPECIFIED.,.F.,.F.,(4,4),(0.,1.),.UNSPECIFIED.);
#40=B_SPLINE_CURVE_WITH_KNOTS('',3,(#15834,#15835,#15836,#15837),.UNSPECIFIED.,.F.,.F.,(4,4),(0.,1.),.UNSPECIFIED.);
#41=B_SPLINE_CURVE_WITH_KNOTS('',3,(#15842,#15843,#15844,#15845),.UNSPECIFIED.,.F.,.F.,(4,4),(0.,1.),.UNSPECIFIED.);
#42=B_SPLINE_CURVE_WITH_KNOTS('',3,(#15849,#15850,#15851,#15852),.UNSPECIFIED.,.F.,.F.,(4,4),(0.,1.),.UNSPECIFIED.);
#43=B_SPLINE_CURVE_WITH_KNOTS('',3,(#15857,#15858,#15859,#15860),.UNSPECIFIED.,.F.,.F.,(4,4),(0.,1.),.UNSPECIFIED.);
#44=B_SPLINE_CURVE_WITH_KNOTS('',3,(#15864,#15865,#15866,#15867),.UNSPECIFIED.,.F.,.F.,(4,4),(0.,1.),.UNSPECIFIED.);
#45=B_SPLINE_CURVE_WITH_KNOTS('',3,(#15872,#15873,#15874,#15875),.UNSPECIFIED.,.F.,.F.,(4,4),(0.,1.),.UNSPECIFIED.);
#46=B_SPLINE_CURVE_WITH_KNOTS('',3,(#15879,#15880,#15881,#15882),.UNSPECIFIED.,.F.,.F.,(4,4),(0.,1.),.UNSPECIFIED.);
#47=B_SPLINE_CURVE_WITH_KNOTS('',3,(#15887,#15888,#15889,#15890),.UNSPECIFIED.,.F.,.F.,(4,4),(0.,1.),.UNSPECIFIED.);
#48=B_SPLINE_CURVE_WITH_KNOTS('',3,(#15894,#15895,#15896,#15897),.UNSPECIFIED.,.F.,.F.,(4,4),(0.,1.),.UNSPECIFIED.);
#49=B_SPLINE_CURVE_WITH_KNOTS('',3,(#15902,#15903,#15904,#15905),.UNSPECIFIED.,.F.,.F.,(4,4),(0.,1.),.UNSPECIFIED.);
#50=B_SPLINE_CURVE_WITH_KNOTS('',3,(#15909,#15910,#15911,#15912),.UNSPECIFIED.,.F.,.F.,(4,4),(0.,1.),.UNSPECIFIED.);
#51=B_SPLINE_CURVE_WITH_KNOTS('',3,(#15917,#15918,#15919,#15920),.UNSPECIFIED.,.F.,.F.,(4,4),(0.,1.),.UNSPECIFIED.);
#52=B_SPLINE_CURVE_WITH_KNOTS('',3,(#15924,#15925,#15926,#15927),.UNSPECIFIED.,.F.,.F.,(4,4),(0.,1.),.UNSPECIFIED.);
#53=B_SPLINE_CURVE_WITH_KNOTS('',3,(#15932,#15933,#15934,#15935),.UNSPECIFIED.,.F.,.F.,(4,4),(0.,1.),.UNSPECIFIED.);
#54=B_SPLINE_CURVE_WITH_KNOTS('',3,(#15939,#15940,#15941,#15942),.UNSPECIFIED.,.F.,.F.,(4,4),(0.,1.),.UNSPECIFIED.);
#55=B_SPLINE_CURVE_WITH_KNOTS('',3,(#15947,#15948,#15949,#15950),.UNSPECIFIED.,.F.,.F.,(4,4),(0.,1.),.UNSPECIFIED.);
#56=B_SPLINE_CURVE_WITH_KNOTS('',3,(#15954,#15955,#15956,#15957),.UNSPECIFIED.,.F.,.F.,(4,4),(0.,1.),.UNSPECIFIED.);
#57=B_SPLINE_CURVE_WITH_KNOTS('',3,(#15962,#15963,#15964,#15965),.UNSPECIFIED.,.F.,.F.,(4,4),(0.,1.),.UNSPECIFIED.);
#58=B_SPLINE_CURVE_WITH_KNOTS('',3,(#15969,#15970,#15971,#15972),.UNSPECIFIED.,.F.,.F.,(4,4),(0.,1.),.UNSPECIFIED.);
#59=B_SPLINE_CURVE_WITH_KNOTS('',3,(#15977,#15978,#15979,#15980),.UNSPECIFIED.,.F.,.F.,(4,4),(0.,1.),.UNSPECIFIED.);
#60=B_SPLINE_CURVE_WITH_KNOTS('',3,(#15984,#15985,#15986,#15987),.UNSPECIFIED.,.F.,.F.,(4,4),(0.,1.),.UNSPECIFIED.);
#61=B_SPLINE_CURVE_WITH_KNOTS('',3,(#15992,#15993,#15994,#15995),.UNSPECIFIED.,.F.,.F.,(4,4),(0.,1.),.UNSPECIFIED.);
#62=B_SPLINE_CURVE_WITH_KNOTS('',3,(#15999,#16000,#16001,#16002),.UNSPECIFIED.,.F.,.F.,(4,4),(0.,1.),.UNSPECIFIED.);
#63=B_SPLINE_CURVE_WITH_KNOTS('',3,(#16007,#16008,#16009,#16010),.UNSPECIFIED.,.F.,.F.,(4,4),(0.,1.),.UNSPECIFIED.);
#64=B_SPLINE_CURVE_WITH_KNOTS('',3,(#16014,#16015,#16016,#16017),.UNSPECIFIED.,.F.,.F.,(4,4),(0.,1.),.UNSPECIFIED.);
#65=B_SPLINE_CURVE_WITH_KNOTS('',3,(#16022,#16023,#16024,#16025),.UNSPECIFIED.,.F.,.F.,(4,4),(0.,1.),.UNSPECIFIED.);
#66=B_SPLINE_CURVE_WITH_KNOTS('',3,(#16029,#16030,#16031,#16032),.UNSPECIFIED.,.F.,.F.,(4,4),(0.,1.),.UNSPECIFIED.);
#67=B_SPLINE_CURVE_WITH_KNOTS('',3,(#16037,#16038,#16039,#16040),.UNSPECIFIED.,.F.,.F.,(4,4),(0.,1.),.UNSPECIFIED.);
#68=B_SPLINE_CURVE_WITH_KNOTS('',3,(#16044,#16045,#16046,#16047),.UNSPECIFIED.,.F.,.F.,(4,4),(0.,1.),.UNSPECIFIED.);
#69=B_SPLINE_CURVE_WITH_KNOTS('',3,(#16052,#16053,#16054,#16055),.UNSPECIFIED.,.F.,.F.,(4,4),(0.,1.),.UNSPECIFIED.);
#70=B_SPLINE_CURVE_WITH_KNOTS('',3,(#16059,#16060,#16061,#16062),.UNSPECIFIED.,.F.,.F.,(4,4),(0.,1.),.UNSPECIFIED.);
#71=B_SPLINE_CURVE_WITH_KNOTS('',3,(#16067,#16068,#16069,#16070),.UNSPECIFIED.,.F.,.F.,(4,4),(0.,1.),.UNSPECIFIED.);
#72=B_SPLINE_CURVE_WITH_KNOTS('',3,(#16074,#16075,#16076,#16077),.UNSPECIFIED.,.F.,.F.,(4,4),(0.,1.),.UNSPECIFIED.);
#73=B_SPLINE_CURVE_WITH_KNOTS('',3,(#16082,#16083,#16084,#16085),.UNSPECIFIED.,.F.,.F.,(4,4),(0.,1.),.UNSPECIFIED.);
#74=B_SPLINE_CURVE_WITH_KNOTS('',3,(#16089,#16090,#16091,#16092),.UNSPECIFIED.,.F.,.F.,(4,4),(0.,1.),.UNSPECIFIED.);
#75=B_SPLINE_CURVE_WITH_KNOTS('',3,(#16097,#16098,#16099,#16100),.UNSPECIFIED.,.F.,.F.,(4,4),(0.,1.),.UNSPECIFIED.);
#76=B_SPLINE_CURVE_WITH_KNOTS('',3,(#16104,#16105,#16106,#16107),.UNSPECIFIED.,.F.,.F.,(4,4),(0.,1.),.UNSPECIFIED.);
#77=B_SPLINE_CURVE_WITH_KNOTS('',3,(#16112,#16113,#16114,#16115),.UNSPECIFIED.,.F.,.F.,(4,4),(0.,1.),.UNSPECIFIED.);
#78=B_SPLINE_CURVE_WITH_KNOTS('',3,(#16119,#16120,#16121,#16122),.UNSPECIFIED.,.F.,.F.,(4,4),(0.,1.),.UNSPECIFIED.);
#79=B_SPLINE_CURVE_WITH_KNOTS('',3,(#16127,#16128,#16129,#16130),.UNSPECIFIED.,.F.,.F.,(4,4),(0.,1.),.UNSPECIFIED.);
#80=B_SPLINE_CURVE_WITH_KNOTS('',3,(#16134,#16135,#16136,#16137),.UNSPECIFIED.,.F.,.F.,(4,4),(0.,1.),.UNSPECIFIED.);
#81=B_SPLINE_CURVE_WITH_KNOTS('',3,(#16142,#16143,#16144,#16145),.UNSPECIFIED.,.F.,.F.,(4,4),(0.,1.),.UNSPECIFIED.);
#82=B_SPLINE_CURVE_WITH_KNOTS('',3,(#16149,#16150,#16151,#16152),.UNSPECIFIED.,.F.,.F.,(4,4),(0.,1.),.UNSPECIFIED.);
#83=B_SPLINE_CURVE_WITH_KNOTS('',3,(#16157,#16158,#16159,#16160),.UNSPECIFIED.,.F.,.F.,(4,4),(0.,1.),.UNSPECIFIED.);
#84=B_SPLINE_CURVE_WITH_KNOTS('',3,(#16164,#16165,#16166,#16167),.UNSPECIFIED.,.F.,.F.,(4,4),(0.,1.),.UNSPECIFIED.);
#85=B_SPLINE_CURVE_WITH_KNOTS('',3,(#16172,#16173,#16174,#16175),.UNSPECIFIED.,.F.,.F.,(4,4),(0.,1.),.UNSPECIFIED.);
#86=B_SPLINE_CURVE_WITH_KNOTS('',3,(#16179,#16180,#16181,#16182),.UNSPECIFIED.,.F.,.F.,(4,4),(0.,1.),.UNSPECIFIED.);
#87=B_SPLINE_CURVE_WITH_KNOTS('',3,(#16187,#16188,#16189,#16190),.UNSPECIFIED.,.F.,.F.,(4,4),(0.,1.),.UNSPECIFIED.);
#88=B_SPLINE_CURVE_WITH_KNOTS('',3,(#16194,#16195,#16196,#16197),.UNSPECIFIED.,.F.,.F.,(4,4),(0.,1.),.UNSPECIFIED.);
#89=B_SPLINE_CURVE_WITH_KNOTS('',3,(#16202,#16203,#16204,#16205),.UNSPECIFIED.,.F.,.F.,(4,4),(0.,1.),.UNSPECIFIED.);
#90=B_SPLINE_CURVE_WITH_KNOTS('',3,(#16209,#16210,#16211,#16212),.UNSPECIFIED.,.F.,.F.,(4,4),(0.,1.),.UNSPECIFIED.);
#91=B_SPLINE_CURVE_WITH_KNOTS('',3,(#16217,#16218,#16219,#16220),.UNSPECIFIED.,.F.,.F.,(4,4),(0.,1.),.UNSPECIFIED.);
#92=B_SPLINE_CURVE_WITH_KNOTS('',3,(#16224,#16225,#16226,#16227),.UNSPECIFIED.,.F.,.F.,(4,4),(0.,1.),.UNSPECIFIED.);
#93=B_SPLINE_CURVE_WITH_KNOTS('',3,(#16232,#16233,#16234,#16235),.UNSPECIFIED.,.F.,.F.,(4,4),(0.,1.),.UNSPECIFIED.);
#94=B_SPLINE_CURVE_WITH_KNOTS('',3,(#16239,#16240,#16241,#16242),.UNSPECIFIED.,.F.,.F.,(4,4),(0.,1.),.UNSPECIFIED.);
#95=B_SPLINE_CURVE_WITH_KNOTS('',3,(#16247,#16248,#16249,#16250),.UNSPECIFIED.,.F.,.F.,(4,4),(0.,1.),.UNSPECIFIED.);
#96=B_SPLINE_CURVE_WITH_KNOTS('',3,(#16254,#16255,#16256,#16257),.UNSPECIFIED.,.F.,.F.,(4,4),(0.,1.),.UNSPECIFIED.);
#97=B_SPLINE_CURVE_WITH_KNOTS('',3,(#16262,#16263,#16264,#16265),.UNSPECIFIED.,.F.,.F.,(4,4),(0.,1.),.UNSPECIFIED.);
#98=B_SPLINE_CURVE_WITH_KNOTS('',3,(#16269,#16270,#16271,#16272),.UNSPECIFIED.,.F.,.F.,(4,4),(0.,1.),.UNSPECIFIED.);
#99=B_SPLINE_CURVE_WITH_KNOTS('',3,(#16277,#16278,#16279,#16280),.UNSPECIFIED.,.F.,.F.,(4,4),(0.,1.),.UNSPECIFIED.);
#100=B_SPLINE_CURVE_WITH_KNOTS('',3,(#16284,#16285,#16286,#16287),.UNSPECIFIED.,.F.,.F.,(4,4),(0.,1.),.UNSPECIFIED.);
#101=B_SPLINE_CURVE_WITH_KNOTS('',3,(#16292,#16293,#16294,#16295),.UNSPECIFIED.,.F.,.F.,(4,4),(0.,1.),.UNSPECIFIED.);
#102=B_SPLINE_CURVE_WITH_KNOTS('',3,(#16299,#16300,#16301,#16302),.UNSPECIFIED.,.F.,.F.,(4,4),(0.,1.),.UNSPECIFIED.);
#103=B_SPLINE_CURVE_WITH_KNOTS('',3,(#16307,#16308,#16309,#16310),.UNSPECIFIED.,.F.,.F.,(4,4),(0.,1.),.UNSPECIFIED.);
#104=B_SPLINE_CURVE_WITH_KNOTS('',3,(#16314,#16315,#16316,#16317),.UNSPECIFIED.,.F.,.F.,(4,4),(0.,1.),.UNSPECIFIED.);
#105=B_SPLINE_CURVE_WITH_KNOTS('',3,(#16322,#16323,#16324,#16325),.UNSPECIFIED.,.F.,.F.,(4,4),(0.,1.),.UNSPECIFIED.);
#106=B_SPLINE_CURVE_WITH_KNOTS('',3,(#16329,#16330,#16331,#16332),.UNSPECIFIED.,.F.,.F.,(4,4),(0.,1.),.UNSPECIFIED.);
#107=B_SPLINE_CURVE_WITH_KNOTS('',3,(#16337,#16338,#16339,#16340),.UNSPECIFIED.,.F.,.F.,(4,4),(0.,1.),.UNSPECIFIED.);
#108=B_SPLINE_CURVE_WITH_KNOTS('',3,(#16344,#16345,#16346,#16347),.UNSPECIFIED.,.F.,.F.,(4,4),(0.,1.),.UNSPECIFIED.);
#109=B_SPLINE_CURVE_WITH_KNOTS('',3,(#16352,#16353,#16354,#16355),.UNSPECIFIED.,.F.,.F.,(4,4),(0.,1.),.UNSPECIFIED.);
#110=B_SPLINE_CURVE_WITH_KNOTS('',3,(#16359,#16360,#16361,#16362),.UNSPECIFIED.,.F.,.F.,(4,4),(0.,1.),.UNSPECIFIED.);
#111=B_SPLINE_CURVE_WITH_KNOTS('',3,(#16367,#16368,#16369,#16370),.UNSPECIFIED.,.F.,.F.,(4,4),(0.,1.),.UNSPECIFIED.);
#112=B_SPLINE_CURVE_WITH_KNOTS('',3,(#16374,#16375,#16376,#16377),.UNSPECIFIED.,.F.,.F.,(4,4),(0.,1.),.UNSPECIFIED.);
#113=B_SPLINE_CURVE_WITH_KNOTS('',3,(#16382,#16383,#16384,#16385),.UNSPECIFIED.,.F.,.F.,(4,4),(0.,1.),.UNSPECIFIED.);
#114=B_SPLINE_CURVE_WITH_KNOTS('',3,(#16389,#16390,#16391,#16392),.UNSPECIFIED.,.F.,.F.,(4,4),(0.,1.),.UNSPECIFIED.);
#115=B_SPLINE_CURVE_WITH_KNOTS('',3,(#16397,#16398,#16399,#16400),.UNSPECIFIED.,.F.,.F.,(4,4),(0.,1.),.UNSPECIFIED.);
#116=B_SPLINE_CURVE_WITH_KNOTS('',3,(#16404,#16405,#16406,#16407),.UNSPECIFIED.,.F.,.F.,(4,4),(0.,1.),.UNSPECIFIED.);
#117=B_SPLINE_CURVE_WITH_KNOTS('',3,(#16412,#16413,#16414,#16415),.UNSPECIFIED.,.F.,.F.,(4,4),(0.,1.),.UNSPECIFIED.);
#118=B_SPLINE_CURVE_WITH_KNOTS('',3,(#16419,#16420,#16421,#16422),.UNSPECIFIED.,.F.,.F.,(4,4),(0.,1.),.UNSPECIFIED.);
#119=B_SPLINE_CURVE_WITH_KNOTS('',3,(#16427,#16428,#16429,#16430),.UNSPECIFIED.,.F.,.F.,(4,4),(0.,1.),.UNSPECIFIED.);
#120=B_SPLINE_CURVE_WITH_KNOTS('',3,(#16434,#16435,#16436,#16437),.UNSPECIFIED.,.F.,.F.,(4,4),(0.,1.),.UNSPECIFIED.);
#121=B_SPLINE_CURVE_WITH_KNOTS('',3,(#16442,#16443,#16444,#16445),.UNSPECIFIED.,.F.,.F.,(4,4),(0.,1.),.UNSPECIFIED.);
#122=B_SPLINE_CURVE_WITH_KNOTS('',3,(#16449,#16450,#16451,#16452),.UNSPECIFIED.,.F.,.F.,(4,4),(0.,1.),.UNSPECIFIED.);
#123=B_SPLINE_CURVE_WITH_KNOTS('',3,(#16457,#16458,#16459,#16460),.UNSPECIFIED.,.F.,.F.,(4,4),(0.,1.),.UNSPECIFIED.);
#124=B_SPLINE_CURVE_WITH_KNOTS('',3,(#16464,#16465,#16466,#16467),.UNSPECIFIED.,.F.,.F.,(4,4),(0.,1.),.UNSPECIFIED.);
#125=B_SPLINE_CURVE_WITH_KNOTS('',3,(#16472,#16473,#16474,#16475),.UNSPECIFIED.,.F.,.F.,(4,4),(0.,1.),.UNSPECIFIED.);
#126=B_SPLINE_CURVE_WITH_KNOTS('',3,(#16479,#16480,#16481,#16482),.UNSPECIFIED.,.F.,.F.,(4,4),(0.,1.),.UNSPECIFIED.);
#127=B_SPLINE_CURVE_WITH_KNOTS('',3,(#16487,#16488,#16489,#16490),.UNSPECIFIED.,.F.,.F.,(4,4),(0.,1.),.UNSPECIFIED.);
#128=B_SPLINE_CURVE_WITH_KNOTS('',3,(#16494,#16495,#16496,#16497),.UNSPECIFIED.,.F.,.F.,(4,4),(0.,1.),.UNSPECIFIED.);
#129=B_SPLINE_CURVE_WITH_KNOTS('',3,(#16502,#16503,#16504,#16505),.UNSPECIFIED.,.F.,.F.,(4,4),(0.,1.),.UNSPECIFIED.);
#130=B_SPLINE_CURVE_WITH_KNOTS('',3,(#16509,#16510,#16511,#16512),.UNSPECIFIED.,.F.,.F.,(4,4),(0.,1.),.UNSPECIFIED.);
#131=B_SPLINE_CURVE_WITH_KNOTS('',3,(#16517,#16518,#16519,#16520),.UNSPECIFIED.,.F.,.F.,(4,4),(0.,1.),.UNSPECIFIED.);
#132=B_SPLINE_CURVE_WITH_KNOTS('',3,(#16524,#16525,#16526,#16527),.UNSPECIFIED.,.F.,.F.,(4,4),(0.,1.),.UNSPECIFIED.);
#133=B_SPLINE_CURVE_WITH_KNOTS('',3,(#16532,#16533,#16534,#16535),.UNSPECIFIED.,.F.,.F.,(4,4),(0.,1.),.UNSPECIFIED.);
#134=B_SPLINE_CURVE_WITH_KNOTS('',3,(#16539,#16540,#16541,#16542),.UNSPECIFIED.,.F.,.F.,(4,4),(0.,1.),.UNSPECIFIED.);
#135=B_SPLINE_CURVE_WITH_KNOTS('',3,(#16547,#16548,#16549,#16550),.UNSPECIFIED.,.F.,.F.,(4,4),(0.,1.),.UNSPECIFIED.);
#136=B_SPLINE_CURVE_WITH_KNOTS('',3,(#16554,#16555,#16556,#16557),.UNSPECIFIED.,.F.,.F.,(4,4),(0.,1.),.UNSPECIFIED.);
#137=B_SPLINE_CURVE_WITH_KNOTS('',3,(#16562,#16563,#16564,#16565),.UNSPECIFIED.,.F.,.F.,(4,4),(0.,1.),.UNSPECIFIED.);
#138=B_SPLINE_CURVE_WITH_KNOTS('',3,(#16569,#16570,#16571,#16572),.UNSPECIFIED.,.F.,.F.,(4,4),(0.,1.),.UNSPECIFIED.);
#139=B_SPLINE_CURVE_WITH_KNOTS('',3,(#16577,#16578,#16579,#16580),.UNSPECIFIED.,.F.,.F.,(4,4),(0.,1.),.UNSPECIFIED.);
#140=B_SPLINE_CURVE_WITH_KNOTS('',3,(#16584,#16585,#16586,#16587),.UNSPECIFIED.,.F.,.F.,(4,4),(0.,1.),.UNSPECIFIED.);
#141=B_SPLINE_CURVE_WITH_KNOTS('',3,(#16592,#16593,#16594,#16595),.UNSPECIFIED.,.F.,.F.,(4,4),(0.,1.),.UNSPECIFIED.);
#142=B_SPLINE_CURVE_WITH_KNOTS('',3,(#16599,#16600,#16601,#16602),.UNSPECIFIED.,.F.,.F.,(4,4),(0.,1.),.UNSPECIFIED.);
#143=B_SPLINE_CURVE_WITH_KNOTS('',3,(#16607,#16608,#16609,#16610),.UNSPECIFIED.,.F.,.F.,(4,4),(0.,1.),.UNSPECIFIED.);
#144=B_SPLINE_CURVE_WITH_KNOTS('',3,(#16614,#16615,#16616,#16617),.UNSPECIFIED.,.F.,.F.,(4,4),(0.,1.),.UNSPECIFIED.);
#145=B_SPLINE_CURVE_WITH_KNOTS('',3,(#16622,#16623,#16624,#16625),.UNSPECIFIED.,.F.,.F.,(4,4),(0.,1.),.UNSPECIFIED.);
#146=B_SPLINE_CURVE_WITH_KNOTS('',3,(#16629,#16630,#16631,#16632),.UNSPECIFIED.,.F.,.F.,(4,4),(0.,1.),.UNSPECIFIED.);
#147=B_SPLINE_CURVE_WITH_KNOTS('',3,(#16637,#16638,#16639,#16640),.UNSPECIFIED.,.F.,.F.,(4,4),(0.,1.),.UNSPECIFIED.);
#148=B_SPLINE_CURVE_WITH_KNOTS('',3,(#16644,#16645,#16646,#16647),.UNSPECIFIED.,.F.,.F.,(4,4),(0.,1.),.UNSPECIFIED.);
#149=B_SPLINE_CURVE_WITH_KNOTS('',3,(#16652,#16653,#16654,#16655),.UNSPECIFIED.,.F.,.F.,(4,4),(0.,1.),.UNSPECIFIED.);
#150=B_SPLINE_CURVE_WITH_KNOTS('',3,(#16659,#16660,#16661,#16662),.UNSPECIFIED.,.F.,.F.,(4,4),(0.,1.),.UNSPECIFIED.);
#151=B_SPLINE_CURVE_WITH_KNOTS('',3,(#16667,#16668,#16669,#16670),.UNSPECIFIED.,.F.,.F.,(4,4),(0.,1.),.UNSPECIFIED.);
#152=B_SPLINE_CURVE_WITH_KNOTS('',3,(#16674,#16675,#16676,#16677),.UNSPECIFIED.,.F.,.F.,(4,4),(0.,1.),.UNSPECIFIED.);
#153=B_SPLINE_CURVE_WITH_KNOTS('',3,(#16682,#16683,#16684,#16685),.UNSPECIFIED.,.F.,.F.,(4,4),(0.,1.),.UNSPECIFIED.);
#154=B_SPLINE_CURVE_WITH_KNOTS('',3,(#16689,#16690,#16691,#16692),.UNSPECIFIED.,.F.,.F.,(4,4),(0.,1.),.UNSPECIFIED.);
#155=B_SPLINE_CURVE_WITH_KNOTS('',3,(#16697,#16698,#16699,#16700),.UNSPECIFIED.,.F.,.F.,(4,4),(0.,1.),.UNSPECIFIED.);
#156=B_SPLINE_CURVE_WITH_KNOTS('',3,(#16704,#16705,#16706,#16707),.UNSPECIFIED.,.F.,.F.,(4,4),(0.,1.),.UNSPECIFIED.);
#157=B_SPLINE_CURVE_WITH_KNOTS('',3,(#16712,#16713,#16714,#16715),.UNSPECIFIED.,.F.,.F.,(4,4),(0.,1.),.UNSPECIFIED.);
#158=B_SPLINE_CURVE_WITH_KNOTS('',3,(#16719,#16720,#16721,#16722),.UNSPECIFIED.,.F.,.F.,(4,4),(0.,1.),.UNSPECIFIED.);
#159=B_SPLINE_CURVE_WITH_KNOTS('',3,(#16727,#16728,#16729,#16730),.UNSPECIFIED.,.F.,.F.,(4,4),(0.,1.),.UNSPECIFIED.);
#160=CYLINDRICAL_SURFACE('',#10170,0.231648);
#161=CYLINDRICAL_SURFACE('',#10184,0.231648);
#162=CYLINDRICAL_SURFACE('',#10200,0.0797558363716161);
#163=CYLINDRICAL_SURFACE('',#10201,0.23749);
#164=CYLINDRICAL_SURFACE('',#10202,0.23749);
#165=CYLINDRICAL_SURFACE('',#10203,0.23749);
#166=CYLINDRICAL_SURFACE('',#10204,0.23749);
#167=CYLINDRICAL_SURFACE('',#10205,0.23749);
#168=CYLINDRICAL_SURFACE('',#10206,0.23749);
#169=CYLINDRICAL_SURFACE('',#10207,0.23749);
#170=CYLINDRICAL_SURFACE('',#10208,0.23749);
#171=CYLINDRICAL_SURFACE('',#10209,0.23749);
#172=CYLINDRICAL_SURFACE('',#10210,0.23749);
#173=CYLINDRICAL_SURFACE('',#10211,0.23749);
#174=CYLINDRICAL_SURFACE('',#10212,0.23749);
#175=CYLINDRICAL_SURFACE('',#10213,0.23749);
#176=CYLINDRICAL_SURFACE('',#10214,0.23749);
#177=CYLINDRICAL_SURFACE('',#10215,0.23749);
#178=CYLINDRICAL_SURFACE('',#10216,0.23749);
#179=CYLINDRICAL_SURFACE('',#10217,0.23749);
#180=CYLINDRICAL_SURFACE('',#10218,0.23749);
#181=CYLINDRICAL_SURFACE('',#10219,0.23749);
#182=CYLINDRICAL_SURFACE('',#10220,0.23749);
#183=CYLINDRICAL_SURFACE('',#10221,0.23749);
#184=CYLINDRICAL_SURFACE('',#10222,0.23749);
#185=CYLINDRICAL_SURFACE('',#10223,0.23749);
#186=CYLINDRICAL_SURFACE('',#10224,0.23749);
#187=CYLINDRICAL_SURFACE('',#10225,0.23749);
#188=CYLINDRICAL_SURFACE('',#10226,0.23749);
#189=CYLINDRICAL_SURFACE('',#10227,0.23749);
#190=CYLINDRICAL_SURFACE('',#10228,0.23749);
#191=CYLINDRICAL_SURFACE('',#10229,0.23749);
#192=CYLINDRICAL_SURFACE('',#10230,0.23749);
#193=CYLINDRICAL_SURFACE('',#10231,0.23749);
#194=CYLINDRICAL_SURFACE('',#10232,0.23749);
#195=CYLINDRICAL_SURFACE('',#10233,0.23749);
#196=CYLINDRICAL_SURFACE('',#10234,0.23749);
#197=CYLINDRICAL_SURFACE('',#10235,0.23749);
#198=CYLINDRICAL_SURFACE('',#10236,0.23749);
#199=CYLINDRICAL_SURFACE('',#10237,0.23749);
#200=CYLINDRICAL_SURFACE('',#10238,0.23749);
#201=CYLINDRICAL_SURFACE('',#10239,0.23749);
#202=CYLINDRICAL_SURFACE('',#10240,0.23749);
#203=CYLINDRICAL_SURFACE('',#10241,0.23749);
#204=CYLINDRICAL_SURFACE('',#10242,0.23749);
#205=CYLINDRICAL_SURFACE('',#10243,0.23749);
#206=CYLINDRICAL_SURFACE('',#10244,0.23749);
#207=CYLINDRICAL_SURFACE('',#10245,0.23749);
#208=CYLINDRICAL_SURFACE('',#10246,0.23749);
#209=CYLINDRICAL_SURFACE('',#10247,0.23749);
#210=CYLINDRICAL_SURFACE('',#10248,0.23749);
#211=CYLINDRICAL_SURFACE('',#10249,0.23749);
#212=CYLINDRICAL_SURFACE('',#10250,0.23749);
#213=CYLINDRICAL_SURFACE('',#10251,0.23749);
#214=CYLINDRICAL_SURFACE('',#10252,0.23749);
#215=CYLINDRICAL_SURFACE('',#10253,0.23749);
#216=CYLINDRICAL_SURFACE('',#10254,0.23749);
#217=CYLINDRICAL_SURFACE('',#10255,0.23749);
#218=CYLINDRICAL_SURFACE('',#10256,0.23749);
#219=CYLINDRICAL_SURFACE('',#10257,0.23749);
#220=CYLINDRICAL_SURFACE('',#10258,0.23749);
#221=CYLINDRICAL_SURFACE('',#10259,0.23749);
#222=CYLINDRICAL_SURFACE('',#10260,0.23749);
#223=CYLINDRICAL_SURFACE('',#10261,0.23749);
#224=CYLINDRICAL_SURFACE('',#10262,0.079755836373374);
#225=CYLINDRICAL_SURFACE('',#10263,0.000405043635679138);
#226=CYLINDRICAL_SURFACE('',#10264,0.079755836371072);
#227=CYLINDRICAL_SURFACE('',#10265,0.2346324999886);
#228=CYLINDRICAL_SURFACE('',#10266,0.0797558363718417);
#229=CYLINDRICAL_SURFACE('',#10267,0.000405043635679138);
#230=CYLINDRICAL_SURFACE('',#10268,0.000405043635679138);
#231=CYLINDRICAL_SURFACE('',#10269,0.0797558363698751);
#232=CYLINDRICAL_SURFACE('',#10270,0.2346324999886);
#233=CYLINDRICAL_SURFACE('',#10271,0.0797558363703153);
#234=CYLINDRICAL_SURFACE('',#10272,0.000405043635679138);
#235=CYLINDRICAL_SURFACE('',#10273,0.000405043635679138);
#236=CYLINDRICAL_SURFACE('',#10274,0.0797558363732071);
#237=CYLINDRICAL_SURFACE('',#10275,0.2346324999886);
#238=CYLINDRICAL_SURFACE('',#10276,0.0797558363707897);
#239=CYLINDRICAL_SURFACE('',#10277,0.000405043635679138);
#240=CYLINDRICAL_SURFACE('',#10278,0.000405043635679138);
#241=CYLINDRICAL_SURFACE('',#10279,0.0797558363734139);
#242=CYLINDRICAL_SURFACE('',#10280,0.2346324999886);
#243=CYLINDRICAL_SURFACE('',#10281,0.0797558363718052);
#244=CYLINDRICAL_SURFACE('',#10282,0.000405043635679138);
#245=CYLINDRICAL_SURFACE('',#10283,0.000405043635679138);
#246=CYLINDRICAL_SURFACE('',#10284,0.0797558363729634);
#247=CYLINDRICAL_SURFACE('',#10285,0.2346324999886);
#248=CYLINDRICAL_SURFACE('',#10286,0.079755836372332);
#249=CYLINDRICAL_SURFACE('',#10287,0.000405043635679138);
#250=CYLINDRICAL_SURFACE('',#10288,0.000405043635679138);
#251=CYLINDRICAL_SURFACE('',#10289,0.0797558363741275);
#252=CYLINDRICAL_SURFACE('',#10290,0.2346324999886);
#253=CYLINDRICAL_SURFACE('',#10291,0.0797558363694684);
#254=CYLINDRICAL_SURFACE('',#10292,0.000405043635679138);
#255=CYLINDRICAL_SURFACE('',#10293,0.000405043635679138);
#256=CYLINDRICAL_SURFACE('',#10294,0.0797558363723588);
#257=CYLINDRICAL_SURFACE('',#10295,0.2346324999886);
#258=CYLINDRICAL_SURFACE('',#10296,0.0797558363715349);
#259=CYLINDRICAL_SURFACE('',#10297,0.000405043635679138);
#260=CYLINDRICAL_SURFACE('',#10298,0.000405043635679138);
#261=CYLINDRICAL_SURFACE('',#10299,0.0797558363737109);
#262=CYLINDRICAL_SURFACE('',#10300,0.2346324999886);
#263=CYLINDRICAL_SURFACE('',#10301,0.0797558363714936);
#264=CYLINDRICAL_SURFACE('',#10302,0.000405043635679138);
#265=CYLINDRICAL_SURFACE('',#10303,0.000405043635679138);
#266=CYLINDRICAL_SURFACE('',#10304,0.0797558363740142);
#267=CYLINDRICAL_SURFACE('',#10305,0.2346324999886);
#268=CYLINDRICAL_SURFACE('',#10306,0.0797558363699514);
#269=CYLINDRICAL_SURFACE('',#10307,0.000405043635679138);
#270=CYLINDRICAL_SURFACE('',#10308,0.000405043635679138);
#271=CYLINDRICAL_SURFACE('',#10309,0.0797558363729999);
#272=CYLINDRICAL_SURFACE('',#10310,0.2346324999886);
#273=CYLINDRICAL_SURFACE('',#10311,0.0797558363742116);
#274=CYLINDRICAL_SURFACE('',#10312,0.000405043635679138);
#275=CYLINDRICAL_SURFACE('',#10313,0.000405043635679138);
#276=CYLINDRICAL_SURFACE('',#10314,0.079755836373069);
#277=CYLINDRICAL_SURFACE('',#10315,0.2346324999886);
#278=CYLINDRICAL_SURFACE('',#10316,0.0797558363713187);
#279=CYLINDRICAL_SURFACE('',#10317,0.000405043635679138);
#280=CYLINDRICAL_SURFACE('',#10318,0.000405043635679138);
#281=CYLINDRICAL_SURFACE('',#10319,0.0797558363705175);
#282=CYLINDRICAL_SURFACE('',#10320,0.2346324999886);
#283=CYLINDRICAL_SURFACE('',#10321,0.0797558363713294);
#284=CYLINDRICAL_SURFACE('',#10322,0.000405043635679138);
#285=CYLINDRICAL_SURFACE('',#10323,0.000405043635679138);
#286=CYLINDRICAL_SURFACE('',#10324,0.0797558363723055);
#287=CYLINDRICAL_SURFACE('',#10325,0.2346324999886);
#288=CYLINDRICAL_SURFACE('',#10326,0.0797558363721912);
#289=CYLINDRICAL_SURFACE('',#10327,0.000405043635679138);
#290=CYLINDRICAL_SURFACE('',#10328,0.000405043635679138);
#291=CYLINDRICAL_SURFACE('',#10329,0.0797558363721865);
#292=CYLINDRICAL_SURFACE('',#10330,0.2346324999886);
#293=CYLINDRICAL_SURFACE('',#10331,0.0797558363737456);
#294=CYLINDRICAL_SURFACE('',#10332,0.000405043635679138);
#295=CYLINDRICAL_SURFACE('',#10333,0.000405043635679138);
#296=CYLINDRICAL_SURFACE('',#10334,0.0797558363720512);
#297=CYLINDRICAL_SURFACE('',#10335,0.2346324999886);
#298=CYLINDRICAL_SURFACE('',#10336,0.0797558361533342);
#299=CYLINDRICAL_SURFACE('',#10337,0.000405043635679138);
#300=CYLINDRICAL_SURFACE('',#10338,0.000405043635679138);
#301=CYLINDRICAL_SURFACE('',#10339,0.0797558349589446);
#302=CYLINDRICAL_SURFACE('',#10340,0.2346324999886);
#303=CYLINDRICAL_SURFACE('',#10341,0.0797558363723733);
#304=CYLINDRICAL_SURFACE('',#10342,0.000405043635679138);
#305=CYLINDRICAL_SURFACE('',#10343,0.000405043635679138);
#306=CYLINDRICAL_SURFACE('',#10344,0.0797558363726609);
#307=CYLINDRICAL_SURFACE('',#10345,0.2346324999886);
#308=CYLINDRICAL_SURFACE('',#10346,0.0797558363728531);
#309=CYLINDRICAL_SURFACE('',#10347,0.000405043635679138);
#310=CYLINDRICAL_SURFACE('',#10348,0.000405043635679138);
#311=CYLINDRICAL_SURFACE('',#10349,0.0797558359455476);
#312=CYLINDRICAL_SURFACE('',#10350,0.2346324999886);
#313=CYLINDRICAL_SURFACE('',#10351,0.0797558363717182);
#314=CYLINDRICAL_SURFACE('',#10352,0.000405043635679138);
#315=CYLINDRICAL_SURFACE('',#10353,0.000405043635679138);
#316=CYLINDRICAL_SURFACE('',#10354,0.0797558363726566);
#317=CYLINDRICAL_SURFACE('',#10355,0.2346324999886);
#318=CYLINDRICAL_SURFACE('',#10356,0.0797558363717019);
#319=CYLINDRICAL_SURFACE('',#10357,0.000405043635679138);
#320=CYLINDRICAL_SURFACE('',#10358,0.000405043635679138);
#321=CYLINDRICAL_SURFACE('',#10359,0.079755835406882);
#322=CYLINDRICAL_SURFACE('',#10360,0.2346324999886);
#323=CYLINDRICAL_SURFACE('',#10361,0.0797558348986378);
#324=CYLINDRICAL_SURFACE('',#10362,0.000405043635679138);
#325=CYLINDRICAL_SURFACE('',#10363,0.000405043635679138);
#326=CYLINDRICAL_SURFACE('',#10364,0.0797558363722802);
#327=CYLINDRICAL_SURFACE('',#10365,0.2346324999886);
#328=CYLINDRICAL_SURFACE('',#10366,0.0797558363720202);
#329=CYLINDRICAL_SURFACE('',#10367,0.000405043635679138);
#330=CYLINDRICAL_SURFACE('',#10368,0.000405043635679138);
#331=CYLINDRICAL_SURFACE('',#10369,0.0797558363723488);
#332=CYLINDRICAL_SURFACE('',#10370,0.2346324999886);
#333=CYLINDRICAL_SURFACE('',#10371,0.0797558363720687);
#334=CYLINDRICAL_SURFACE('',#10372,0.000405043635679138);
#335=CYLINDRICAL_SURFACE('',#10373,0.000405043635679138);
#336=CYLINDRICAL_SURFACE('',#10374,0.0797558356569);
#337=CYLINDRICAL_SURFACE('',#10375,0.2346324999886);
#338=CYLINDRICAL_SURFACE('',#10376,0.0797558363725423);
#339=CYLINDRICAL_SURFACE('',#10377,0.000405043635679138);
#340=CYLINDRICAL_SURFACE('',#10378,0.000405043635679138);
#341=CYLINDRICAL_SURFACE('',#10379,0.0797558363723589);
#342=CYLINDRICAL_SURFACE('',#10380,0.2346324999886);
#343=CYLINDRICAL_SURFACE('',#10381,0.0797558363727487);
#344=CYLINDRICAL_SURFACE('',#10382,0.000405043635679138);
#345=CYLINDRICAL_SURFACE('',#10383,0.000405043635679138);
#346=CYLINDRICAL_SURFACE('',#10384,0.0797558363727653);
#347=CYLINDRICAL_SURFACE('',#10385,0.2346324999886);
#348=CYLINDRICAL_SURFACE('',#10386,0.0797558363726215);
#349=CYLINDRICAL_SURFACE('',#10387,0.000405043635679138);
#350=CYLINDRICAL_SURFACE('',#10388,0.000405043635679138);
#351=CYLINDRICAL_SURFACE('',#10389,0.0797558363726012);
#352=CYLINDRICAL_SURFACE('',#10390,0.2346324999886);
#353=CYLINDRICAL_SURFACE('',#10391,0.0797558348980228);
#354=CYLINDRICAL_SURFACE('',#10392,0.000405043635679138);
#355=CYLINDRICAL_SURFACE('',#10393,0.000405043635679138);
#356=CYLINDRICAL_SURFACE('',#10394,0.0797558363729324);
#357=CYLINDRICAL_SURFACE('',#10395,0.2346324999886);
#358=CYLINDRICAL_SURFACE('',#10396,0.079755836373058);
#359=CYLINDRICAL_SURFACE('',#10397,0.000405043635679138);
#360=CYLINDRICAL_SURFACE('',#10398,0.000405043635679138);
#361=CYLINDRICAL_SURFACE('',#10399,0.0797558363727636);
#362=CYLINDRICAL_SURFACE('',#10400,0.2346324999886);
#363=CYLINDRICAL_SURFACE('',#10401,0.0797558363710516);
#364=CYLINDRICAL_SURFACE('',#10402,0.000405043635679138);
#365=CYLINDRICAL_SURFACE('',#10403,0.000405043635679138);
#366=CYLINDRICAL_SURFACE('',#10404,0.079755836372438);
#367=CYLINDRICAL_SURFACE('',#10405,0.2346324999886);
#368=CYLINDRICAL_SURFACE('',#10406,0.079755836373124);
#369=CYLINDRICAL_SURFACE('',#10407,0.000405043635679138);
#370=CYLINDRICAL_SURFACE('',#10408,0.000405043635679138);
#371=CYLINDRICAL_SURFACE('',#10409,0.0797558363728819);
#372=CYLINDRICAL_SURFACE('',#10410,0.2346324999886);
#373=CYLINDRICAL_SURFACE('',#10411,0.0797558363726302);
#374=CYLINDRICAL_SURFACE('',#10412,0.000405043635679138);
#375=CYLINDRICAL_SURFACE('',#10413,0.000405043635679138);
#376=CYLINDRICAL_SURFACE('',#10414,0.0797558363723482);
#377=CYLINDRICAL_SURFACE('',#10415,0.2346324999886);
#378=CYLINDRICAL_SURFACE('',#10416,0.0797558363708727);
#379=CYLINDRICAL_SURFACE('',#10417,0.000405043635679138);
#380=CYLINDRICAL_SURFACE('',#10418,0.000405043635679138);
#381=CYLINDRICAL_SURFACE('',#10419,0.0797558363729169);
#382=CYLINDRICAL_SURFACE('',#10420,0.2346324999886);
#383=CYLINDRICAL_SURFACE('',#10421,0.0797558363722116);
#384=CYLINDRICAL_SURFACE('',#10422,0.000405043635679138);
#385=CYLINDRICAL_SURFACE('',#10423,0.000405043635679138);
#386=CYLINDRICAL_SURFACE('',#10424,0.079755836371958);
#387=CYLINDRICAL_SURFACE('',#10425,0.2346324999886);
#388=CYLINDRICAL_SURFACE('',#10426,0.0797558363713326);
#389=CYLINDRICAL_SURFACE('',#10427,0.000405043635679138);
#390=CYLINDRICAL_SURFACE('',#10428,0.000405043635679138);
#391=CYLINDRICAL_SURFACE('',#10429,0.0797558363725683);
#392=CYLINDRICAL_SURFACE('',#10430,0.2346324999886);
#393=CYLINDRICAL_SURFACE('',#10431,0.0797558363699296);
#394=CYLINDRICAL_SURFACE('',#10432,0.000405043635679138);
#395=CYLINDRICAL_SURFACE('',#10433,0.000405043635679138);
#396=CYLINDRICAL_SURFACE('',#10434,0.0797558355999675);
#397=CYLINDRICAL_SURFACE('',#10435,0.2346324999886);
#398=CYLINDRICAL_SURFACE('',#10436,0.0797558363708298);
#399=CYLINDRICAL_SURFACE('',#10437,0.000405043635679138);
#400=CYLINDRICAL_SURFACE('',#10438,0.000405043635679138);
#401=CYLINDRICAL_SURFACE('',#10439,0.0797558363722493);
#402=CYLINDRICAL_SURFACE('',#10440,0.2346324999886);
#403=CYLINDRICAL_SURFACE('',#10441,0.0797558363734681);
#404=CYLINDRICAL_SURFACE('',#10442,0.000405043635679138);
#405=CYLINDRICAL_SURFACE('',#10443,0.000405043635679138);
#406=CYLINDRICAL_SURFACE('',#10444,0.079755836372028);
#407=CYLINDRICAL_SURFACE('',#10445,0.2346324999886);
#408=CYLINDRICAL_SURFACE('',#10446,0.0797558358009079);
#409=CYLINDRICAL_SURFACE('',#10447,0.000405043635679138);
#410=CYLINDRICAL_SURFACE('',#10448,0.000405043635679138);
#411=CYLINDRICAL_SURFACE('',#10449,0.0797558363723256);
#412=CYLINDRICAL_SURFACE('',#10450,0.2346324999886);
#413=CYLINDRICAL_SURFACE('',#10451,0.0797558363722858);
#414=CYLINDRICAL_SURFACE('',#10452,0.000405043635679138);
#415=CYLINDRICAL_SURFACE('',#10453,0.000405043635679138);
#416=CYLINDRICAL_SURFACE('',#10454,0.0797558363735371);
#417=CYLINDRICAL_SURFACE('',#10455,0.2346324999886);
#418=CYLINDRICAL_SURFACE('',#10456,0.0797558352480398);
#419=CYLINDRICAL_SURFACE('',#10457,0.000405043635679138);
#420=CYLINDRICAL_SURFACE('',#10458,0.000405043635679138);
#421=CYLINDRICAL_SURFACE('',#10459,0.0797558363715897);
#422=CYLINDRICAL_SURFACE('',#10460,0.2346324999886);
#423=CYLINDRICAL_SURFACE('',#10461,0.0797558363733464);
#424=CYLINDRICAL_SURFACE('',#10462,0.000405043635679138);
#425=CYLINDRICAL_SURFACE('',#10463,0.000405043635679138);
#426=CYLINDRICAL_SURFACE('',#10464,0.0797558363710574);
#427=CYLINDRICAL_SURFACE('',#10465,0.2346324999886);
#428=CYLINDRICAL_SURFACE('',#10466,0.0797558363710806);
#429=CYLINDRICAL_SURFACE('',#10467,0.000405043635679138);
#430=CYLINDRICAL_SURFACE('',#10468,0.000405043635679138);
#431=CYLINDRICAL_SURFACE('',#10469,0.079755836370689);
#432=CYLINDRICAL_SURFACE('',#10470,0.2346324999886);
#433=CYLINDRICAL_SURFACE('',#10471,0.0797558363709905);
#434=CYLINDRICAL_SURFACE('',#10472,0.000405043635679138);
#435=CYLINDRICAL_SURFACE('',#10473,0.000405043635679138);
#436=CYLINDRICAL_SURFACE('',#10474,0.0797558363701983);
#437=CYLINDRICAL_SURFACE('',#10475,0.2346324999886);
#438=CYLINDRICAL_SURFACE('',#10476,0.0797558363737541);
#439=CYLINDRICAL_SURFACE('',#10477,0.000405043635679138);
#440=CYLINDRICAL_SURFACE('',#10478,0.000405043635679138);
#441=CYLINDRICAL_SURFACE('',#10479,0.0797558363712808);
#442=CYLINDRICAL_SURFACE('',#10480,0.2346324999886);
#443=CYLINDRICAL_SURFACE('',#10481,0.0797558362650036);
#444=CYLINDRICAL_SURFACE('',#10482,0.000405043635679138);
#445=CYLINDRICAL_SURFACE('',#10483,0.000405043635679138);
#446=CYLINDRICAL_SURFACE('',#10484,0.079755836372389);
#447=CYLINDRICAL_SURFACE('',#10485,0.2346324999886);
#448=CYLINDRICAL_SURFACE('',#10486,0.0797558363713855);
#449=CYLINDRICAL_SURFACE('',#10487,0.000405043635679138);
#450=CYLINDRICAL_SURFACE('',#10488,0.000405043635679138);
#451=CYLINDRICAL_SURFACE('',#10489,0.0797558363739892);
#452=CYLINDRICAL_SURFACE('',#10490,0.2346324999886);
#453=CYLINDRICAL_SURFACE('',#10491,0.0797558362807548);
#454=CYLINDRICAL_SURFACE('',#10492,0.000405043635679138);
#455=CYLINDRICAL_SURFACE('',#10493,0.000405043635679138);
#456=CYLINDRICAL_SURFACE('',#10494,0.0797558363713338);
#457=CYLINDRICAL_SURFACE('',#10495,0.2346324999886);
#458=CYLINDRICAL_SURFACE('',#10496,0.0797558363719873);
#459=CYLINDRICAL_SURFACE('',#10497,0.000405043635679138);
#460=CYLINDRICAL_SURFACE('',#10498,0.000405043635679138);
#461=CYLINDRICAL_SURFACE('',#10499,0.0797558363746215);
#462=CYLINDRICAL_SURFACE('',#10500,0.2346324999886);
#463=CYLINDRICAL_SURFACE('',#10501,0.0797558359686478);
#464=CYLINDRICAL_SURFACE('',#10502,0.000405043635679138);
#465=CYLINDRICAL_SURFACE('',#10503,0.000405043635679138);
#466=CYLINDRICAL_SURFACE('',#10504,0.0797558363727142);
#467=CYLINDRICAL_SURFACE('',#10505,0.2346324999886);
#468=CYLINDRICAL_SURFACE('',#10506,0.0797558363733136);
#469=CYLINDRICAL_SURFACE('',#10507,0.000405043635679138);
#470=CYLINDRICAL_SURFACE('',#10508,0.000405043635679138);
#471=CYLINDRICAL_SURFACE('',#10509,0.0797558363717618);
#472=CYLINDRICAL_SURFACE('',#10510,0.2346324999886);
#473=CYLINDRICAL_SURFACE('',#10511,0.0797558363733678);
#474=CYLINDRICAL_SURFACE('',#10512,0.000405043635679138);
#475=CYLINDRICAL_SURFACE('',#10513,0.000405043635679138);
#476=CYLINDRICAL_SURFACE('',#10514,0.0797558363738971);
#477=CYLINDRICAL_SURFACE('',#10515,0.2346324999886);
#478=CYLINDRICAL_SURFACE('',#10516,0.0797558354627787);
#479=CYLINDRICAL_SURFACE('',#10517,0.000405043635679138);
#480=CYLINDRICAL_SURFACE('',#10518,0.000405043635679138);
#481=CYLINDRICAL_SURFACE('',#10519,0.0797558363730302);
#482=CYLINDRICAL_SURFACE('',#10520,0.2346324999886);
#483=CYLINDRICAL_SURFACE('',#10521,0.0797558363742115);
#484=CYLINDRICAL_SURFACE('',#10522,0.000405043635679138);
#485=CYLINDRICAL_SURFACE('',#10523,0.000405043635679138);
#486=CYLINDRICAL_SURFACE('',#10524,0.0797558363727878);
#487=CYLINDRICAL_SURFACE('',#10525,0.2346324999886);
#488=CYLINDRICAL_SURFACE('',#10526,0.0797558363699186);
#489=CYLINDRICAL_SURFACE('',#10527,0.000405043635679138);
#490=CYLINDRICAL_SURFACE('',#10528,0.000405043635679138);
#491=CYLINDRICAL_SURFACE('',#10529,0.0797558363705126);
#492=CYLINDRICAL_SURFACE('',#10530,0.2346324999886);
#493=CYLINDRICAL_SURFACE('',#10531,0.079755836372399);
#494=CYLINDRICAL_SURFACE('',#10532,0.000405043635679138);
#495=CYLINDRICAL_SURFACE('',#10533,0.000405043635679138);
#496=CYLINDRICAL_SURFACE('',#10534,0.0797558363703859);
#497=CYLINDRICAL_SURFACE('',#10535,0.2346324999886);
#498=CYLINDRICAL_SURFACE('',#10536,0.0797558363719099);
#499=CYLINDRICAL_SURFACE('',#10537,0.000405043635679138);
#500=CYLINDRICAL_SURFACE('',#10538,0.000405043635679138);
#501=CYLINDRICAL_SURFACE('',#10539,0.07975583637135);
#502=CYLINDRICAL_SURFACE('',#10540,0.2346324999886);
#503=CYLINDRICAL_SURFACE('',#10541,0.0797558363738934);
#504=CYLINDRICAL_SURFACE('',#10542,0.000405043635679138);
#505=CYLINDRICAL_SURFACE('',#10543,0.000405043635679138);
#506=CYLINDRICAL_SURFACE('',#10544,0.0797558363729069);
#507=CYLINDRICAL_SURFACE('',#10545,0.2346324999886);
#508=CYLINDRICAL_SURFACE('',#10546,0.079755836369337);
#509=CYLINDRICAL_SURFACE('',#10547,0.000405043635679138);
#510=CYLINDRICAL_SURFACE('',#10548,0.000405043635679138);
#511=CYLINDRICAL_SURFACE('',#10549,0.0797558363745264);
#512=CYLINDRICAL_SURFACE('',#10550,0.2346324999886);
#513=CYLINDRICAL_SURFACE('',#10551,0.0797558363717377);
#514=CYLINDRICAL_SURFACE('',#10552,0.000405043635679138);
#515=CYLINDRICAL_SURFACE('',#10553,0.000405043635679138);
#516=CYLINDRICAL_SURFACE('',#10554,0.0797558363723085);
#517=CYLINDRICAL_SURFACE('',#10555,0.2346324999886);
#518=CYLINDRICAL_SURFACE('',#10556,0.0797558363702429);
#519=CYLINDRICAL_SURFACE('',#10557,0.000405043635679138);
#520=CYLINDRICAL_SURFACE('',#10558,0.000405043635679138);
#521=CYLINDRICAL_SURFACE('',#10559,0.0797558363731594);
#522=CYLINDRICAL_SURFACE('',#10560,0.2346324999886);
#523=CYLINDRICAL_SURFACE('',#10561,0.0797558363723628);
#524=CYLINDRICAL_SURFACE('',#10562,0.000405043635679138);
#525=CYLINDRICAL_SURFACE('',#10563,0.000405043635679138);
#526=CYLINDRICAL_SURFACE('',#10564,0.221742);
#527=CYLINDRICAL_SURFACE('',#10568,0.00254);
#528=CYLINDRICAL_SURFACE('',#10570,0.00254);
#529=CYLINDRICAL_SURFACE('',#10572,0.00254);
#530=CYLINDRICAL_SURFACE('',#10574,0.00254);
#531=CYLINDRICAL_SURFACE('',#10576,0.231648);
#532=CYLINDRICAL_SURFACE('',#10577,0.231648);
#533=CYLINDRICAL_SURFACE('',#10585,0.00508);
#534=CYLINDRICAL_SURFACE('',#10586,0.00508);
#535=CYLINDRICAL_SURFACE('',#10587,0.00508);
#536=CYLINDRICAL_SURFACE('',#10588,0.00508);
#537=CYLINDRICAL_SURFACE('',#10589,0.00508);
#538=CYLINDRICAL_SURFACE('',#10590,0.00508);
#539=CYLINDRICAL_SURFACE('',#10591,0.009525);
#540=CYLINDRICAL_SURFACE('',#10738,0.0254);
#541=CYLINDRICAL_SURFACE('',#10740,0.0285473364897435);
#542=CYLINDRICAL_SURFACE('',#10741,0.00889);
#543=CYLINDRICAL_SURFACE('',#10742,0.0463273364897436);
#544=CYLINDRICAL_SURFACE('',#10744,0.23622);
#545=CYLINDRICAL_SURFACE('',#10745,0.0079375000000003);
#546=CYLINDRICAL_SURFACE('',#10746,0.007112);
#547=CYLINDRICAL_SURFACE('',#10747,0.00254);
#548=CYLINDRICAL_SURFACE('',#10748,0.00254);
#549=CYLINDRICAL_SURFACE('',#10749,0.00254);
#550=CYLINDRICAL_SURFACE('',#10750,0.00254);
#551=CYLINDRICAL_SURFACE('',#10751,0.00254);
#552=CYLINDRICAL_SURFACE('',#10752,0.0165129464);
#553=CYLINDRICAL_SURFACE('',#10753,0.0165129464);
#554=CYLINDRICAL_SURFACE('',#10754,0.0165129464);
#555=CYLINDRICAL_SURFACE('',#10755,0.003175);
#556=CYLINDRICAL_SURFACE('',#10756,0.003175);
#557=CYLINDRICAL_SURFACE('',#10757,0.003175);
#558=CYLINDRICAL_SURFACE('',#10758,0.003175);
#559=CYLINDRICAL_SURFACE('',#10759,0.013462);
#560=CYLINDRICAL_SURFACE('',#10760,0.0221973364897435);
#561=CYLINDRICAL_SURFACE('',#10763,0.003429);
#562=CYLINDRICAL_SURFACE('',#10764,0.003429);
#563=CYLINDRICAL_SURFACE('',#10765,0.003429);
#564=CYLINDRICAL_SURFACE('',#10766,0.003429);
#565=CYLINDRICAL_SURFACE('',#10771,0.003429);
#566=CYLINDRICAL_SURFACE('',#10772,0.003429);
#567=CYLINDRICAL_SURFACE('',#10773,0.003429);
#568=CYLINDRICAL_SURFACE('',#10774,0.003429);
#569=CYLINDRICAL_SURFACE('',#10776,0.0101629464);
#570=CYLINDRICAL_SURFACE('',#10779,0.003429);
#571=CYLINDRICAL_SURFACE('',#10780,0.003429);
#572=CYLINDRICAL_SURFACE('',#10781,0.003429);
#573=CYLINDRICAL_SURFACE('',#10785,0.003429);
#574=CYLINDRICAL_SURFACE('',#10786,0.003429);
#575=CYLINDRICAL_SURFACE('',#10787,0.003429);
#576=CYLINDRICAL_SURFACE('',#10788,0.013462);
#577=CYLINDRICAL_SURFACE('',#10791,0.003429);
#578=CYLINDRICAL_SURFACE('',#10792,0.003429);
#579=CYLINDRICAL_SURFACE('',#10793,0.003429);
#580=CYLINDRICAL_SURFACE('',#10794,0.00889);
#581=CYLINDRICAL_SURFACE('',#10795,0.00889);
#582=CYLINDRICAL_SURFACE('',#10796,0.00889);
#583=CYLINDRICAL_SURFACE('',#10799,0.003429);
#584=CYLINDRICAL_SURFACE('',#10800,0.003429);
#585=CYLINDRICAL_SURFACE('',#10801,0.003429);
#586=CYLINDRICAL_SURFACE('',#10802,0.003429);
#587=CYLINDRICAL_SURFACE('',#10803,0.003429);
#588=CYLINDRICAL_SURFACE('',#10804,0.01524);
#589=CYLINDRICAL_SURFACE('',#10809,0.003429);
#590=CYLINDRICAL_SURFACE('',#10810,0.003429);
#591=CYLINDRICAL_SURFACE('',#10811,0.003429);
#592=CYLINDRICAL_SURFACE('',#10812,0.003429);
#593=CYLINDRICAL_SURFACE('',#10813,0.003429);
#594=CYLINDRICAL_SURFACE('',#10815,0.0228629464);
#595=CYLINDRICAL_SURFACE('',#10819,0.003429);
#596=CYLINDRICAL_SURFACE('',#10820,0.003429);
#597=CYLINDRICAL_SURFACE('',#10821,0.003429);
#598=CYLINDRICAL_SURFACE('',#10822,0.003429);
#599=CYLINDRICAL_SURFACE('',#10823,0.01524);
#600=CYLINDRICAL_SURFACE('',#10824,0.013462);
#601=CYLINDRICAL_SURFACE('',#10829,0.003429);
#602=CYLINDRICAL_SURFACE('',#10830,0.003429);
#603=CYLINDRICAL_SURFACE('',#10831,0.003429);
#604=CYLINDRICAL_SURFACE('',#10832,0.003429);
#605=CYLINDRICAL_SURFACE('',#10833,0.003429);
#606=CYLINDRICAL_SURFACE('',#10834,0.003429);
#607=CYLINDRICAL_SURFACE('',#10838,0.003429);
#608=CYLINDRICAL_SURFACE('',#10839,0.003429);
#609=CYLINDRICAL_SURFACE('',#10840,0.003429);
#610=LINE('',#14834,#1047);
#611=LINE('',#14853,#1048);
#612=LINE('',#15577,#1049);
#613=LINE('',#15581,#1050);
#614=LINE('',#15608,#1051);
#615=LINE('',#15612,#1052);
#616=LINE('',#15620,#1053);
#617=LINE('',#15635,#1054);
#618=LINE('',#15641,#1055);
#619=LINE('',#15642,#1056);
#620=LINE('',#15644,#1057);
#621=LINE('',#15645,#1058);
#622=LINE('',#15647,#1059);
#623=LINE('',#15648,#1060);
#624=LINE('',#15650,#1061);
#625=LINE('',#15651,#1062);
#626=LINE('',#15653,#1063);
#627=LINE('',#15654,#1064);
#628=LINE('',#15656,#1065);
#629=LINE('',#15657,#1066);
#630=LINE('',#15659,#1067);
#631=LINE('',#15660,#1068);
#632=LINE('',#15662,#1069);
#633=LINE('',#15663,#1070);
#634=LINE('',#15665,#1071);
#635=LINE('',#15666,#1072);
#636=LINE('',#15668,#1073);
#637=LINE('',#15669,#1074);
#638=LINE('',#15671,#1075);
#639=LINE('',#15672,#1076);
#640=LINE('',#15674,#1077);
#641=LINE('',#15675,#1078);
#642=LINE('',#15677,#1079);
#643=LINE('',#15678,#1080);
#644=LINE('',#15680,#1081);
#645=LINE('',#15681,#1082);
#646=LINE('',#15683,#1083);
#647=LINE('',#15684,#1084);
#648=LINE('',#15686,#1085);
#649=LINE('',#15687,#1086);
#650=LINE('',#15689,#1087);
#651=LINE('',#15690,#1088);
#652=LINE('',#15692,#1089);
#653=LINE('',#15693,#1090);
#654=LINE('',#15695,#1091);
#655=LINE('',#15696,#1092);
#656=LINE('',#15698,#1093);
#657=LINE('',#15699,#1094);
#658=LINE('',#15701,#1095);
#659=LINE('',#15702,#1096);
#660=LINE('',#15704,#1097);
#661=LINE('',#15705,#1098);
#662=LINE('',#15707,#1099);
#663=LINE('',#15708,#1100);
#664=LINE('',#15710,#1101);
#665=LINE('',#15711,#1102);
#666=LINE('',#15713,#1103);
#667=LINE('',#15714,#1104);
#668=LINE('',#15716,#1105);
#669=LINE('',#15717,#1106);
#670=LINE('',#15719,#1107);
#671=LINE('',#15720,#1108);
#672=LINE('',#15722,#1109);
#673=LINE('',#15723,#1110);
#674=LINE('',#15725,#1111);
#675=LINE('',#15726,#1112);
#676=LINE('',#15728,#1113);
#677=LINE('',#15729,#1114);
#678=LINE('',#15731,#1115);
#679=LINE('',#15732,#1116);
#680=LINE('',#15734,#1117);
#681=LINE('',#15735,#1118);
#682=LINE('',#15737,#1119);
#683=LINE('',#15738,#1120);
#684=LINE('',#15740,#1121);
#685=LINE('',#15741,#1122);
#686=LINE('',#15743,#1123);
#687=LINE('',#15744,#1124);
#688=LINE('',#15746,#1125);
#689=LINE('',#15747,#1126);
#690=LINE('',#15749,#1127);
#691=LINE('',#15750,#1128);
#692=LINE('',#15752,#1129);
#693=LINE('',#15753,#1130);
#694=LINE('',#15755,#1131);
#695=LINE('',#15756,#1132);
#696=LINE('',#15758,#1133);
#697=LINE('',#15759,#1134);
#698=LINE('',#15761,#1135);
#699=LINE('',#15762,#1136);
#700=LINE('',#15764,#1137);
#701=LINE('',#15766,#1138);
#702=LINE('',#15767,#1139);
#703=LINE('',#15769,#1140);
#704=LINE('',#15770,#1141);
#705=LINE('',#15772,#1142);
#706=LINE('',#15773,#1143);
#707=LINE('',#15775,#1144);
#708=LINE('',#15776,#1145);
#709=LINE('',#15778,#1146);
#710=LINE('',#15779,#1147);
#711=LINE('',#15781,#1148);
#712=LINE('',#15782,#1149);
#713=LINE('',#15784,#1150);
#714=LINE('',#15785,#1151);
#715=LINE('',#15787,#1152);
#716=LINE('',#15788,#1153);
#717=LINE('',#15790,#1154);
#718=LINE('',#15791,#1155);
#719=LINE('',#15793,#1156);
#720=LINE('',#15794,#1157);
#721=LINE('',#15796,#1158);
#722=LINE('',#15797,#1159);
#723=LINE('',#15799,#1160);
#724=LINE('',#15800,#1161);
#725=LINE('',#15802,#1162);
#726=LINE('',#15803,#1163);
#727=LINE('',#15805,#1164);
#728=LINE('',#15806,#1165);
#729=LINE('',#15808,#1166);
#730=LINE('',#15809,#1167);
#731=LINE('',#15811,#1168);
#732=LINE('',#15812,#1169);
#733=LINE('',#15814,#1170);
#734=LINE('',#15815,#1171);
#735=LINE('',#15817,#1172);
#736=LINE('',#15818,#1173);
#737=LINE('',#15820,#1174);
#738=LINE('',#15821,#1175);
#739=LINE('',#15823,#1176);
#740=LINE('',#15824,#1177);
#741=LINE('',#15826,#1178);
#742=LINE('',#15832,#1179);
#743=LINE('',#15839,#1180);
#744=LINE('',#15840,#1181);
#745=LINE('',#15854,#1182);
#746=LINE('',#15855,#1183);
#747=LINE('',#15869,#1184);
#748=LINE('',#15870,#1185);
#749=LINE('',#15884,#1186);
#750=LINE('',#15885,#1187);
#751=LINE('',#15899,#1188);
#752=LINE('',#15900,#1189);
#753=LINE('',#15914,#1190);
#754=LINE('',#15915,#1191);
#755=LINE('',#15929,#1192);
#756=LINE('',#15930,#1193);
#757=LINE('',#15944,#1194);
#758=LINE('',#15945,#1195);
#759=LINE('',#15959,#1196);
#760=LINE('',#15960,#1197);
#761=LINE('',#15974,#1198);
#762=LINE('',#15975,#1199);
#763=LINE('',#15989,#1200);
#764=LINE('',#15990,#1201);
#765=LINE('',#16004,#1202);
#766=LINE('',#16005,#1203);
#767=LINE('',#16019,#1204);
#768=LINE('',#16020,#1205);
#769=LINE('',#16034,#1206);
#770=LINE('',#16035,#1207);
#771=LINE('',#16049,#1208);
#772=LINE('',#16050,#1209);
#773=LINE('',#16064,#1210);
#774=LINE('',#16065,#1211);
#775=LINE('',#16079,#1212);
#776=LINE('',#16080,#1213);
#777=LINE('',#16094,#1214);
#778=LINE('',#16095,#1215);
#779=LINE('',#16109,#1216);
#780=LINE('',#16110,#1217);
#781=LINE('',#16124,#1218);
#782=LINE('',#16125,#1219);
#783=LINE('',#16139,#1220);
#784=LINE('',#16140,#1221);
#785=LINE('',#16154,#1222);
#786=LINE('',#16155,#1223);
#787=LINE('',#16169,#1224);
#788=LINE('',#16170,#1225);
#789=LINE('',#16184,#1226);
#790=LINE('',#16185,#1227);
#791=LINE('',#16199,#1228);
#792=LINE('',#16200,#1229);
#793=LINE('',#16214,#1230);
#794=LINE('',#16215,#1231);
#795=LINE('',#16229,#1232);
#796=LINE('',#16230,#1233);
#797=LINE('',#16244,#1234);
#798=LINE('',#16245,#1235);
#799=LINE('',#16259,#1236);
#800=LINE('',#16260,#1237);
#801=LINE('',#16274,#1238);
#802=LINE('',#16275,#1239);
#803=LINE('',#16289,#1240);
#804=LINE('',#16290,#1241);
#805=LINE('',#16304,#1242);
#806=LINE('',#16305,#1243);
#807=LINE('',#16319,#1244);
#808=LINE('',#16320,#1245);
#809=LINE('',#16334,#1246);
#810=LINE('',#16335,#1247);
#811=LINE('',#16349,#1248);
#812=LINE('',#16350,#1249);
#813=LINE('',#16364,#1250);
#814=LINE('',#16365,#1251);
#815=LINE('',#16379,#1252);
#816=LINE('',#16380,#1253);
#817=LINE('',#16394,#1254);
#818=LINE('',#16395,#1255);
#819=LINE('',#16409,#1256);
#820=LINE('',#16410,#1257);
#821=LINE('',#16424,#1258);
#822=LINE('',#16425,#1259);
#823=LINE('',#16439,#1260);
#824=LINE('',#16440,#1261);
#825=LINE('',#16454,#1262);
#826=LINE('',#16455,#1263);
#827=LINE('',#16469,#1264);
#828=LINE('',#16470,#1265);
#829=LINE('',#16484,#1266);
#830=LINE('',#16485,#1267);
#831=LINE('',#16499,#1268);
#832=LINE('',#16500,#1269);
#833=LINE('',#16514,#1270);
#834=LINE('',#16515,#1271);
#835=LINE('',#16529,#1272);
#836=LINE('',#16530,#1273);
#837=LINE('',#16544,#1274);
#838=LINE('',#16545,#1275);
#839=LINE('',#16559,#1276);
#840=LINE('',#16560,#1277);
#841=LINE('',#16574,#1278);
#842=LINE('',#16575,#1279);
#843=LINE('',#16589,#1280);
#844=LINE('',#16590,#1281);
#845=LINE('',#16604,#1282);
#846=LINE('',#16605,#1283);
#847=LINE('',#16619,#1284);
#848=LINE('',#16620,#1285);
#849=LINE('',#16634,#1286);
#850=LINE('',#16635,#1287);
#851=LINE('',#16649,#1288);
#852=LINE('',#16650,#1289);
#853=LINE('',#16664,#1290);
#854=LINE('',#16665,#1291);
#855=LINE('',#16679,#1292);
#856=LINE('',#16680,#1293);
#857=LINE('',#16694,#1294);
#858=LINE('',#16695,#1295);
#859=LINE('',#16709,#1296);
#860=LINE('',#16710,#1297);
#861=LINE('',#16724,#1298);
#862=LINE('',#16725,#1299);
#863=LINE('',#16734,#1300);
#864=LINE('',#16738,#1301);
#865=LINE('',#16740,#1302);
#866=LINE('',#16742,#1303);
#867=LINE('',#16756,#1304);
#868=LINE('',#16757,#1305);
#869=LINE('',#16762,#1306);
#870=LINE('',#16763,#1307);
#871=LINE('',#16773,#1308);
#872=LINE('',#16774,#1309);
#873=LINE('',#16776,#1310);
#874=LINE('',#16777,#1311);
#875=LINE('',#16788,#1312);
#876=LINE('',#16792,#1313);
#877=LINE('',#16796,#1314);
#878=LINE('',#16800,#1315);
#879=LINE('',#16804,#1316);
#880=LINE('',#16808,#1317);
#881=LINE('',#16812,#1318);
#882=LINE('',#16816,#1319);
#883=LINE('',#16822,#1320);
#884=LINE('',#16826,#1321);
#885=LINE('',#16830,#1322);
#886=LINE('',#16834,#1323);
#887=LINE('',#16838,#1324);
#888=LINE('',#16842,#1325);
#889=LINE('',#16850,#1326);
#890=LINE('',#16855,#1327);
#891=LINE('',#16868,#1328);
#892=LINE('',#16872,#1329);
#893=LINE('',#16876,#1330);
#894=LINE('',#16880,#1331);
#895=LINE('',#16906,#1332);
#896=LINE('',#16910,#1333);
#897=LINE('',#16922,#1334);
#898=LINE('',#16926,#1335);
#899=LINE('',#16938,#1336);
#900=LINE('',#16946,#1337);
#901=LINE('',#16950,#1338);
#902=LINE('',#16954,#1339);
#903=LINE('',#16958,#1340);
#904=LINE('',#16962,#1341);
#905=LINE('',#16968,#1342);
#906=LINE('',#16972,#1343);
#907=LINE('',#16976,#1344);
#908=LINE('',#16980,#1345);
#909=LINE('',#16988,#1346);
#910=LINE('',#16996,#1347);
#911=LINE('',#16998,#1348);
#912=LINE('',#17003,#1349);
#913=LINE('',#17007,#1350);
#914=LINE('',#17015,#1351);
#915=LINE('',#17018,#1352);
#916=LINE('',#17027,#1353);
#917=LINE('',#17030,#1354);
#918=LINE('',#17035,#1355);
#919=LINE('',#17041,#1356);
#920=LINE('',#17044,#1357);
#921=LINE('',#17049,#1358);
#922=LINE('',#17053,#1359);
#923=LINE('',#17057,#1360);
#924=LINE('',#17065,#1361);
#925=LINE('',#17073,#1362);
#926=LINE('',#17081,#1363);
#927=LINE('',#17093,#1364);
#928=LINE('',#17097,#1365);
#929=LINE('',#17101,#1366);
#930=LINE('',#17105,#1367);
#931=LINE('',#17124,#1368);
#932=LINE('',#17129,#1369);
#933=LINE('',#17133,#1370);
#934=LINE('',#17136,#1371);
#935=LINE('',#17153,#1372);
#936=LINE('',#17156,#1373);
#937=LINE('',#17161,#1374);
#938=LINE('',#17165,#1375);
#939=LINE('',#17171,#1376);
#940=LINE('',#17179,#1377);
#941=LINE('',#17183,#1378);
#942=LINE('',#17187,#1379);
#943=LINE('',#17195,#1380);
#944=LINE('',#17198,#1381);
#945=LINE('',#17203,#1382);
#946=LINE('',#17207,#1383);
#947=LINE('',#17211,#1384);
#948=LINE('',#17212,#1385);
#949=LINE('',#17214,#1386);
#950=LINE('',#17215,#1387);
#951=LINE('',#17217,#1388);
#952=LINE('',#17218,#1389);
#953=LINE('',#17220,#1390);
#954=LINE('',#17222,#1391);
#955=LINE('',#17224,#1392);
#956=LINE('',#17225,#1393);
#957=LINE('',#17227,#1394);
#958=LINE('',#17229,#1395);
#959=LINE('',#17231,#1396);
#960=LINE('',#17232,#1397);
#961=LINE('',#17234,#1398);
#962=LINE('',#17235,#1399);
#963=LINE('',#17237,#1400);
#964=LINE('',#17238,#1401);
#965=LINE('',#17253,#1402);
#966=LINE('',#17254,#1403);
#967=LINE('',#17256,#1404);
#968=LINE('',#17257,#1405);
#969=LINE('',#17259,#1406);
#970=LINE('',#17260,#1407);
#971=LINE('',#17262,#1408);
#972=LINE('',#17263,#1409);
#973=LINE('',#17269,#1410);
#974=LINE('',#17270,#1411);
#975=LINE('',#17272,#1412);
#976=LINE('',#17273,#1413);
#977=LINE('',#17275,#1414);
#978=LINE('',#17276,#1415);
#979=LINE('',#17278,#1416);
#980=LINE('',#17279,#1417);
#981=LINE('',#17285,#1418);
#982=LINE('',#17286,#1419);
#983=LINE('',#17288,#1420);
#984=LINE('',#17290,#1421);
#985=LINE('',#17291,#1422);
#986=LINE('',#17293,#1423);
#987=LINE('',#17294,#1424);
#988=LINE('',#17299,#1425);
#989=LINE('',#17300,#1426);
#990=LINE('',#17302,#1427);
#991=LINE('',#17303,#1428);
#992=LINE('',#17305,#1429);
#993=LINE('',#17306,#1430);
#994=LINE('',#17311,#1431);
#995=LINE('',#17312,#1432);
#996=LINE('',#17314,#1433);
#997=LINE('',#17315,#1434);
#998=LINE('',#17317,#1435);
#999=LINE('',#17318,#1436);
#1000=LINE('',#17323,#1437);
#1001=LINE('',#17324,#1438);
#1002=LINE('',#17326,#1439);
#1003=LINE('',#17327,#1440);
#1004=LINE('',#17329,#1441);
#1005=LINE('',#17330,#1442);
#1006=LINE('',#17332,#1443);
#1007=LINE('',#17333,#1444);
#1008=LINE('',#17335,#1445);
#1009=LINE('',#17336,#1446);
#1010=LINE('',#17343,#1447);
#1011=LINE('',#17344,#1448);
#1012=LINE('',#17346,#1449);
#1013=LINE('',#17347,#1450);
#1014=LINE('',#17349,#1451);
#1015=LINE('',#17350,#1452);
#1016=LINE('',#17352,#1453);
#1017=LINE('',#17353,#1454);
#1018=LINE('',#17355,#1455);
#1019=LINE('',#17356,#1456);
#1020=LINE('',#17363,#1457);
#1021=LINE('',#17364,#1458);
#1022=LINE('',#17366,#1459);
#1023=LINE('',#17368,#1460);
#1024=LINE('',#17369,#1461);
#1025=LINE('',#17371,#1462);
#1026=LINE('',#17372,#1463);
#1027=LINE('',#17374,#1464);
#1028=LINE('',#17375,#1465);
#1029=LINE('',#17381,#1466);
#1030=LINE('',#17382,#1467);
#1031=LINE('',#17384,#1468);
#1032=LINE('',#17385,#1469);
#1033=LINE('',#17387,#1470);
#1034=LINE('',#17388,#1471);
#1035=LINE('',#17390,#1472);
#1036=LINE('',#17391,#1473);
#1037=LINE('',#17393,#1474);
#1038=LINE('',#17394,#1475);
#1039=LINE('',#17396,#1476);
#1040=LINE('',#17397,#1477);
#1041=LINE('',#17405,#1478);
#1042=LINE('',#17406,#1479);
#1043=LINE('',#17408,#1480);
#1044=LINE('',#17409,#1481);
#1045=LINE('',#17411,#1482);
#1046=LINE('',#17412,#1483);
#1047=VECTOR('',#11576,1.);
#1048=VECTOR('',#11595,1.);
#1049=VECTOR('',#12320,1.);
#1050=VECTOR('',#12323,1.);
#1051=VECTOR('',#12352,1.);
#1052=VECTOR('',#12355,1.);
#1053=VECTOR('',#12364,1.);
#1054=VECTOR('',#12379,1.);
#1055=VECTOR('',#12386,1.);
#1056=VECTOR('',#12387,1.);
#1057=VECTOR('',#12390,1.);
#1058=VECTOR('',#12391,1.);
#1059=VECTOR('',#12394,1.);
#1060=VECTOR('',#12395,1.);
#1061=VECTOR('',#12398,1.);
#1062=VECTOR('',#12399,1.);
#1063=VECTOR('',#12402,1.);
#1064=VECTOR('',#12403,1.);
#1065=VECTOR('',#12406,1.);
#1066=VECTOR('',#12407,1.);
#1067=VECTOR('',#12410,1.);
#1068=VECTOR('',#12411,1.);
#1069=VECTOR('',#12414,1.);
#1070=VECTOR('',#12415,1.);
#1071=VECTOR('',#12418,1.);
#1072=VECTOR('',#12419,1.);
#1073=VECTOR('',#12422,1.);
#1074=VECTOR('',#12423,1.);
#1075=VECTOR('',#12426,1.);
#1076=VECTOR('',#12427,1.);
#1077=VECTOR('',#12430,1.);
#1078=VECTOR('',#12431,1.);
#1079=VECTOR('',#12434,1.);
#1080=VECTOR('',#12435,1.);
#1081=VECTOR('',#12438,1.);
#1082=VECTOR('',#12439,1.);
#1083=VECTOR('',#12442,1.);
#1084=VECTOR('',#12443,1.);
#1085=VECTOR('',#12446,1.);
#1086=VECTOR('',#12447,1.);
#1087=VECTOR('',#12450,1.);
#1088=VECTOR('',#12451,1.);
#1089=VECTOR('',#12454,1.);
#1090=VECTOR('',#12455,1.);
#1091=VECTOR('',#12458,1.);
#1092=VECTOR('',#12459,1.);
#1093=VECTOR('',#12462,1.);
#1094=VECTOR('',#12463,1.);
#1095=VECTOR('',#12466,1.);
#1096=VECTOR('',#12467,1.);
#1097=VECTOR('',#12470,1.);
#1098=VECTOR('',#12471,1.);
#1099=VECTOR('',#12474,1.);
#1100=VECTOR('',#12475,1.);
#1101=VECTOR('',#12478,1.);
#1102=VECTOR('',#12479,1.);
#1103=VECTOR('',#12482,1.);
#1104=VECTOR('',#12483,1.);
#1105=VECTOR('',#12486,1.);
#1106=VECTOR('',#12487,1.);
#1107=VECTOR('',#12490,1.);
#1108=VECTOR('',#12491,1.);
#1109=VECTOR('',#12494,1.);
#1110=VECTOR('',#12495,1.);
#1111=VECTOR('',#12498,1.);
#1112=VECTOR('',#12499,1.);
#1113=VECTOR('',#12502,1.);
#1114=VECTOR('',#12503,1.);
#1115=VECTOR('',#12506,1.);
#1116=VECTOR('',#12507,1.);
#1117=VECTOR('',#12510,1.);
#1118=VECTOR('',#12511,1.);
#1119=VECTOR('',#12514,1.);
#1120=VECTOR('',#12515,1.);
#1121=VECTOR('',#12518,1.);
#1122=VECTOR('',#12519,1.);
#1123=VECTOR('',#12522,1.);
#1124=VECTOR('',#12523,1.);
#1125=VECTOR('',#12526,1.);
#1126=VECTOR('',#12527,1.);
#1127=VECTOR('',#12530,1.);
#1128=VECTOR('',#12531,1.);
#1129=VECTOR('',#12534,1.);
#1130=VECTOR('',#12535,1.);
#1131=VECTOR('',#12538,1.);
#1132=VECTOR('',#12539,1.);
#1133=VECTOR('',#12542,1.);
#1134=VECTOR('',#12543,1.);
#1135=VECTOR('',#12546,1.);
#1136=VECTOR('',#12547,1.);
#1137=VECTOR('',#12550,1.);
#1138=VECTOR('',#12553,1.);
#1139=VECTOR('',#12554,1.);
#1140=VECTOR('',#12557,1.);
#1141=VECTOR('',#12558,1.);
#1142=VECTOR('',#12561,1.);
#1143=VECTOR('',#12562,1.);
#1144=VECTOR('',#12565,1.);
#1145=VECTOR('',#12566,1.);
#1146=VECTOR('',#12569,1.);
#1147=VECTOR('',#12570,1.);
#1148=VECTOR('',#12573,1.);
#1149=VECTOR('',#12574,1.);
#1150=VECTOR('',#12577,1.);
#1151=VECTOR('',#12578,1.);
#1152=VECTOR('',#12581,1.);
#1153=VECTOR('',#12582,1.);
#1154=VECTOR('',#12585,1.);
#1155=VECTOR('',#12586,1.);
#1156=VECTOR('',#12589,1.);
#1157=VECTOR('',#12590,1.);
#1158=VECTOR('',#12593,1.);
#1159=VECTOR('',#12594,1.);
#1160=VECTOR('',#12597,1.);
#1161=VECTOR('',#12598,1.);
#1162=VECTOR('',#12601,1.);
#1163=VECTOR('',#12602,1.);
#1164=VECTOR('',#12605,1.);
#1165=VECTOR('',#12606,1.);
#1166=VECTOR('',#12609,1.);
#1167=VECTOR('',#12610,1.);
#1168=VECTOR('',#12613,1.);
#1169=VECTOR('',#12614,1.);
#1170=VECTOR('',#12617,1.);
#1171=VECTOR('',#12618,1.);
#1172=VECTOR('',#12621,1.);
#1173=VECTOR('',#12622,1.);
#1174=VECTOR('',#12625,1.);
#1175=VECTOR('',#12626,1.);
#1176=VECTOR('',#12629,1.);
#1177=VECTOR('',#12630,1.);
#1178=VECTOR('',#12633,1.);
#1179=VECTOR('',#12636,1.);
#1180=VECTOR('',#12641,1.);
#1181=VECTOR('',#12642,1.);
#1182=VECTOR('',#12653,1.);
#1183=VECTOR('',#12654,1.);
#1184=VECTOR('',#12665,1.);
#1185=VECTOR('',#12666,1.);
#1186=VECTOR('',#12677,1.);
#1187=VECTOR('',#12678,1.);
#1188=VECTOR('',#12689,1.);
#1189=VECTOR('',#12690,1.);
#1190=VECTOR('',#12701,1.);
#1191=VECTOR('',#12702,1.);
#1192=VECTOR('',#12713,1.);
#1193=VECTOR('',#12714,1.);
#1194=VECTOR('',#12725,1.);
#1195=VECTOR('',#12726,1.);
#1196=VECTOR('',#12737,1.);
#1197=VECTOR('',#12738,1.);
#1198=VECTOR('',#12749,1.);
#1199=VECTOR('',#12750,1.);
#1200=VECTOR('',#12761,1.);
#1201=VECTOR('',#12762,1.);
#1202=VECTOR('',#12773,1.);
#1203=VECTOR('',#12774,1.);
#1204=VECTOR('',#12785,1.);
#1205=VECTOR('',#12786,1.);
#1206=VECTOR('',#12797,1.);
#1207=VECTOR('',#12798,1.);
#1208=VECTOR('',#12809,1.);
#1209=VECTOR('',#12810,1.);
#1210=VECTOR('',#12821,1.);
#1211=VECTOR('',#12822,1.);
#1212=VECTOR('',#12833,1.);
#1213=VECTOR('',#12834,1.);
#1214=VECTOR('',#12845,1.);
#1215=VECTOR('',#12846,1.);
#1216=VECTOR('',#12857,1.);
#1217=VECTOR('',#12858,1.);
#1218=VECTOR('',#12869,1.);
#1219=VECTOR('',#12870,1.);
#1220=VECTOR('',#12881,1.);
#1221=VECTOR('',#12882,1.);
#1222=VECTOR('',#12893,1.);
#1223=VECTOR('',#12894,1.);
#1224=VECTOR('',#12905,1.);
#1225=VECTOR('',#12906,1.);
#1226=VECTOR('',#12917,1.);
#1227=VECTOR('',#12918,1.);
#1228=VECTOR('',#12929,1.);
#1229=VECTOR('',#12930,1.);
#1230=VECTOR('',#12941,1.);
#1231=VECTOR('',#12942,1.);
#1232=VECTOR('',#12953,1.);
#1233=VECTOR('',#12954,1.);
#1234=VECTOR('',#12965,1.);
#1235=VECTOR('',#12966,1.);
#1236=VECTOR('',#12977,1.);
#1237=VECTOR('',#12978,1.);
#1238=VECTOR('',#12989,1.);
#1239=VECTOR('',#12990,1.);
#1240=VECTOR('',#13001,1.);
#1241=VECTOR('',#13002,1.);
#1242=VECTOR('',#13013,1.);
#1243=VECTOR('',#13014,1.);
#1244=VECTOR('',#13025,1.);
#1245=VECTOR('',#13026,1.);
#1246=VECTOR('',#13037,1.);
#1247=VECTOR('',#13038,1.);
#1248=VECTOR('',#13049,1.);
#1249=VECTOR('',#13050,1.);
#1250=VECTOR('',#13061,1.);
#1251=VECTOR('',#13062,1.);
#1252=VECTOR('',#13073,1.);
#1253=VECTOR('',#13074,1.);
#1254=VECTOR('',#13085,1.);
#1255=VECTOR('',#13086,1.);
#1256=VECTOR('',#13097,1.);
#1257=VECTOR('',#13098,1.);
#1258=VECTOR('',#13109,1.);
#1259=VECTOR('',#13110,1.);
#1260=VECTOR('',#13121,1.);
#1261=VECTOR('',#13122,1.);
#1262=VECTOR('',#13133,1.);
#1263=VECTOR('',#13134,1.);
#1264=VECTOR('',#13145,1.);
#1265=VECTOR('',#13146,1.);
#1266=VECTOR('',#13157,1.);
#1267=VECTOR('',#13158,1.);
#1268=VECTOR('',#13169,1.);
#1269=VECTOR('',#13170,1.);
#1270=VECTOR('',#13181,1.);
#1271=VECTOR('',#13182,1.);
#1272=VECTOR('',#13193,1.);
#1273=VECTOR('',#13194,1.);
#1274=VECTOR('',#13205,1.);
#1275=VECTOR('',#13206,1.);
#1276=VECTOR('',#13217,1.);
#1277=VECTOR('',#13218,1.);
#1278=VECTOR('',#13229,1.);
#1279=VECTOR('',#13230,1.);
#1280=VECTOR('',#13241,1.);
#1281=VECTOR('',#13242,1.);
#1282=VECTOR('',#13253,1.);
#1283=VECTOR('',#13254,1.);
#1284=VECTOR('',#13265,1.);
#1285=VECTOR('',#13266,1.);
#1286=VECTOR('',#13277,1.);
#1287=VECTOR('',#13278,1.);
#1288=VECTOR('',#13289,1.);
#1289=VECTOR('',#13290,1.);
#1290=VECTOR('',#13301,1.);
#1291=VECTOR('',#13302,1.);
#1292=VECTOR('',#13313,1.);
#1293=VECTOR('',#13314,1.);
#1294=VECTOR('',#13325,1.);
#1295=VECTOR('',#13326,1.);
#1296=VECTOR('',#13337,1.);
#1297=VECTOR('',#13338,1.);
#1298=VECTOR('',#13349,1.);
#1299=VECTOR('',#13350,1.);
#1300=VECTOR('',#13359,1.);
#1301=VECTOR('',#13362,1.);
#1302=VECTOR('',#13365,1.);
#1303=VECTOR('',#13368,1.);
#1304=VECTOR('',#13387,1.);
#1305=VECTOR('',#13388,1.);
#1306=VECTOR('',#13393,1.);
#1307=VECTOR('',#13394,1.);
#1308=VECTOR('',#13409,1.);
#1309=VECTOR('',#13410,1.);
#1310=VECTOR('',#13413,1.);
#1311=VECTOR('',#13414,1.);
#1312=VECTOR('',#13431,1.);
#1313=VECTOR('',#13434,1.);
#1314=VECTOR('',#13437,1.);
#1315=VECTOR('',#13440,1.);
#1316=VECTOR('',#13443,1.);
#1317=VECTOR('',#13446,1.);
#1318=VECTOR('',#13449,1.);
#1319=VECTOR('',#13452,1.);
#1320=VECTOR('',#13457,1.);
#1321=VECTOR('',#13460,1.);
#1322=VECTOR('',#13463,1.);
#1323=VECTOR('',#13466,1.);
#1324=VECTOR('',#13469,1.);
#1325=VECTOR('',#13472,1.);
#1326=VECTOR('',#13479,1.);
#1327=VECTOR('',#13484,1.);
#1328=VECTOR('',#13495,1.);
#1329=VECTOR('',#13498,1.);
#1330=VECTOR('',#13501,1.);
#1331=VECTOR('',#13504,1.);
#1332=VECTOR('',#13529,1.);
#1333=VECTOR('',#13532,1.);
#1334=VECTOR('',#13543,1.);
#1335=VECTOR('',#13546,1.);
#1336=VECTOR('',#13557,1.);
#1337=VECTOR('',#13564,1.);
#1338=VECTOR('',#13567,1.);
#1339=VECTOR('',#13570,1.);
#1340=VECTOR('',#13573,1.);
#1341=VECTOR('',#13576,1.);
#1342=VECTOR('',#13581,1.);
#1343=VECTOR('',#13584,1.);
#1344=VECTOR('',#13587,1.);
#1345=VECTOR('',#13590,1.);
#1346=VECTOR('',#13597,1.);
#1347=VECTOR('',#13604,1.);
#1348=VECTOR('',#13607,1.);
#1349=VECTOR('',#13610,1.);
#1350=VECTOR('',#13613,1.);
#1351=VECTOR('',#13620,1.);
#1352=VECTOR('',#13623,1.);
#1353=VECTOR('',#13630,1.);
#1354=VECTOR('',#13633,1.);
#1355=VECTOR('',#13636,1.);
#1356=VECTOR('',#13641,1.);
#1357=VECTOR('',#13644,1.);
#1358=VECTOR('',#13647,1.);
#1359=VECTOR('',#13650,1.);
#1360=VECTOR('',#13653,1.);
#1361=VECTOR('',#13660,1.);
#1362=VECTOR('',#13667,1.);
#1363=VECTOR('',#13674,1.);
#1364=VECTOR('',#13685,1.);
#1365=VECTOR('',#13688,1.);
#1366=VECTOR('',#13691,1.);
#1367=VECTOR('',#13694,1.);
#1368=VECTOR('',#13713,1.);
#1369=VECTOR('',#13716,1.);
#1370=VECTOR('',#13719,1.);
#1371=VECTOR('',#13722,1.);
#1372=VECTOR('',#13737,1.);
#1373=VECTOR('',#13740,1.);
#1374=VECTOR('',#13743,1.);
#1375=VECTOR('',#13746,1.);
#1376=VECTOR('',#13751,1.);
#1377=VECTOR('',#13758,1.);
#1378=VECTOR('',#13761,1.);
#1379=VECTOR('',#13764,1.);
#1380=VECTOR('',#13771,1.);
#1381=VECTOR('',#13774,1.);
#1382=VECTOR('',#13777,1.);
#1383=VECTOR('',#13780,1.);
#1384=VECTOR('',#13785,1.);
#1385=VECTOR('',#13786,1.);
#1386=VECTOR('',#13789,1.);
#1387=VECTOR('',#13790,1.);
#1388=VECTOR('',#13793,1.);
#1389=VECTOR('',#13794,1.);
#1390=VECTOR('',#13797,1.);
#1391=VECTOR('',#13800,1.);
#1392=VECTOR('',#13803,1.);
#1393=VECTOR('',#13804,1.);
#1394=VECTOR('',#13807,1.);
#1395=VECTOR('',#13810,1.);
#1396=VECTOR('',#13813,1.);
#1397=VECTOR('',#13814,1.);
#1398=VECTOR('',#13817,1.);
#1399=VECTOR('',#13818,1.);
#1400=VECTOR('',#13821,1.);
#1401=VECTOR('',#13822,1.);
#1402=VECTOR('',#13851,1.);
#1403=VECTOR('',#13852,1.);
#1404=VECTOR('',#13855,1.);
#1405=VECTOR('',#13856,1.);
#1406=VECTOR('',#13859,1.);
#1407=VECTOR('',#13860,1.);
#1408=VECTOR('',#13863,1.);
#1409=VECTOR('',#13864,1.);
#1410=VECTOR('',#13875,1.);
#1411=VECTOR('',#13876,1.);
#1412=VECTOR('',#13879,1.);
#1413=VECTOR('',#13880,1.);
#1414=VECTOR('',#13883,1.);
#1415=VECTOR('',#13884,1.);
#1416=VECTOR('',#13887,1.);
#1417=VECTOR('',#13888,1.);
#1418=VECTOR('',#13899,1.);
#1419=VECTOR('',#13900,1.);
#1420=VECTOR('',#13903,1.);
#1421=VECTOR('',#13906,1.);
#1422=VECTOR('',#13907,1.);
#1423=VECTOR('',#13910,1.);
#1424=VECTOR('',#13911,1.);
#1425=VECTOR('',#13920,1.);
#1426=VECTOR('',#13921,1.);
#1427=VECTOR('',#13924,1.);
#1428=VECTOR('',#13925,1.);
#1429=VECTOR('',#13928,1.);
#1430=VECTOR('',#13929,1.);
#1431=VECTOR('',#13938,1.);
#1432=VECTOR('',#13939,1.);
#1433=VECTOR('',#13942,1.);
#1434=VECTOR('',#13943,1.);
#1435=VECTOR('',#13946,1.);
#1436=VECTOR('',#13947,1.);
#1437=VECTOR('',#13956,1.);
#1438=VECTOR('',#13957,1.);
#1439=VECTOR('',#13960,1.);
#1440=VECTOR('',#13961,1.);
#1441=VECTOR('',#13964,1.);
#1442=VECTOR('',#13965,1.);
#1443=VECTOR('',#13968,1.);
#1444=VECTOR('',#13969,1.);
#1445=VECTOR('',#13972,1.);
#1446=VECTOR('',#13973,1.);
#1447=VECTOR('',#13986,1.);
#1448=VECTOR('',#13987,1.);
#1449=VECTOR('',#13990,1.);
#1450=VECTOR('',#13991,1.);
#1451=VECTOR('',#13994,1.);
#1452=VECTOR('',#13995,1.);
#1453=VECTOR('',#13998,1.);
#1454=VECTOR('',#13999,1.);
#1455=VECTOR('',#14002,1.);
#1456=VECTOR('',#14003,1.);
#1457=VECTOR('',#14016,1.);
#1458=VECTOR('',#14017,1.);
#1459=VECTOR('',#14020,1.);
#1460=VECTOR('',#14023,1.);
#1461=VECTOR('',#14024,1.);
#1462=VECTOR('',#14027,1.);
#1463=VECTOR('',#14028,1.);
#1464=VECTOR('',#14031,1.);
#1465=VECTOR('',#14032,1.);
#1466=VECTOR('',#14043,1.);
#1467=VECTOR('',#14044,1.);
#1468=VECTOR('',#14047,1.);
#1469=VECTOR('',#14048,1.);
#1470=VECTOR('',#14051,1.);
#1471=VECTOR('',#14052,1.);
#1472=VECTOR('',#14055,1.);
#1473=VECTOR('',#14056,1.);
#1474=VECTOR('',#14059,1.);
#1475=VECTOR('',#14060,1.);
#1476=VECTOR('',#14063,1.);
#1477=VECTOR('',#14064,1.);
#1478=VECTOR('',#14079,1.);
#1479=VECTOR('',#14080,1.);
#1480=VECTOR('',#14083,1.);
#1481=VECTOR('',#14084,1.);
#1482=VECTOR('',#14087,1.);
#1483=VECTOR('',#14088,1.);
#1484=ORIENTED_EDGE('',*,*,#4416,.F.);
#1485=ORIENTED_EDGE('',*,*,#4417,.T.);
#1486=ORIENTED_EDGE('',*,*,#4418,.F.);
#1487=ORIENTED_EDGE('',*,*,#4419,.F.);
#1488=ORIENTED_EDGE('',*,*,#4420,.T.);
#1489=ORIENTED_EDGE('',*,*,#4421,.F.);
#1490=ORIENTED_EDGE('',*,*,#4422,.T.);
#1491=ORIENTED_EDGE('',*,*,#4423,.T.);
#1492=ORIENTED_EDGE('',*,*,#4424,.F.);
#1493=ORIENTED_EDGE('',*,*,#4425,.F.);
#1494=ORIENTED_EDGE('',*,*,#4426,.T.);
#1495=ORIENTED_EDGE('',*,*,#4427,.F.);
#1496=ORIENTED_EDGE('',*,*,#4428,.T.);
#1497=ORIENTED_EDGE('',*,*,#4429,.T.);
#1498=ORIENTED_EDGE('',*,*,#4430,.F.);
#1499=ORIENTED_EDGE('',*,*,#4431,.F.);
#1500=ORIENTED_EDGE('',*,*,#4432,.T.);
#1501=ORIENTED_EDGE('',*,*,#4433,.F.);
#1502=ORIENTED_EDGE('',*,*,#4434,.T.);
#1503=ORIENTED_EDGE('',*,*,#4435,.T.);
#1504=ORIENTED_EDGE('',*,*,#4436,.F.);
#1505=ORIENTED_EDGE('',*,*,#4437,.F.);
#1506=ORIENTED_EDGE('',*,*,#4438,.T.);
#1507=ORIENTED_EDGE('',*,*,#4439,.F.);
#1508=ORIENTED_EDGE('',*,*,#4440,.T.);
#1509=ORIENTED_EDGE('',*,*,#4441,.T.);
#1510=ORIENTED_EDGE('',*,*,#4442,.F.);
#1511=ORIENTED_EDGE('',*,*,#4443,.F.);
#1512=ORIENTED_EDGE('',*,*,#4444,.T.);
#1513=ORIENTED_EDGE('',*,*,#4445,.F.);
#1514=ORIENTED_EDGE('',*,*,#4446,.T.);
#1515=ORIENTED_EDGE('',*,*,#4447,.T.);
#1516=ORIENTED_EDGE('',*,*,#4448,.F.);
#1517=ORIENTED_EDGE('',*,*,#4449,.F.);
#1518=ORIENTED_EDGE('',*,*,#4450,.T.);
#1519=ORIENTED_EDGE('',*,*,#4451,.F.);
#1520=ORIENTED_EDGE('',*,*,#4452,.T.);
#1521=ORIENTED_EDGE('',*,*,#4453,.T.);
#1522=ORIENTED_EDGE('',*,*,#4454,.F.);
#1523=ORIENTED_EDGE('',*,*,#4455,.F.);
#1524=ORIENTED_EDGE('',*,*,#4456,.T.);
#1525=ORIENTED_EDGE('',*,*,#4457,.F.);
#1526=ORIENTED_EDGE('',*,*,#4458,.T.);
#1527=ORIENTED_EDGE('',*,*,#4459,.T.);
#1528=ORIENTED_EDGE('',*,*,#4460,.F.);
#1529=ORIENTED_EDGE('',*,*,#4461,.F.);
#1530=ORIENTED_EDGE('',*,*,#4462,.T.);
#1531=ORIENTED_EDGE('',*,*,#4463,.F.);
#1532=ORIENTED_EDGE('',*,*,#4464,.T.);
#1533=ORIENTED_EDGE('',*,*,#4465,.T.);
#1534=ORIENTED_EDGE('',*,*,#4466,.F.);
#1535=ORIENTED_EDGE('',*,*,#4467,.F.);
#1536=ORIENTED_EDGE('',*,*,#4468,.T.);
#1537=ORIENTED_EDGE('',*,*,#4469,.F.);
#1538=ORIENTED_EDGE('',*,*,#4470,.T.);
#1539=ORIENTED_EDGE('',*,*,#4471,.T.);
#1540=ORIENTED_EDGE('',*,*,#4472,.F.);
#1541=ORIENTED_EDGE('',*,*,#4473,.F.);
#1542=ORIENTED_EDGE('',*,*,#4474,.T.);
#1543=ORIENTED_EDGE('',*,*,#4475,.F.);
#1544=ORIENTED_EDGE('',*,*,#4476,.T.);
#1545=ORIENTED_EDGE('',*,*,#4477,.T.);
#1546=ORIENTED_EDGE('',*,*,#4478,.F.);
#1547=ORIENTED_EDGE('',*,*,#4479,.F.);
#1548=ORIENTED_EDGE('',*,*,#4480,.T.);
#1549=ORIENTED_EDGE('',*,*,#4481,.F.);
#1550=ORIENTED_EDGE('',*,*,#4482,.T.);
#1551=ORIENTED_EDGE('',*,*,#4483,.T.);
#1552=ORIENTED_EDGE('',*,*,#4484,.F.);
#1553=ORIENTED_EDGE('',*,*,#4485,.F.);
#1554=ORIENTED_EDGE('',*,*,#4486,.T.);
#1555=ORIENTED_EDGE('',*,*,#4487,.F.);
#1556=ORIENTED_EDGE('',*,*,#4488,.T.);
#1557=ORIENTED_EDGE('',*,*,#4489,.T.);
#1558=ORIENTED_EDGE('',*,*,#4490,.F.);
#1559=ORIENTED_EDGE('',*,*,#4491,.F.);
#1560=ORIENTED_EDGE('',*,*,#4492,.T.);
#1561=ORIENTED_EDGE('',*,*,#4493,.F.);
#1562=ORIENTED_EDGE('',*,*,#4494,.T.);
#1563=ORIENTED_EDGE('',*,*,#4495,.T.);
#1564=ORIENTED_EDGE('',*,*,#4496,.F.);
#1565=ORIENTED_EDGE('',*,*,#4497,.F.);
#1566=ORIENTED_EDGE('',*,*,#4498,.T.);
#1567=ORIENTED_EDGE('',*,*,#4499,.F.);
#1568=ORIENTED_EDGE('',*,*,#4500,.T.);
#1569=ORIENTED_EDGE('',*,*,#4501,.T.);
#1570=ORIENTED_EDGE('',*,*,#4502,.F.);
#1571=ORIENTED_EDGE('',*,*,#4503,.F.);
#1572=ORIENTED_EDGE('',*,*,#4504,.T.);
#1573=ORIENTED_EDGE('',*,*,#4505,.F.);
#1574=ORIENTED_EDGE('',*,*,#4506,.T.);
#1575=ORIENTED_EDGE('',*,*,#4507,.T.);
#1576=ORIENTED_EDGE('',*,*,#4508,.F.);
#1577=ORIENTED_EDGE('',*,*,#4509,.F.);
#1578=ORIENTED_EDGE('',*,*,#4510,.T.);
#1579=ORIENTED_EDGE('',*,*,#4511,.F.);
#1580=ORIENTED_EDGE('',*,*,#4512,.T.);
#1581=ORIENTED_EDGE('',*,*,#4513,.T.);
#1582=ORIENTED_EDGE('',*,*,#4514,.F.);
#1583=ORIENTED_EDGE('',*,*,#4515,.F.);
#1584=ORIENTED_EDGE('',*,*,#4516,.T.);
#1585=ORIENTED_EDGE('',*,*,#4517,.F.);
#1586=ORIENTED_EDGE('',*,*,#4518,.T.);
#1587=ORIENTED_EDGE('',*,*,#4519,.T.);
#1588=ORIENTED_EDGE('',*,*,#4520,.F.);
#1589=ORIENTED_EDGE('',*,*,#4521,.F.);
#1590=ORIENTED_EDGE('',*,*,#4522,.T.);
#1591=ORIENTED_EDGE('',*,*,#4523,.F.);
#1592=ORIENTED_EDGE('',*,*,#4524,.T.);
#1593=ORIENTED_EDGE('',*,*,#4525,.T.);
#1594=ORIENTED_EDGE('',*,*,#4526,.F.);
#1595=ORIENTED_EDGE('',*,*,#4527,.F.);
#1596=ORIENTED_EDGE('',*,*,#4528,.T.);
#1597=ORIENTED_EDGE('',*,*,#4529,.F.);
#1598=ORIENTED_EDGE('',*,*,#4530,.T.);
#1599=ORIENTED_EDGE('',*,*,#4531,.T.);
#1600=ORIENTED_EDGE('',*,*,#4532,.F.);
#1601=ORIENTED_EDGE('',*,*,#4533,.F.);
#1602=ORIENTED_EDGE('',*,*,#4534,.T.);
#1603=ORIENTED_EDGE('',*,*,#4535,.F.);
#1604=ORIENTED_EDGE('',*,*,#4536,.T.);
#1605=ORIENTED_EDGE('',*,*,#4537,.T.);
#1606=ORIENTED_EDGE('',*,*,#4538,.F.);
#1607=ORIENTED_EDGE('',*,*,#4539,.F.);
#1608=ORIENTED_EDGE('',*,*,#4540,.T.);
#1609=ORIENTED_EDGE('',*,*,#4541,.F.);
#1610=ORIENTED_EDGE('',*,*,#4542,.T.);
#1611=ORIENTED_EDGE('',*,*,#4543,.T.);
#1612=ORIENTED_EDGE('',*,*,#4544,.F.);
#1613=ORIENTED_EDGE('',*,*,#4545,.F.);
#1614=ORIENTED_EDGE('',*,*,#4546,.T.);
#1615=ORIENTED_EDGE('',*,*,#4547,.F.);
#1616=ORIENTED_EDGE('',*,*,#4548,.T.);
#1617=ORIENTED_EDGE('',*,*,#4549,.T.);
#1618=ORIENTED_EDGE('',*,*,#4550,.F.);
#1619=ORIENTED_EDGE('',*,*,#4551,.F.);
#1620=ORIENTED_EDGE('',*,*,#4552,.T.);
#1621=ORIENTED_EDGE('',*,*,#4553,.F.);
#1622=ORIENTED_EDGE('',*,*,#4554,.T.);
#1623=ORIENTED_EDGE('',*,*,#4555,.T.);
#1624=ORIENTED_EDGE('',*,*,#4556,.F.);
#1625=ORIENTED_EDGE('',*,*,#4557,.F.);
#1626=ORIENTED_EDGE('',*,*,#4558,.T.);
#1627=ORIENTED_EDGE('',*,*,#4559,.F.);
#1628=ORIENTED_EDGE('',*,*,#4560,.T.);
#1629=ORIENTED_EDGE('',*,*,#4561,.T.);
#1630=ORIENTED_EDGE('',*,*,#4562,.F.);
#1631=ORIENTED_EDGE('',*,*,#4563,.F.);
#1632=ORIENTED_EDGE('',*,*,#4564,.T.);
#1633=ORIENTED_EDGE('',*,*,#4565,.F.);
#1634=ORIENTED_EDGE('',*,*,#4566,.T.);
#1635=ORIENTED_EDGE('',*,*,#4567,.T.);
#1636=ORIENTED_EDGE('',*,*,#4568,.F.);
#1637=ORIENTED_EDGE('',*,*,#4569,.F.);
#1638=ORIENTED_EDGE('',*,*,#4570,.T.);
#1639=ORIENTED_EDGE('',*,*,#4571,.F.);
#1640=ORIENTED_EDGE('',*,*,#4572,.T.);
#1641=ORIENTED_EDGE('',*,*,#4573,.T.);
#1642=ORIENTED_EDGE('',*,*,#4574,.F.);
#1643=ORIENTED_EDGE('',*,*,#4575,.F.);
#1644=ORIENTED_EDGE('',*,*,#4576,.T.);
#1645=ORIENTED_EDGE('',*,*,#4577,.F.);
#1646=ORIENTED_EDGE('',*,*,#4578,.T.);
#1647=ORIENTED_EDGE('',*,*,#4579,.T.);
#1648=ORIENTED_EDGE('',*,*,#4580,.F.);
#1649=ORIENTED_EDGE('',*,*,#4581,.F.);
#1650=ORIENTED_EDGE('',*,*,#4582,.T.);
#1651=ORIENTED_EDGE('',*,*,#4583,.F.);
#1652=ORIENTED_EDGE('',*,*,#4584,.T.);
#1653=ORIENTED_EDGE('',*,*,#4585,.T.);
#1654=ORIENTED_EDGE('',*,*,#4586,.F.);
#1655=ORIENTED_EDGE('',*,*,#4587,.F.);
#1656=ORIENTED_EDGE('',*,*,#4588,.T.);
#1657=ORIENTED_EDGE('',*,*,#4589,.F.);
#1658=ORIENTED_EDGE('',*,*,#4590,.T.);
#1659=ORIENTED_EDGE('',*,*,#4591,.T.);
#1660=ORIENTED_EDGE('',*,*,#4592,.F.);
#1661=ORIENTED_EDGE('',*,*,#4593,.F.);
#1662=ORIENTED_EDGE('',*,*,#4594,.T.);
#1663=ORIENTED_EDGE('',*,*,#4595,.F.);
#1664=ORIENTED_EDGE('',*,*,#4596,.T.);
#1665=ORIENTED_EDGE('',*,*,#4597,.T.);
#1666=ORIENTED_EDGE('',*,*,#4598,.F.);
#1667=ORIENTED_EDGE('',*,*,#4599,.F.);
#1668=ORIENTED_EDGE('',*,*,#4600,.T.);
#1669=ORIENTED_EDGE('',*,*,#4601,.F.);
#1670=ORIENTED_EDGE('',*,*,#4602,.T.);
#1671=ORIENTED_EDGE('',*,*,#4603,.T.);
#1672=ORIENTED_EDGE('',*,*,#4604,.F.);
#1673=ORIENTED_EDGE('',*,*,#4605,.F.);
#1674=ORIENTED_EDGE('',*,*,#4606,.T.);
#1675=ORIENTED_EDGE('',*,*,#4607,.F.);
#1676=ORIENTED_EDGE('',*,*,#4608,.T.);
#1677=ORIENTED_EDGE('',*,*,#4609,.T.);
#1678=ORIENTED_EDGE('',*,*,#4610,.F.);
#1679=ORIENTED_EDGE('',*,*,#4611,.F.);
#1680=ORIENTED_EDGE('',*,*,#4612,.T.);
#1681=ORIENTED_EDGE('',*,*,#4613,.F.);
#1682=ORIENTED_EDGE('',*,*,#4614,.T.);
#1683=ORIENTED_EDGE('',*,*,#4615,.T.);
#1684=ORIENTED_EDGE('',*,*,#4616,.F.);
#1685=ORIENTED_EDGE('',*,*,#4617,.F.);
#1686=ORIENTED_EDGE('',*,*,#4618,.T.);
#1687=ORIENTED_EDGE('',*,*,#4619,.F.);
#1688=ORIENTED_EDGE('',*,*,#4620,.T.);
#1689=ORIENTED_EDGE('',*,*,#4621,.T.);
#1690=ORIENTED_EDGE('',*,*,#4622,.F.);
#1691=ORIENTED_EDGE('',*,*,#4623,.F.);
#1692=ORIENTED_EDGE('',*,*,#4624,.T.);
#1693=ORIENTED_EDGE('',*,*,#4625,.F.);
#1694=ORIENTED_EDGE('',*,*,#4626,.T.);
#1695=ORIENTED_EDGE('',*,*,#4627,.T.);
#1696=ORIENTED_EDGE('',*,*,#4628,.F.);
#1697=ORIENTED_EDGE('',*,*,#4629,.F.);
#1698=ORIENTED_EDGE('',*,*,#4630,.T.);
#1699=ORIENTED_EDGE('',*,*,#4631,.F.);
#1700=ORIENTED_EDGE('',*,*,#4632,.T.);
#1701=ORIENTED_EDGE('',*,*,#4633,.T.);
#1702=ORIENTED_EDGE('',*,*,#4634,.F.);
#1703=ORIENTED_EDGE('',*,*,#4635,.F.);
#1704=ORIENTED_EDGE('',*,*,#4636,.T.);
#1705=ORIENTED_EDGE('',*,*,#4637,.F.);
#1706=ORIENTED_EDGE('',*,*,#4638,.T.);
#1707=ORIENTED_EDGE('',*,*,#4639,.T.);
#1708=ORIENTED_EDGE('',*,*,#4640,.F.);
#1709=ORIENTED_EDGE('',*,*,#4641,.F.);
#1710=ORIENTED_EDGE('',*,*,#4642,.T.);
#1711=ORIENTED_EDGE('',*,*,#4643,.F.);
#1712=ORIENTED_EDGE('',*,*,#4644,.T.);
#1713=ORIENTED_EDGE('',*,*,#4645,.T.);
#1714=ORIENTED_EDGE('',*,*,#4646,.F.);
#1715=ORIENTED_EDGE('',*,*,#4647,.F.);
#1716=ORIENTED_EDGE('',*,*,#4648,.T.);
#1717=ORIENTED_EDGE('',*,*,#4649,.F.);
#1718=ORIENTED_EDGE('',*,*,#4650,.T.);
#1719=ORIENTED_EDGE('',*,*,#4651,.T.);
#1720=ORIENTED_EDGE('',*,*,#4652,.F.);
#1721=ORIENTED_EDGE('',*,*,#4653,.F.);
#1722=ORIENTED_EDGE('',*,*,#4654,.T.);
#1723=ORIENTED_EDGE('',*,*,#4655,.F.);
#1724=ORIENTED_EDGE('',*,*,#4656,.T.);
#1725=ORIENTED_EDGE('',*,*,#4657,.T.);
#1726=ORIENTED_EDGE('',*,*,#4658,.F.);
#1727=ORIENTED_EDGE('',*,*,#4659,.F.);
#1728=ORIENTED_EDGE('',*,*,#4660,.T.);
#1729=ORIENTED_EDGE('',*,*,#4661,.F.);
#1730=ORIENTED_EDGE('',*,*,#4662,.T.);
#1731=ORIENTED_EDGE('',*,*,#4663,.T.);
#1732=ORIENTED_EDGE('',*,*,#4664,.F.);
#1733=ORIENTED_EDGE('',*,*,#4665,.F.);
#1734=ORIENTED_EDGE('',*,*,#4666,.T.);
#1735=ORIENTED_EDGE('',*,*,#4667,.F.);
#1736=ORIENTED_EDGE('',*,*,#4668,.T.);
#1737=ORIENTED_EDGE('',*,*,#4669,.T.);
#1738=ORIENTED_EDGE('',*,*,#4670,.F.);
#1739=ORIENTED_EDGE('',*,*,#4671,.F.);
#1740=ORIENTED_EDGE('',*,*,#4672,.T.);
#1741=ORIENTED_EDGE('',*,*,#4673,.F.);
#1742=ORIENTED_EDGE('',*,*,#4674,.T.);
#1743=ORIENTED_EDGE('',*,*,#4675,.T.);
#1744=ORIENTED_EDGE('',*,*,#4676,.F.);
#1745=ORIENTED_EDGE('',*,*,#4677,.F.);
#1746=ORIENTED_EDGE('',*,*,#4678,.T.);
#1747=ORIENTED_EDGE('',*,*,#4679,.F.);
#1748=ORIENTED_EDGE('',*,*,#4680,.T.);
#1749=ORIENTED_EDGE('',*,*,#4681,.T.);
#1750=ORIENTED_EDGE('',*,*,#4682,.F.);
#1751=ORIENTED_EDGE('',*,*,#4683,.F.);
#1752=ORIENTED_EDGE('',*,*,#4684,.T.);
#1753=ORIENTED_EDGE('',*,*,#4685,.F.);
#1754=ORIENTED_EDGE('',*,*,#4686,.T.);
#1755=ORIENTED_EDGE('',*,*,#4687,.T.);
#1756=ORIENTED_EDGE('',*,*,#4688,.F.);
#1757=ORIENTED_EDGE('',*,*,#4689,.F.);
#1758=ORIENTED_EDGE('',*,*,#4690,.T.);
#1759=ORIENTED_EDGE('',*,*,#4691,.F.);
#1760=ORIENTED_EDGE('',*,*,#4692,.T.);
#1761=ORIENTED_EDGE('',*,*,#4693,.T.);
#1762=ORIENTED_EDGE('',*,*,#4694,.F.);
#1763=ORIENTED_EDGE('',*,*,#4695,.F.);
#1764=ORIENTED_EDGE('',*,*,#4696,.T.);
#1765=ORIENTED_EDGE('',*,*,#4697,.F.);
#1766=ORIENTED_EDGE('',*,*,#4698,.T.);
#1767=ORIENTED_EDGE('',*,*,#4699,.T.);
#1768=ORIENTED_EDGE('',*,*,#4700,.F.);
#1769=ORIENTED_EDGE('',*,*,#4701,.F.);
#1770=ORIENTED_EDGE('',*,*,#4702,.T.);
#1771=ORIENTED_EDGE('',*,*,#4703,.F.);
#1772=ORIENTED_EDGE('',*,*,#4704,.T.);
#1773=ORIENTED_EDGE('',*,*,#4705,.T.);
#1774=ORIENTED_EDGE('',*,*,#4706,.F.);
#1775=ORIENTED_EDGE('',*,*,#4707,.F.);
#1776=ORIENTED_EDGE('',*,*,#4708,.T.);
#1777=ORIENTED_EDGE('',*,*,#4709,.F.);
#1778=ORIENTED_EDGE('',*,*,#4710,.T.);
#1779=ORIENTED_EDGE('',*,*,#4711,.T.);
#1780=ORIENTED_EDGE('',*,*,#4712,.F.);
#1781=ORIENTED_EDGE('',*,*,#4713,.F.);
#1782=ORIENTED_EDGE('',*,*,#4714,.T.);
#1783=ORIENTED_EDGE('',*,*,#4715,.F.);
#1784=ORIENTED_EDGE('',*,*,#4716,.T.);
#1785=ORIENTED_EDGE('',*,*,#4717,.T.);
#1786=ORIENTED_EDGE('',*,*,#4718,.F.);
#1787=ORIENTED_EDGE('',*,*,#4719,.F.);
#1788=ORIENTED_EDGE('',*,*,#4720,.T.);
#1789=ORIENTED_EDGE('',*,*,#4721,.F.);
#1790=ORIENTED_EDGE('',*,*,#4722,.T.);
#1791=ORIENTED_EDGE('',*,*,#4723,.T.);
#1792=ORIENTED_EDGE('',*,*,#4724,.F.);
#1793=ORIENTED_EDGE('',*,*,#4725,.F.);
#1794=ORIENTED_EDGE('',*,*,#4726,.T.);
#1795=ORIENTED_EDGE('',*,*,#4727,.F.);
#1796=ORIENTED_EDGE('',*,*,#4728,.T.);
#1797=ORIENTED_EDGE('',*,*,#4729,.T.);
#1798=ORIENTED_EDGE('',*,*,#4730,.F.);
#1799=ORIENTED_EDGE('',*,*,#4731,.F.);
#1800=ORIENTED_EDGE('',*,*,#4732,.T.);
#1801=ORIENTED_EDGE('',*,*,#4733,.F.);
#1802=ORIENTED_EDGE('',*,*,#4734,.T.);
#1803=ORIENTED_EDGE('',*,*,#4735,.T.);
#1804=ORIENTED_EDGE('',*,*,#4736,.F.);
#1805=ORIENTED_EDGE('',*,*,#4737,.F.);
#1806=ORIENTED_EDGE('',*,*,#4738,.T.);
#1807=ORIENTED_EDGE('',*,*,#4739,.F.);
#1808=ORIENTED_EDGE('',*,*,#4740,.T.);
#1809=ORIENTED_EDGE('',*,*,#4741,.T.);
#1810=ORIENTED_EDGE('',*,*,#4742,.F.);
#1811=ORIENTED_EDGE('',*,*,#4743,.F.);
#1812=ORIENTED_EDGE('',*,*,#4744,.T.);
#1813=ORIENTED_EDGE('',*,*,#4745,.F.);
#1814=ORIENTED_EDGE('',*,*,#4746,.T.);
#1815=ORIENTED_EDGE('',*,*,#4747,.T.);
#1816=ORIENTED_EDGE('',*,*,#4748,.F.);
#1817=ORIENTED_EDGE('',*,*,#4749,.F.);
#1818=ORIENTED_EDGE('',*,*,#4750,.T.);
#1819=ORIENTED_EDGE('',*,*,#4751,.F.);
#1820=ORIENTED_EDGE('',*,*,#4752,.T.);
#1821=ORIENTED_EDGE('',*,*,#4753,.T.);
#1822=ORIENTED_EDGE('',*,*,#4754,.F.);
#1823=ORIENTED_EDGE('',*,*,#4755,.F.);
#1824=ORIENTED_EDGE('',*,*,#4756,.T.);
#1825=ORIENTED_EDGE('',*,*,#4757,.F.);
#1826=ORIENTED_EDGE('',*,*,#4758,.T.);
#1827=ORIENTED_EDGE('',*,*,#4759,.T.);
#1828=ORIENTED_EDGE('',*,*,#4760,.F.);
#1829=ORIENTED_EDGE('',*,*,#4761,.F.);
#1830=ORIENTED_EDGE('',*,*,#4762,.T.);
#1831=ORIENTED_EDGE('',*,*,#4763,.F.);
#1832=ORIENTED_EDGE('',*,*,#4764,.T.);
#1833=ORIENTED_EDGE('',*,*,#4765,.T.);
#1834=ORIENTED_EDGE('',*,*,#4766,.F.);
#1835=ORIENTED_EDGE('',*,*,#4767,.F.);
#1836=ORIENTED_EDGE('',*,*,#4768,.T.);
#1837=ORIENTED_EDGE('',*,*,#4769,.F.);
#1838=ORIENTED_EDGE('',*,*,#4770,.T.);
#1839=ORIENTED_EDGE('',*,*,#4771,.T.);
#1840=ORIENTED_EDGE('',*,*,#4772,.F.);
#1841=ORIENTED_EDGE('',*,*,#4773,.F.);
#1842=ORIENTED_EDGE('',*,*,#4774,.T.);
#1843=ORIENTED_EDGE('',*,*,#4775,.F.);
#1844=ORIENTED_EDGE('',*,*,#4776,.T.);
#1845=ORIENTED_EDGE('',*,*,#4777,.T.);
#1846=ORIENTED_EDGE('',*,*,#4778,.F.);
#1847=ORIENTED_EDGE('',*,*,#4779,.T.);
#1848=ORIENTED_EDGE('',*,*,#4780,.F.);
#1849=ORIENTED_EDGE('',*,*,#4781,.T.);
#1850=ORIENTED_EDGE('',*,*,#4782,.F.);
#1851=ORIENTED_EDGE('',*,*,#4783,.F.);
#1852=ORIENTED_EDGE('',*,*,#4784,.T.);
#1853=ORIENTED_EDGE('',*,*,#4785,.T.);
#1854=ORIENTED_EDGE('',*,*,#4786,.T.);
#1855=ORIENTED_EDGE('',*,*,#4787,.F.);
#1856=ORIENTED_EDGE('',*,*,#4788,.T.);
#1857=ORIENTED_EDGE('',*,*,#4789,.T.);
#1858=ORIENTED_EDGE('',*,*,#4790,.F.);
#1859=ORIENTED_EDGE('',*,*,#4791,.F.);
#1860=ORIENTED_EDGE('',*,*,#4792,.F.);
#1861=ORIENTED_EDGE('',*,*,#4793,.F.);
#1862=ORIENTED_EDGE('',*,*,#4794,.F.);
#1863=ORIENTED_EDGE('',*,*,#4795,.T.);
#1864=ORIENTED_EDGE('',*,*,#4796,.F.);
#1865=ORIENTED_EDGE('',*,*,#4797,.F.);
#1866=ORIENTED_EDGE('',*,*,#4798,.F.);
#1867=ORIENTED_EDGE('',*,*,#4799,.F.);
#1868=ORIENTED_EDGE('',*,*,#4800,.F.);
#1869=ORIENTED_EDGE('',*,*,#4801,.T.);
#1870=ORIENTED_EDGE('',*,*,#4802,.F.);
#1871=ORIENTED_EDGE('',*,*,#4803,.F.);
#1872=ORIENTED_EDGE('',*,*,#4804,.F.);
#1873=ORIENTED_EDGE('',*,*,#4805,.F.);
#1874=ORIENTED_EDGE('',*,*,#4806,.F.);
#1875=ORIENTED_EDGE('',*,*,#4807,.T.);
#1876=ORIENTED_EDGE('',*,*,#4808,.F.);
#1877=ORIENTED_EDGE('',*,*,#4809,.F.);
#1878=ORIENTED_EDGE('',*,*,#4810,.F.);
#1879=ORIENTED_EDGE('',*,*,#4811,.F.);
#1880=ORIENTED_EDGE('',*,*,#4812,.F.);
#1881=ORIENTED_EDGE('',*,*,#4813,.T.);
#1882=ORIENTED_EDGE('',*,*,#4814,.F.);
#1883=ORIENTED_EDGE('',*,*,#4815,.F.);
#1884=ORIENTED_EDGE('',*,*,#4816,.F.);
#1885=ORIENTED_EDGE('',*,*,#4817,.F.);
#1886=ORIENTED_EDGE('',*,*,#4818,.F.);
#1887=ORIENTED_EDGE('',*,*,#4819,.T.);
#1888=ORIENTED_EDGE('',*,*,#4820,.F.);
#1889=ORIENTED_EDGE('',*,*,#4821,.F.);
#1890=ORIENTED_EDGE('',*,*,#4822,.F.);
#1891=ORIENTED_EDGE('',*,*,#4823,.F.);
#1892=ORIENTED_EDGE('',*,*,#4824,.F.);
#1893=ORIENTED_EDGE('',*,*,#4825,.T.);
#1894=ORIENTED_EDGE('',*,*,#4826,.F.);
#1895=ORIENTED_EDGE('',*,*,#4827,.F.);
#1896=ORIENTED_EDGE('',*,*,#4828,.F.);
#1897=ORIENTED_EDGE('',*,*,#4829,.F.);
#1898=ORIENTED_EDGE('',*,*,#4830,.F.);
#1899=ORIENTED_EDGE('',*,*,#4831,.T.);
#1900=ORIENTED_EDGE('',*,*,#4832,.F.);
#1901=ORIENTED_EDGE('',*,*,#4833,.F.);
#1902=ORIENTED_EDGE('',*,*,#4834,.F.);
#1903=ORIENTED_EDGE('',*,*,#4835,.F.);
#1904=ORIENTED_EDGE('',*,*,#4836,.F.);
#1905=ORIENTED_EDGE('',*,*,#4837,.T.);
#1906=ORIENTED_EDGE('',*,*,#4838,.F.);
#1907=ORIENTED_EDGE('',*,*,#4839,.F.);
#1908=ORIENTED_EDGE('',*,*,#4840,.F.);
#1909=ORIENTED_EDGE('',*,*,#4841,.F.);
#1910=ORIENTED_EDGE('',*,*,#4842,.F.);
#1911=ORIENTED_EDGE('',*,*,#4843,.T.);
#1912=ORIENTED_EDGE('',*,*,#4844,.F.);
#1913=ORIENTED_EDGE('',*,*,#4845,.F.);
#1914=ORIENTED_EDGE('',*,*,#4846,.F.);
#1915=ORIENTED_EDGE('',*,*,#4847,.F.);
#1916=ORIENTED_EDGE('',*,*,#4848,.F.);
#1917=ORIENTED_EDGE('',*,*,#4849,.T.);
#1918=ORIENTED_EDGE('',*,*,#4850,.F.);
#1919=ORIENTED_EDGE('',*,*,#4851,.F.);
#1920=ORIENTED_EDGE('',*,*,#4852,.F.);
#1921=ORIENTED_EDGE('',*,*,#4853,.F.);
#1922=ORIENTED_EDGE('',*,*,#4854,.F.);
#1923=ORIENTED_EDGE('',*,*,#4855,.T.);
#1924=ORIENTED_EDGE('',*,*,#4856,.F.);
#1925=ORIENTED_EDGE('',*,*,#4857,.F.);
#1926=ORIENTED_EDGE('',*,*,#4858,.F.);
#1927=ORIENTED_EDGE('',*,*,#4859,.F.);
#1928=ORIENTED_EDGE('',*,*,#4860,.F.);
#1929=ORIENTED_EDGE('',*,*,#4861,.T.);
#1930=ORIENTED_EDGE('',*,*,#4862,.F.);
#1931=ORIENTED_EDGE('',*,*,#4863,.F.);
#1932=ORIENTED_EDGE('',*,*,#4864,.F.);
#1933=ORIENTED_EDGE('',*,*,#4865,.F.);
#1934=ORIENTED_EDGE('',*,*,#4866,.F.);
#1935=ORIENTED_EDGE('',*,*,#4867,.T.);
#1936=ORIENTED_EDGE('',*,*,#4868,.F.);
#1937=ORIENTED_EDGE('',*,*,#4869,.F.);
#1938=ORIENTED_EDGE('',*,*,#4870,.F.);
#1939=ORIENTED_EDGE('',*,*,#4871,.F.);
#1940=ORIENTED_EDGE('',*,*,#4872,.F.);
#1941=ORIENTED_EDGE('',*,*,#4873,.T.);
#1942=ORIENTED_EDGE('',*,*,#4874,.F.);
#1943=ORIENTED_EDGE('',*,*,#4875,.F.);
#1944=ORIENTED_EDGE('',*,*,#4876,.F.);
#1945=ORIENTED_EDGE('',*,*,#4877,.F.);
#1946=ORIENTED_EDGE('',*,*,#4878,.F.);
#1947=ORIENTED_EDGE('',*,*,#4879,.T.);
#1948=ORIENTED_EDGE('',*,*,#4880,.F.);
#1949=ORIENTED_EDGE('',*,*,#4881,.F.);
#1950=ORIENTED_EDGE('',*,*,#4882,.F.);
#1951=ORIENTED_EDGE('',*,*,#4883,.F.);
#1952=ORIENTED_EDGE('',*,*,#4884,.F.);
#1953=ORIENTED_EDGE('',*,*,#4885,.T.);
#1954=ORIENTED_EDGE('',*,*,#4886,.F.);
#1955=ORIENTED_EDGE('',*,*,#4887,.F.);
#1956=ORIENTED_EDGE('',*,*,#4888,.F.);
#1957=ORIENTED_EDGE('',*,*,#4889,.F.);
#1958=ORIENTED_EDGE('',*,*,#4890,.F.);
#1959=ORIENTED_EDGE('',*,*,#4891,.T.);
#1960=ORIENTED_EDGE('',*,*,#4892,.F.);
#1961=ORIENTED_EDGE('',*,*,#4893,.F.);
#1962=ORIENTED_EDGE('',*,*,#4894,.F.);
#1963=ORIENTED_EDGE('',*,*,#4895,.F.);
#1964=ORIENTED_EDGE('',*,*,#4896,.F.);
#1965=ORIENTED_EDGE('',*,*,#4897,.T.);
#1966=ORIENTED_EDGE('',*,*,#4898,.F.);
#1967=ORIENTED_EDGE('',*,*,#4899,.F.);
#1968=ORIENTED_EDGE('',*,*,#4900,.F.);
#1969=ORIENTED_EDGE('',*,*,#4901,.F.);
#1970=ORIENTED_EDGE('',*,*,#4902,.F.);
#1971=ORIENTED_EDGE('',*,*,#4903,.T.);
#1972=ORIENTED_EDGE('',*,*,#4904,.F.);
#1973=ORIENTED_EDGE('',*,*,#4905,.F.);
#1974=ORIENTED_EDGE('',*,*,#4906,.F.);
#1975=ORIENTED_EDGE('',*,*,#4907,.F.);
#1976=ORIENTED_EDGE('',*,*,#4908,.F.);
#1977=ORIENTED_EDGE('',*,*,#4909,.T.);
#1978=ORIENTED_EDGE('',*,*,#4910,.F.);
#1979=ORIENTED_EDGE('',*,*,#4911,.F.);
#1980=ORIENTED_EDGE('',*,*,#4912,.F.);
#1981=ORIENTED_EDGE('',*,*,#4913,.F.);
#1982=ORIENTED_EDGE('',*,*,#4914,.F.);
#1983=ORIENTED_EDGE('',*,*,#4915,.T.);
#1984=ORIENTED_EDGE('',*,*,#4916,.F.);
#1985=ORIENTED_EDGE('',*,*,#4917,.F.);
#1986=ORIENTED_EDGE('',*,*,#4918,.F.);
#1987=ORIENTED_EDGE('',*,*,#4919,.F.);
#1988=ORIENTED_EDGE('',*,*,#4920,.F.);
#1989=ORIENTED_EDGE('',*,*,#4921,.T.);
#1990=ORIENTED_EDGE('',*,*,#4922,.F.);
#1991=ORIENTED_EDGE('',*,*,#4923,.F.);
#1992=ORIENTED_EDGE('',*,*,#4924,.F.);
#1993=ORIENTED_EDGE('',*,*,#4925,.F.);
#1994=ORIENTED_EDGE('',*,*,#4926,.F.);
#1995=ORIENTED_EDGE('',*,*,#4927,.T.);
#1996=ORIENTED_EDGE('',*,*,#4928,.F.);
#1997=ORIENTED_EDGE('',*,*,#4929,.F.);
#1998=ORIENTED_EDGE('',*,*,#4930,.F.);
#1999=ORIENTED_EDGE('',*,*,#4931,.F.);
#2000=ORIENTED_EDGE('',*,*,#4932,.F.);
#2001=ORIENTED_EDGE('',*,*,#4933,.T.);
#2002=ORIENTED_EDGE('',*,*,#4934,.F.);
#2003=ORIENTED_EDGE('',*,*,#4935,.F.);
#2004=ORIENTED_EDGE('',*,*,#4936,.F.);
#2005=ORIENTED_EDGE('',*,*,#4937,.F.);
#2006=ORIENTED_EDGE('',*,*,#4938,.F.);
#2007=ORIENTED_EDGE('',*,*,#4939,.T.);
#2008=ORIENTED_EDGE('',*,*,#4940,.F.);
#2009=ORIENTED_EDGE('',*,*,#4941,.F.);
#2010=ORIENTED_EDGE('',*,*,#4942,.F.);
#2011=ORIENTED_EDGE('',*,*,#4943,.F.);
#2012=ORIENTED_EDGE('',*,*,#4944,.F.);
#2013=ORIENTED_EDGE('',*,*,#4945,.T.);
#2014=ORIENTED_EDGE('',*,*,#4946,.F.);
#2015=ORIENTED_EDGE('',*,*,#4947,.F.);
#2016=ORIENTED_EDGE('',*,*,#4948,.F.);
#2017=ORIENTED_EDGE('',*,*,#4949,.F.);
#2018=ORIENTED_EDGE('',*,*,#4950,.F.);
#2019=ORIENTED_EDGE('',*,*,#4951,.T.);
#2020=ORIENTED_EDGE('',*,*,#4952,.F.);
#2021=ORIENTED_EDGE('',*,*,#4953,.F.);
#2022=ORIENTED_EDGE('',*,*,#4954,.F.);
#2023=ORIENTED_EDGE('',*,*,#4955,.F.);
#2024=ORIENTED_EDGE('',*,*,#4956,.F.);
#2025=ORIENTED_EDGE('',*,*,#4957,.T.);
#2026=ORIENTED_EDGE('',*,*,#4958,.F.);
#2027=ORIENTED_EDGE('',*,*,#4959,.F.);
#2028=ORIENTED_EDGE('',*,*,#4960,.F.);
#2029=ORIENTED_EDGE('',*,*,#4961,.F.);
#2030=ORIENTED_EDGE('',*,*,#4962,.F.);
#2031=ORIENTED_EDGE('',*,*,#4963,.T.);
#2032=ORIENTED_EDGE('',*,*,#4964,.F.);
#2033=ORIENTED_EDGE('',*,*,#4965,.F.);
#2034=ORIENTED_EDGE('',*,*,#4966,.F.);
#2035=ORIENTED_EDGE('',*,*,#4967,.F.);
#2036=ORIENTED_EDGE('',*,*,#4968,.F.);
#2037=ORIENTED_EDGE('',*,*,#4969,.T.);
#2038=ORIENTED_EDGE('',*,*,#4970,.F.);
#2039=ORIENTED_EDGE('',*,*,#4971,.F.);
#2040=ORIENTED_EDGE('',*,*,#4972,.F.);
#2041=ORIENTED_EDGE('',*,*,#4973,.F.);
#2042=ORIENTED_EDGE('',*,*,#4974,.F.);
#2043=ORIENTED_EDGE('',*,*,#4975,.T.);
#2044=ORIENTED_EDGE('',*,*,#4976,.F.);
#2045=ORIENTED_EDGE('',*,*,#4977,.F.);
#2046=ORIENTED_EDGE('',*,*,#4978,.F.);
#2047=ORIENTED_EDGE('',*,*,#4979,.F.);
#2048=ORIENTED_EDGE('',*,*,#4980,.F.);
#2049=ORIENTED_EDGE('',*,*,#4981,.T.);
#2050=ORIENTED_EDGE('',*,*,#4982,.F.);
#2051=ORIENTED_EDGE('',*,*,#4983,.F.);
#2052=ORIENTED_EDGE('',*,*,#4984,.F.);
#2053=ORIENTED_EDGE('',*,*,#4985,.F.);
#2054=ORIENTED_EDGE('',*,*,#4986,.F.);
#2055=ORIENTED_EDGE('',*,*,#4987,.T.);
#2056=ORIENTED_EDGE('',*,*,#4988,.F.);
#2057=ORIENTED_EDGE('',*,*,#4989,.F.);
#2058=ORIENTED_EDGE('',*,*,#4990,.F.);
#2059=ORIENTED_EDGE('',*,*,#4991,.F.);
#2060=ORIENTED_EDGE('',*,*,#4992,.F.);
#2061=ORIENTED_EDGE('',*,*,#4993,.T.);
#2062=ORIENTED_EDGE('',*,*,#4994,.F.);
#2063=ORIENTED_EDGE('',*,*,#4995,.F.);
#2064=ORIENTED_EDGE('',*,*,#4996,.F.);
#2065=ORIENTED_EDGE('',*,*,#4997,.F.);
#2066=ORIENTED_EDGE('',*,*,#4998,.F.);
#2067=ORIENTED_EDGE('',*,*,#4999,.T.);
#2068=ORIENTED_EDGE('',*,*,#5000,.F.);
#2069=ORIENTED_EDGE('',*,*,#5001,.F.);
#2070=ORIENTED_EDGE('',*,*,#5002,.F.);
#2071=ORIENTED_EDGE('',*,*,#5003,.F.);
#2072=ORIENTED_EDGE('',*,*,#5004,.F.);
#2073=ORIENTED_EDGE('',*,*,#5005,.T.);
#2074=ORIENTED_EDGE('',*,*,#5006,.F.);
#2075=ORIENTED_EDGE('',*,*,#5007,.F.);
#2076=ORIENTED_EDGE('',*,*,#5008,.F.);
#2077=ORIENTED_EDGE('',*,*,#5009,.F.);
#2078=ORIENTED_EDGE('',*,*,#5010,.F.);
#2079=ORIENTED_EDGE('',*,*,#5011,.T.);
#2080=ORIENTED_EDGE('',*,*,#5012,.F.);
#2081=ORIENTED_EDGE('',*,*,#5013,.F.);
#2082=ORIENTED_EDGE('',*,*,#5014,.F.);
#2083=ORIENTED_EDGE('',*,*,#5015,.F.);
#2084=ORIENTED_EDGE('',*,*,#5016,.F.);
#2085=ORIENTED_EDGE('',*,*,#5017,.T.);
#2086=ORIENTED_EDGE('',*,*,#5018,.F.);
#2087=ORIENTED_EDGE('',*,*,#5019,.F.);
#2088=ORIENTED_EDGE('',*,*,#5020,.F.);
#2089=ORIENTED_EDGE('',*,*,#5021,.F.);
#2090=ORIENTED_EDGE('',*,*,#5022,.F.);
#2091=ORIENTED_EDGE('',*,*,#5023,.T.);
#2092=ORIENTED_EDGE('',*,*,#5024,.F.);
#2093=ORIENTED_EDGE('',*,*,#5025,.F.);
#2094=ORIENTED_EDGE('',*,*,#5026,.F.);
#2095=ORIENTED_EDGE('',*,*,#5027,.F.);
#2096=ORIENTED_EDGE('',*,*,#5028,.F.);
#2097=ORIENTED_EDGE('',*,*,#5029,.T.);
#2098=ORIENTED_EDGE('',*,*,#5030,.F.);
#2099=ORIENTED_EDGE('',*,*,#5031,.F.);
#2100=ORIENTED_EDGE('',*,*,#5032,.F.);
#2101=ORIENTED_EDGE('',*,*,#5033,.F.);
#2102=ORIENTED_EDGE('',*,*,#5034,.F.);
#2103=ORIENTED_EDGE('',*,*,#5035,.T.);
#2104=ORIENTED_EDGE('',*,*,#5036,.F.);
#2105=ORIENTED_EDGE('',*,*,#5037,.F.);
#2106=ORIENTED_EDGE('',*,*,#5038,.F.);
#2107=ORIENTED_EDGE('',*,*,#5039,.F.);
#2108=ORIENTED_EDGE('',*,*,#5040,.F.);
#2109=ORIENTED_EDGE('',*,*,#5041,.T.);
#2110=ORIENTED_EDGE('',*,*,#5042,.F.);
#2111=ORIENTED_EDGE('',*,*,#5043,.F.);
#2112=ORIENTED_EDGE('',*,*,#5044,.F.);
#2113=ORIENTED_EDGE('',*,*,#5045,.F.);
#2114=ORIENTED_EDGE('',*,*,#5046,.F.);
#2115=ORIENTED_EDGE('',*,*,#5047,.T.);
#2116=ORIENTED_EDGE('',*,*,#5048,.F.);
#2117=ORIENTED_EDGE('',*,*,#5049,.F.);
#2118=ORIENTED_EDGE('',*,*,#5050,.F.);
#2119=ORIENTED_EDGE('',*,*,#5051,.F.);
#2120=ORIENTED_EDGE('',*,*,#5052,.F.);
#2121=ORIENTED_EDGE('',*,*,#5053,.T.);
#2122=ORIENTED_EDGE('',*,*,#5054,.F.);
#2123=ORIENTED_EDGE('',*,*,#5055,.F.);
#2124=ORIENTED_EDGE('',*,*,#5056,.F.);
#2125=ORIENTED_EDGE('',*,*,#5057,.F.);
#2126=ORIENTED_EDGE('',*,*,#5058,.F.);
#2127=ORIENTED_EDGE('',*,*,#5059,.T.);
#2128=ORIENTED_EDGE('',*,*,#5060,.F.);
#2129=ORIENTED_EDGE('',*,*,#5061,.F.);
#2130=ORIENTED_EDGE('',*,*,#5062,.F.);
#2131=ORIENTED_EDGE('',*,*,#5063,.F.);
#2132=ORIENTED_EDGE('',*,*,#5064,.F.);
#2133=ORIENTED_EDGE('',*,*,#5065,.T.);
#2134=ORIENTED_EDGE('',*,*,#5066,.F.);
#2135=ORIENTED_EDGE('',*,*,#5067,.F.);
#2136=ORIENTED_EDGE('',*,*,#5068,.F.);
#2137=ORIENTED_EDGE('',*,*,#5069,.F.);
#2138=ORIENTED_EDGE('',*,*,#5070,.F.);
#2139=ORIENTED_EDGE('',*,*,#5071,.T.);
#2140=ORIENTED_EDGE('',*,*,#5072,.F.);
#2141=ORIENTED_EDGE('',*,*,#5073,.F.);
#2142=ORIENTED_EDGE('',*,*,#5074,.F.);
#2143=ORIENTED_EDGE('',*,*,#5075,.F.);
#2144=ORIENTED_EDGE('',*,*,#5076,.F.);
#2145=ORIENTED_EDGE('',*,*,#5077,.T.);
#2146=ORIENTED_EDGE('',*,*,#5078,.F.);
#2147=ORIENTED_EDGE('',*,*,#5079,.F.);
#2148=ORIENTED_EDGE('',*,*,#5080,.F.);
#2149=ORIENTED_EDGE('',*,*,#5081,.F.);
#2150=ORIENTED_EDGE('',*,*,#5082,.F.);
#2151=ORIENTED_EDGE('',*,*,#5083,.T.);
#2152=ORIENTED_EDGE('',*,*,#5084,.F.);
#2153=ORIENTED_EDGE('',*,*,#5085,.F.);
#2154=ORIENTED_EDGE('',*,*,#5086,.F.);
#2155=ORIENTED_EDGE('',*,*,#5087,.F.);
#2156=ORIENTED_EDGE('',*,*,#5088,.F.);
#2157=ORIENTED_EDGE('',*,*,#5089,.T.);
#2158=ORIENTED_EDGE('',*,*,#5090,.F.);
#2159=ORIENTED_EDGE('',*,*,#5091,.F.);
#2160=ORIENTED_EDGE('',*,*,#5092,.F.);
#2161=ORIENTED_EDGE('',*,*,#5093,.F.);
#2162=ORIENTED_EDGE('',*,*,#5094,.F.);
#2163=ORIENTED_EDGE('',*,*,#5095,.T.);
#2164=ORIENTED_EDGE('',*,*,#5096,.F.);
#2165=ORIENTED_EDGE('',*,*,#5097,.F.);
#2166=ORIENTED_EDGE('',*,*,#5098,.F.);
#2167=ORIENTED_EDGE('',*,*,#5099,.F.);
#2168=ORIENTED_EDGE('',*,*,#5100,.F.);
#2169=ORIENTED_EDGE('',*,*,#5101,.T.);
#2170=ORIENTED_EDGE('',*,*,#5102,.F.);
#2171=ORIENTED_EDGE('',*,*,#5103,.F.);
#2172=ORIENTED_EDGE('',*,*,#5104,.F.);
#2173=ORIENTED_EDGE('',*,*,#5105,.F.);
#2174=ORIENTED_EDGE('',*,*,#5106,.F.);
#2175=ORIENTED_EDGE('',*,*,#5107,.T.);
#2176=ORIENTED_EDGE('',*,*,#5108,.F.);
#2177=ORIENTED_EDGE('',*,*,#5109,.F.);
#2178=ORIENTED_EDGE('',*,*,#5110,.F.);
#2179=ORIENTED_EDGE('',*,*,#5111,.F.);
#2180=ORIENTED_EDGE('',*,*,#5112,.F.);
#2181=ORIENTED_EDGE('',*,*,#5113,.T.);
#2182=ORIENTED_EDGE('',*,*,#5114,.F.);
#2183=ORIENTED_EDGE('',*,*,#5115,.F.);
#2184=ORIENTED_EDGE('',*,*,#5116,.F.);
#2185=ORIENTED_EDGE('',*,*,#5117,.F.);
#2186=ORIENTED_EDGE('',*,*,#5118,.F.);
#2187=ORIENTED_EDGE('',*,*,#5119,.T.);
#2188=ORIENTED_EDGE('',*,*,#5120,.F.);
#2189=ORIENTED_EDGE('',*,*,#5121,.F.);
#2190=ORIENTED_EDGE('',*,*,#5122,.F.);
#2191=ORIENTED_EDGE('',*,*,#5123,.F.);
#2192=ORIENTED_EDGE('',*,*,#5124,.F.);
#2193=ORIENTED_EDGE('',*,*,#5125,.T.);
#2194=ORIENTED_EDGE('',*,*,#5126,.F.);
#2195=ORIENTED_EDGE('',*,*,#5127,.F.);
#2196=ORIENTED_EDGE('',*,*,#5128,.F.);
#2197=ORIENTED_EDGE('',*,*,#5129,.F.);
#2198=ORIENTED_EDGE('',*,*,#5130,.F.);
#2199=ORIENTED_EDGE('',*,*,#5131,.T.);
#2200=ORIENTED_EDGE('',*,*,#5132,.F.);
#2201=ORIENTED_EDGE('',*,*,#5133,.F.);
#2202=ORIENTED_EDGE('',*,*,#5134,.F.);
#2203=ORIENTED_EDGE('',*,*,#5135,.F.);
#2204=ORIENTED_EDGE('',*,*,#5136,.F.);
#2205=ORIENTED_EDGE('',*,*,#5137,.T.);
#2206=ORIENTED_EDGE('',*,*,#5138,.F.);
#2207=ORIENTED_EDGE('',*,*,#5139,.F.);
#2208=ORIENTED_EDGE('',*,*,#5140,.F.);
#2209=ORIENTED_EDGE('',*,*,#5141,.F.);
#2210=ORIENTED_EDGE('',*,*,#5142,.F.);
#2211=ORIENTED_EDGE('',*,*,#5143,.T.);
#2212=ORIENTED_EDGE('',*,*,#5144,.F.);
#2213=ORIENTED_EDGE('',*,*,#5145,.F.);
#2214=ORIENTED_EDGE('',*,*,#5146,.F.);
#2215=ORIENTED_EDGE('',*,*,#5147,.F.);
#2216=ORIENTED_EDGE('',*,*,#5148,.F.);
#2217=ORIENTED_EDGE('',*,*,#5149,.T.);
#2218=ORIENTED_EDGE('',*,*,#5150,.F.);
#2219=ORIENTED_EDGE('',*,*,#5151,.T.);
#2220=ORIENTED_EDGE('',*,*,#5152,.T.);
#2221=ORIENTED_EDGE('',*,*,#4785,.F.);
#2222=ORIENTED_EDGE('',*,*,#5153,.T.);
#2223=ORIENTED_EDGE('',*,*,#5154,.T.);
#2224=ORIENTED_EDGE('',*,*,#5155,.T.);
#2225=ORIENTED_EDGE('',*,*,#5156,.T.);
#2226=ORIENTED_EDGE('',*,*,#5157,.F.);
#2227=ORIENTED_EDGE('',*,*,#5158,.F.);
#2228=ORIENTED_EDGE('',*,*,#5159,.T.);
#2229=ORIENTED_EDGE('',*,*,#5160,.T.);
#2230=ORIENTED_EDGE('',*,*,#5161,.T.);
#2231=ORIENTED_EDGE('',*,*,#5162,.T.);
#2232=ORIENTED_EDGE('',*,*,#5163,.T.);
#2233=ORIENTED_EDGE('',*,*,#5151,.F.);
#2234=ORIENTED_EDGE('',*,*,#5164,.T.);
#2235=ORIENTED_EDGE('',*,*,#5165,.T.);
#2236=ORIENTED_EDGE('',*,*,#5166,.F.);
#2237=ORIENTED_EDGE('',*,*,#5167,.T.);
#2238=ORIENTED_EDGE('',*,*,#5168,.F.);
#2239=ORIENTED_EDGE('',*,*,#5164,.F.);
#2240=ORIENTED_EDGE('',*,*,#5169,.T.);
#2241=ORIENTED_EDGE('',*,*,#5170,.F.);
#2242=ORIENTED_EDGE('',*,*,#5171,.F.);
#2243=ORIENTED_EDGE('',*,*,#5172,.F.);
#2244=ORIENTED_EDGE('',*,*,#5173,.T.);
#2245=ORIENTED_EDGE('',*,*,#5174,.T.);
#2246=ORIENTED_EDGE('',*,*,#5175,.T.);
#2247=ORIENTED_EDGE('',*,*,#5176,.F.);
#2248=ORIENTED_EDGE('',*,*,#5177,.F.);
#2249=ORIENTED_EDGE('',*,*,#5178,.F.);
#2250=ORIENTED_EDGE('',*,*,#5179,.F.);
#2251=ORIENTED_EDGE('',*,*,#5180,.T.);
#2252=ORIENTED_EDGE('',*,*,#4789,.F.);
#2253=ORIENTED_EDGE('',*,*,#5181,.T.);
#2254=ORIENTED_EDGE('',*,*,#4778,.T.);
#2255=ORIENTED_EDGE('',*,*,#5182,.T.);
#2256=ORIENTED_EDGE('',*,*,#5183,.F.);
#2257=ORIENTED_EDGE('',*,*,#4507,.F.);
#2258=ORIENTED_EDGE('',*,*,#5184,.T.);
#2259=ORIENTED_EDGE('',*,*,#5060,.T.);
#2260=ORIENTED_EDGE('',*,*,#4513,.F.);
#2261=ORIENTED_EDGE('',*,*,#5185,.T.);
#2262=ORIENTED_EDGE('',*,*,#5054,.T.);
#2263=ORIENTED_EDGE('',*,*,#5186,.F.);
#2264=ORIENTED_EDGE('',*,*,#4519,.F.);
#2265=ORIENTED_EDGE('',*,*,#5187,.T.);
#2266=ORIENTED_EDGE('',*,*,#5048,.T.);
#2267=ORIENTED_EDGE('',*,*,#5188,.F.);
#2268=ORIENTED_EDGE('',*,*,#4525,.F.);
#2269=ORIENTED_EDGE('',*,*,#5189,.T.);
#2270=ORIENTED_EDGE('',*,*,#5042,.T.);
#2271=ORIENTED_EDGE('',*,*,#5190,.F.);
#2272=ORIENTED_EDGE('',*,*,#4531,.F.);
#2273=ORIENTED_EDGE('',*,*,#5191,.T.);
#2274=ORIENTED_EDGE('',*,*,#5036,.T.);
#2275=ORIENTED_EDGE('',*,*,#5192,.F.);
#2276=ORIENTED_EDGE('',*,*,#4537,.F.);
#2277=ORIENTED_EDGE('',*,*,#5193,.T.);
#2278=ORIENTED_EDGE('',*,*,#5030,.T.);
#2279=ORIENTED_EDGE('',*,*,#5194,.F.);
#2280=ORIENTED_EDGE('',*,*,#4543,.F.);
#2281=ORIENTED_EDGE('',*,*,#5195,.T.);
#2282=ORIENTED_EDGE('',*,*,#5024,.T.);
#2283=ORIENTED_EDGE('',*,*,#5196,.F.);
#2284=ORIENTED_EDGE('',*,*,#4549,.F.);
#2285=ORIENTED_EDGE('',*,*,#5197,.T.);
#2286=ORIENTED_EDGE('',*,*,#5018,.T.);
#2287=ORIENTED_EDGE('',*,*,#5198,.F.);
#2288=ORIENTED_EDGE('',*,*,#4555,.F.);
#2289=ORIENTED_EDGE('',*,*,#5199,.T.);
#2290=ORIENTED_EDGE('',*,*,#5012,.T.);
#2291=ORIENTED_EDGE('',*,*,#5200,.F.);
#2292=ORIENTED_EDGE('',*,*,#4561,.F.);
#2293=ORIENTED_EDGE('',*,*,#5201,.T.);
#2294=ORIENTED_EDGE('',*,*,#5006,.T.);
#2295=ORIENTED_EDGE('',*,*,#5202,.F.);
#2296=ORIENTED_EDGE('',*,*,#4567,.F.);
#2297=ORIENTED_EDGE('',*,*,#5203,.T.);
#2298=ORIENTED_EDGE('',*,*,#5000,.T.);
#2299=ORIENTED_EDGE('',*,*,#5204,.F.);
#2300=ORIENTED_EDGE('',*,*,#4573,.F.);
#2301=ORIENTED_EDGE('',*,*,#5205,.T.);
#2302=ORIENTED_EDGE('',*,*,#4994,.T.);
#2303=ORIENTED_EDGE('',*,*,#5206,.F.);
#2304=ORIENTED_EDGE('',*,*,#4579,.F.);
#2305=ORIENTED_EDGE('',*,*,#5207,.T.);
#2306=ORIENTED_EDGE('',*,*,#4988,.T.);
#2307=ORIENTED_EDGE('',*,*,#5208,.F.);
#2308=ORIENTED_EDGE('',*,*,#4585,.F.);
#2309=ORIENTED_EDGE('',*,*,#5209,.T.);
#2310=ORIENTED_EDGE('',*,*,#4982,.T.);
#2311=ORIENTED_EDGE('',*,*,#5210,.F.);
#2312=ORIENTED_EDGE('',*,*,#4591,.F.);
#2313=ORIENTED_EDGE('',*,*,#5211,.T.);
#2314=ORIENTED_EDGE('',*,*,#4976,.T.);
#2315=ORIENTED_EDGE('',*,*,#5212,.F.);
#2316=ORIENTED_EDGE('',*,*,#4597,.F.);
#2317=ORIENTED_EDGE('',*,*,#5213,.T.);
#2318=ORIENTED_EDGE('',*,*,#4970,.T.);
#2319=ORIENTED_EDGE('',*,*,#5214,.F.);
#2320=ORIENTED_EDGE('',*,*,#4603,.F.);
#2321=ORIENTED_EDGE('',*,*,#5215,.T.);
#2322=ORIENTED_EDGE('',*,*,#4964,.T.);
#2323=ORIENTED_EDGE('',*,*,#5216,.F.);
#2324=ORIENTED_EDGE('',*,*,#4609,.F.);
#2325=ORIENTED_EDGE('',*,*,#5217,.T.);
#2326=ORIENTED_EDGE('',*,*,#4958,.T.);
#2327=ORIENTED_EDGE('',*,*,#5218,.F.);
#2328=ORIENTED_EDGE('',*,*,#4615,.F.);
#2329=ORIENTED_EDGE('',*,*,#5219,.T.);
#2330=ORIENTED_EDGE('',*,*,#4952,.T.);
#2331=ORIENTED_EDGE('',*,*,#5220,.F.);
#2332=ORIENTED_EDGE('',*,*,#4621,.F.);
#2333=ORIENTED_EDGE('',*,*,#5221,.T.);
#2334=ORIENTED_EDGE('',*,*,#4946,.T.);
#2335=ORIENTED_EDGE('',*,*,#5222,.F.);
#2336=ORIENTED_EDGE('',*,*,#4627,.F.);
#2337=ORIENTED_EDGE('',*,*,#5223,.T.);
#2338=ORIENTED_EDGE('',*,*,#4940,.T.);
#2339=ORIENTED_EDGE('',*,*,#5224,.F.);
#2340=ORIENTED_EDGE('',*,*,#4633,.F.);
#2341=ORIENTED_EDGE('',*,*,#5225,.T.);
#2342=ORIENTED_EDGE('',*,*,#4934,.T.);
#2343=ORIENTED_EDGE('',*,*,#5226,.F.);
#2344=ORIENTED_EDGE('',*,*,#4639,.F.);
#2345=ORIENTED_EDGE('',*,*,#5227,.T.);
#2346=ORIENTED_EDGE('',*,*,#4928,.T.);
#2347=ORIENTED_EDGE('',*,*,#5228,.F.);
#2348=ORIENTED_EDGE('',*,*,#4645,.F.);
#2349=ORIENTED_EDGE('',*,*,#5229,.T.);
#2350=ORIENTED_EDGE('',*,*,#4922,.T.);
#2351=ORIENTED_EDGE('',*,*,#5230,.F.);
#2352=ORIENTED_EDGE('',*,*,#4651,.F.);
#2353=ORIENTED_EDGE('',*,*,#5231,.T.);
#2354=ORIENTED_EDGE('',*,*,#4916,.T.);
#2355=ORIENTED_EDGE('',*,*,#5232,.F.);
#2356=ORIENTED_EDGE('',*,*,#4657,.F.);
#2357=ORIENTED_EDGE('',*,*,#5233,.T.);
#2358=ORIENTED_EDGE('',*,*,#4910,.T.);
#2359=ORIENTED_EDGE('',*,*,#5234,.F.);
#2360=ORIENTED_EDGE('',*,*,#4663,.F.);
#2361=ORIENTED_EDGE('',*,*,#5235,.T.);
#2362=ORIENTED_EDGE('',*,*,#4904,.T.);
#2363=ORIENTED_EDGE('',*,*,#5236,.F.);
#2364=ORIENTED_EDGE('',*,*,#4669,.F.);
#2365=ORIENTED_EDGE('',*,*,#5237,.T.);
#2366=ORIENTED_EDGE('',*,*,#4898,.T.);
#2367=ORIENTED_EDGE('',*,*,#5238,.F.);
#2368=ORIENTED_EDGE('',*,*,#4675,.F.);
#2369=ORIENTED_EDGE('',*,*,#5239,.T.);
#2370=ORIENTED_EDGE('',*,*,#4892,.T.);
#2371=ORIENTED_EDGE('',*,*,#5240,.F.);
#2372=ORIENTED_EDGE('',*,*,#4681,.F.);
#2373=ORIENTED_EDGE('',*,*,#5241,.T.);
#2374=ORIENTED_EDGE('',*,*,#4886,.T.);
#2375=ORIENTED_EDGE('',*,*,#5242,.F.);
#2376=ORIENTED_EDGE('',*,*,#4687,.F.);
#2377=ORIENTED_EDGE('',*,*,#5243,.T.);
#2378=ORIENTED_EDGE('',*,*,#4880,.T.);
#2379=ORIENTED_EDGE('',*,*,#5244,.F.);
#2380=ORIENTED_EDGE('',*,*,#4693,.F.);
#2381=ORIENTED_EDGE('',*,*,#5245,.T.);
#2382=ORIENTED_EDGE('',*,*,#4874,.T.);
#2383=ORIENTED_EDGE('',*,*,#5246,.F.);
#2384=ORIENTED_EDGE('',*,*,#5247,.F.);
#2385=ORIENTED_EDGE('',*,*,#4729,.F.);
#2386=ORIENTED_EDGE('',*,*,#5248,.T.);
#2387=ORIENTED_EDGE('',*,*,#4838,.T.);
#2388=ORIENTED_EDGE('',*,*,#5249,.F.);
#2389=ORIENTED_EDGE('',*,*,#4723,.F.);
#2390=ORIENTED_EDGE('',*,*,#5250,.T.);
#2391=ORIENTED_EDGE('',*,*,#4844,.T.);
#2392=ORIENTED_EDGE('',*,*,#5251,.F.);
#2393=ORIENTED_EDGE('',*,*,#4741,.F.);
#2394=ORIENTED_EDGE('',*,*,#5252,.T.);
#2395=ORIENTED_EDGE('',*,*,#4826,.T.);
#2396=ORIENTED_EDGE('',*,*,#4735,.F.);
#2397=ORIENTED_EDGE('',*,*,#5253,.T.);
#2398=ORIENTED_EDGE('',*,*,#4832,.T.);
#2399=ORIENTED_EDGE('',*,*,#5254,.F.);
#2400=ORIENTED_EDGE('',*,*,#5255,.F.);
#2401=ORIENTED_EDGE('',*,*,#4705,.F.);
#2402=ORIENTED_EDGE('',*,*,#5256,.T.);
#2403=ORIENTED_EDGE('',*,*,#4862,.T.);
#2404=ORIENTED_EDGE('',*,*,#4699,.F.);
#2405=ORIENTED_EDGE('',*,*,#5257,.T.);
#2406=ORIENTED_EDGE('',*,*,#4868,.T.);
#2407=ORIENTED_EDGE('',*,*,#5258,.F.);
#2408=ORIENTED_EDGE('',*,*,#5259,.F.);
#2409=ORIENTED_EDGE('',*,*,#4717,.F.);
#2410=ORIENTED_EDGE('',*,*,#5260,.T.);
#2411=ORIENTED_EDGE('',*,*,#4850,.T.);
#2412=ORIENTED_EDGE('',*,*,#4711,.F.);
#2413=ORIENTED_EDGE('',*,*,#5261,.T.);
#2414=ORIENTED_EDGE('',*,*,#4856,.T.);
#2415=ORIENTED_EDGE('',*,*,#5262,.F.);
#2416=ORIENTED_EDGE('',*,*,#5182,.F.);
#2417=ORIENTED_EDGE('',*,*,#4777,.F.);
#2418=ORIENTED_EDGE('',*,*,#5263,.T.);
#2419=ORIENTED_EDGE('',*,*,#4790,.T.);
#2420=ORIENTED_EDGE('',*,*,#5264,.F.);
#2421=ORIENTED_EDGE('',*,*,#4771,.F.);
#2422=ORIENTED_EDGE('',*,*,#5265,.T.);
#2423=ORIENTED_EDGE('',*,*,#4796,.T.);
#2424=ORIENTED_EDGE('',*,*,#5266,.F.);
#2425=ORIENTED_EDGE('',*,*,#4753,.F.);
#2426=ORIENTED_EDGE('',*,*,#5267,.T.);
#2427=ORIENTED_EDGE('',*,*,#4814,.T.);
#2428=ORIENTED_EDGE('',*,*,#4747,.F.);
#2429=ORIENTED_EDGE('',*,*,#5268,.T.);
#2430=ORIENTED_EDGE('',*,*,#4820,.T.);
#2431=ORIENTED_EDGE('',*,*,#5269,.F.);
#2432=ORIENTED_EDGE('',*,*,#5270,.F.);
#2433=ORIENTED_EDGE('',*,*,#4765,.F.);
#2434=ORIENTED_EDGE('',*,*,#5271,.T.);
#2435=ORIENTED_EDGE('',*,*,#4802,.T.);
#2436=ORIENTED_EDGE('',*,*,#4759,.F.);
#2437=ORIENTED_EDGE('',*,*,#5272,.T.);
#2438=ORIENTED_EDGE('',*,*,#4808,.T.);
#2439=ORIENTED_EDGE('',*,*,#5273,.F.);
#2440=ORIENTED_EDGE('',*,*,#5274,.F.);
#2441=ORIENTED_EDGE('',*,*,#4501,.F.);
#2442=ORIENTED_EDGE('',*,*,#5275,.T.);
#2443=ORIENTED_EDGE('',*,*,#5066,.T.);
#2444=ORIENTED_EDGE('',*,*,#5276,.F.);
#2445=ORIENTED_EDGE('',*,*,#4495,.F.);
#2446=ORIENTED_EDGE('',*,*,#5277,.T.);
#2447=ORIENTED_EDGE('',*,*,#5072,.T.);
#2448=ORIENTED_EDGE('',*,*,#5278,.F.);
#2449=ORIENTED_EDGE('',*,*,#4489,.F.);
#2450=ORIENTED_EDGE('',*,*,#5279,.T.);
#2451=ORIENTED_EDGE('',*,*,#5078,.T.);
#2452=ORIENTED_EDGE('',*,*,#5280,.F.);
#2453=ORIENTED_EDGE('',*,*,#4483,.F.);
#2454=ORIENTED_EDGE('',*,*,#5281,.T.);
#2455=ORIENTED_EDGE('',*,*,#5084,.T.);
#2456=ORIENTED_EDGE('',*,*,#5282,.F.);
#2457=ORIENTED_EDGE('',*,*,#4477,.F.);
#2458=ORIENTED_EDGE('',*,*,#5283,.T.);
#2459=ORIENTED_EDGE('',*,*,#5090,.T.);
#2460=ORIENTED_EDGE('',*,*,#5284,.F.);
#2461=ORIENTED_EDGE('',*,*,#4471,.F.);
#2462=ORIENTED_EDGE('',*,*,#5285,.T.);
#2463=ORIENTED_EDGE('',*,*,#5096,.T.);
#2464=ORIENTED_EDGE('',*,*,#5286,.F.);
#2465=ORIENTED_EDGE('',*,*,#4465,.F.);
#2466=ORIENTED_EDGE('',*,*,#5287,.T.);
#2467=ORIENTED_EDGE('',*,*,#5102,.T.);
#2468=ORIENTED_EDGE('',*,*,#5288,.F.);
#2469=ORIENTED_EDGE('',*,*,#4459,.F.);
#2470=ORIENTED_EDGE('',*,*,#5289,.T.);
#2471=ORIENTED_EDGE('',*,*,#5108,.T.);
#2472=ORIENTED_EDGE('',*,*,#5290,.F.);
#2473=ORIENTED_EDGE('',*,*,#4453,.F.);
#2474=ORIENTED_EDGE('',*,*,#5291,.T.);
#2475=ORIENTED_EDGE('',*,*,#5114,.T.);
#2476=ORIENTED_EDGE('',*,*,#5292,.F.);
#2477=ORIENTED_EDGE('',*,*,#4447,.F.);
#2478=ORIENTED_EDGE('',*,*,#5293,.T.);
#2479=ORIENTED_EDGE('',*,*,#5120,.T.);
#2480=ORIENTED_EDGE('',*,*,#5294,.F.);
#2481=ORIENTED_EDGE('',*,*,#4441,.F.);
#2482=ORIENTED_EDGE('',*,*,#5295,.T.);
#2483=ORIENTED_EDGE('',*,*,#5126,.T.);
#2484=ORIENTED_EDGE('',*,*,#5296,.F.);
#2485=ORIENTED_EDGE('',*,*,#4435,.F.);
#2486=ORIENTED_EDGE('',*,*,#5297,.T.);
#2487=ORIENTED_EDGE('',*,*,#5132,.T.);
#2488=ORIENTED_EDGE('',*,*,#5298,.F.);
#2489=ORIENTED_EDGE('',*,*,#4429,.F.);
#2490=ORIENTED_EDGE('',*,*,#5299,.T.);
#2491=ORIENTED_EDGE('',*,*,#5138,.T.);
#2492=ORIENTED_EDGE('',*,*,#5300,.F.);
#2493=ORIENTED_EDGE('',*,*,#4423,.F.);
#2494=ORIENTED_EDGE('',*,*,#5301,.T.);
#2495=ORIENTED_EDGE('',*,*,#5144,.T.);
#2496=ORIENTED_EDGE('',*,*,#4417,.F.);
#2497=ORIENTED_EDGE('',*,*,#5302,.T.);
#2498=ORIENTED_EDGE('',*,*,#4783,.T.);
#2499=ORIENTED_EDGE('',*,*,#5303,.F.);
#2500=ORIENTED_EDGE('',*,*,#5176,.T.);
#2501=ORIENTED_EDGE('',*,*,#5304,.T.);
#2502=ORIENTED_EDGE('',*,*,#5173,.F.);
#2503=ORIENTED_EDGE('',*,*,#5305,.F.);
#2504=ORIENTED_EDGE('',*,*,#5172,.T.);
#2505=ORIENTED_EDGE('',*,*,#5306,.T.);
#2506=ORIENTED_EDGE('',*,*,#5177,.T.);
#2507=ORIENTED_EDGE('',*,*,#5305,.T.);
#2508=ORIENTED_EDGE('',*,*,#5145,.T.);
#2509=ORIENTED_EDGE('',*,*,#5301,.F.);
#2510=ORIENTED_EDGE('',*,*,#4422,.F.);
#2511=ORIENTED_EDGE('',*,*,#5307,.F.);
#2512=ORIENTED_EDGE('',*,*,#5147,.T.);
#2513=ORIENTED_EDGE('',*,*,#5308,.F.);
#2514=ORIENTED_EDGE('',*,*,#4420,.F.);
#2515=ORIENTED_EDGE('',*,*,#5309,.F.);
#2516=ORIENTED_EDGE('',*,*,#4418,.T.);
#2517=ORIENTED_EDGE('',*,*,#5303,.T.);
#2518=ORIENTED_EDGE('',*,*,#5149,.F.);
#2519=ORIENTED_EDGE('',*,*,#5310,.F.);
#2520=ORIENTED_EDGE('',*,*,#4419,.T.);
#2521=ORIENTED_EDGE('',*,*,#5310,.T.);
#2522=ORIENTED_EDGE('',*,*,#5148,.T.);
#2523=ORIENTED_EDGE('',*,*,#5309,.T.);
#2524=ORIENTED_EDGE('',*,*,#4421,.T.);
#2525=ORIENTED_EDGE('',*,*,#5308,.T.);
#2526=ORIENTED_EDGE('',*,*,#5146,.T.);
#2527=ORIENTED_EDGE('',*,*,#5307,.T.);
#2528=ORIENTED_EDGE('',*,*,#5139,.T.);
#2529=ORIENTED_EDGE('',*,*,#5299,.F.);
#2530=ORIENTED_EDGE('',*,*,#4428,.F.);
#2531=ORIENTED_EDGE('',*,*,#5311,.F.);
#2532=ORIENTED_EDGE('',*,*,#5141,.T.);
#2533=ORIENTED_EDGE('',*,*,#5312,.F.);
#2534=ORIENTED_EDGE('',*,*,#4426,.F.);
#2535=ORIENTED_EDGE('',*,*,#5313,.F.);
#2536=ORIENTED_EDGE('',*,*,#4424,.T.);
#2537=ORIENTED_EDGE('',*,*,#5300,.T.);
#2538=ORIENTED_EDGE('',*,*,#5143,.F.);
#2539=ORIENTED_EDGE('',*,*,#5314,.F.);
#2540=ORIENTED_EDGE('',*,*,#4425,.T.);
#2541=ORIENTED_EDGE('',*,*,#5314,.T.);
#2542=ORIENTED_EDGE('',*,*,#5142,.T.);
#2543=ORIENTED_EDGE('',*,*,#5313,.T.);
#2544=ORIENTED_EDGE('',*,*,#4427,.T.);
#2545=ORIENTED_EDGE('',*,*,#5312,.T.);
#2546=ORIENTED_EDGE('',*,*,#5140,.T.);
#2547=ORIENTED_EDGE('',*,*,#5311,.T.);
#2548=ORIENTED_EDGE('',*,*,#5133,.T.);
#2549=ORIENTED_EDGE('',*,*,#5297,.F.);
#2550=ORIENTED_EDGE('',*,*,#4434,.F.);
#2551=ORIENTED_EDGE('',*,*,#5315,.F.);
#2552=ORIENTED_EDGE('',*,*,#5135,.T.);
#2553=ORIENTED_EDGE('',*,*,#5316,.F.);
#2554=ORIENTED_EDGE('',*,*,#4432,.F.);
#2555=ORIENTED_EDGE('',*,*,#5317,.F.);
#2556=ORIENTED_EDGE('',*,*,#4430,.T.);
#2557=ORIENTED_EDGE('',*,*,#5298,.T.);
#2558=ORIENTED_EDGE('',*,*,#5137,.F.);
#2559=ORIENTED_EDGE('',*,*,#5318,.F.);
#2560=ORIENTED_EDGE('',*,*,#4431,.T.);
#2561=ORIENTED_EDGE('',*,*,#5318,.T.);
#2562=ORIENTED_EDGE('',*,*,#5136,.T.);
#2563=ORIENTED_EDGE('',*,*,#5317,.T.);
#2564=ORIENTED_EDGE('',*,*,#4433,.T.);
#2565=ORIENTED_EDGE('',*,*,#5316,.T.);
#2566=ORIENTED_EDGE('',*,*,#5134,.T.);
#2567=ORIENTED_EDGE('',*,*,#5315,.T.);
#2568=ORIENTED_EDGE('',*,*,#5127,.T.);
#2569=ORIENTED_EDGE('',*,*,#5295,.F.);
#2570=ORIENTED_EDGE('',*,*,#4440,.F.);
#2571=ORIENTED_EDGE('',*,*,#5319,.F.);
#2572=ORIENTED_EDGE('',*,*,#5129,.T.);
#2573=ORIENTED_EDGE('',*,*,#5320,.F.);
#2574=ORIENTED_EDGE('',*,*,#4438,.F.);
#2575=ORIENTED_EDGE('',*,*,#5321,.F.);
#2576=ORIENTED_EDGE('',*,*,#4436,.T.);
#2577=ORIENTED_EDGE('',*,*,#5296,.T.);
#2578=ORIENTED_EDGE('',*,*,#5131,.F.);
#2579=ORIENTED_EDGE('',*,*,#5322,.F.);
#2580=ORIENTED_EDGE('',*,*,#4437,.T.);
#2581=ORIENTED_EDGE('',*,*,#5322,.T.);
#2582=ORIENTED_EDGE('',*,*,#5130,.T.);
#2583=ORIENTED_EDGE('',*,*,#5321,.T.);
#2584=ORIENTED_EDGE('',*,*,#4439,.T.);
#2585=ORIENTED_EDGE('',*,*,#5320,.T.);
#2586=ORIENTED_EDGE('',*,*,#5128,.T.);
#2587=ORIENTED_EDGE('',*,*,#5319,.T.);
#2588=ORIENTED_EDGE('',*,*,#5121,.T.);
#2589=ORIENTED_EDGE('',*,*,#5293,.F.);
#2590=ORIENTED_EDGE('',*,*,#4446,.F.);
#2591=ORIENTED_EDGE('',*,*,#5323,.F.);
#2592=ORIENTED_EDGE('',*,*,#5123,.T.);
#2593=ORIENTED_EDGE('',*,*,#5324,.F.);
#2594=ORIENTED_EDGE('',*,*,#4444,.F.);
#2595=ORIENTED_EDGE('',*,*,#5325,.F.);
#2596=ORIENTED_EDGE('',*,*,#4442,.T.);
#2597=ORIENTED_EDGE('',*,*,#5294,.T.);
#2598=ORIENTED_EDGE('',*,*,#5125,.F.);
#2599=ORIENTED_EDGE('',*,*,#5326,.F.);
#2600=ORIENTED_EDGE('',*,*,#4443,.T.);
#2601=ORIENTED_EDGE('',*,*,#5326,.T.);
#2602=ORIENTED_EDGE('',*,*,#5124,.T.);
#2603=ORIENTED_EDGE('',*,*,#5325,.T.);
#2604=ORIENTED_EDGE('',*,*,#4445,.T.);
#2605=ORIENTED_EDGE('',*,*,#5324,.T.);
#2606=ORIENTED_EDGE('',*,*,#5122,.T.);
#2607=ORIENTED_EDGE('',*,*,#5323,.T.);
#2608=ORIENTED_EDGE('',*,*,#5115,.T.);
#2609=ORIENTED_EDGE('',*,*,#5291,.F.);
#2610=ORIENTED_EDGE('',*,*,#4452,.F.);
#2611=ORIENTED_EDGE('',*,*,#5327,.F.);
#2612=ORIENTED_EDGE('',*,*,#5117,.T.);
#2613=ORIENTED_EDGE('',*,*,#5328,.F.);
#2614=ORIENTED_EDGE('',*,*,#4450,.F.);
#2615=ORIENTED_EDGE('',*,*,#5329,.F.);
#2616=ORIENTED_EDGE('',*,*,#4448,.T.);
#2617=ORIENTED_EDGE('',*,*,#5292,.T.);
#2618=ORIENTED_EDGE('',*,*,#5119,.F.);
#2619=ORIENTED_EDGE('',*,*,#5330,.F.);
#2620=ORIENTED_EDGE('',*,*,#4449,.T.);
#2621=ORIENTED_EDGE('',*,*,#5330,.T.);
#2622=ORIENTED_EDGE('',*,*,#5118,.T.);
#2623=ORIENTED_EDGE('',*,*,#5329,.T.);
#2624=ORIENTED_EDGE('',*,*,#4451,.T.);
#2625=ORIENTED_EDGE('',*,*,#5328,.T.);
#2626=ORIENTED_EDGE('',*,*,#5116,.T.);
#2627=ORIENTED_EDGE('',*,*,#5327,.T.);
#2628=ORIENTED_EDGE('',*,*,#5109,.T.);
#2629=ORIENTED_EDGE('',*,*,#5289,.F.);
#2630=ORIENTED_EDGE('',*,*,#4458,.F.);
#2631=ORIENTED_EDGE('',*,*,#5331,.F.);
#2632=ORIENTED_EDGE('',*,*,#5111,.T.);
#2633=ORIENTED_EDGE('',*,*,#5332,.F.);
#2634=ORIENTED_EDGE('',*,*,#4456,.F.);
#2635=ORIENTED_EDGE('',*,*,#5333,.F.);
#2636=ORIENTED_EDGE('',*,*,#4454,.T.);
#2637=ORIENTED_EDGE('',*,*,#5290,.T.);
#2638=ORIENTED_EDGE('',*,*,#5113,.F.);
#2639=ORIENTED_EDGE('',*,*,#5334,.F.);
#2640=ORIENTED_EDGE('',*,*,#4455,.T.);
#2641=ORIENTED_EDGE('',*,*,#5334,.T.);
#2642=ORIENTED_EDGE('',*,*,#5112,.T.);
#2643=ORIENTED_EDGE('',*,*,#5333,.T.);
#2644=ORIENTED_EDGE('',*,*,#4457,.T.);
#2645=ORIENTED_EDGE('',*,*,#5332,.T.);
#2646=ORIENTED_EDGE('',*,*,#5110,.T.);
#2647=ORIENTED_EDGE('',*,*,#5331,.T.);
#2648=ORIENTED_EDGE('',*,*,#5103,.T.);
#2649=ORIENTED_EDGE('',*,*,#5287,.F.);
#2650=ORIENTED_EDGE('',*,*,#4464,.F.);
#2651=ORIENTED_EDGE('',*,*,#5335,.F.);
#2652=ORIENTED_EDGE('',*,*,#5105,.T.);
#2653=ORIENTED_EDGE('',*,*,#5336,.F.);
#2654=ORIENTED_EDGE('',*,*,#4462,.F.);
#2655=ORIENTED_EDGE('',*,*,#5337,.F.);
#2656=ORIENTED_EDGE('',*,*,#4460,.T.);
#2657=ORIENTED_EDGE('',*,*,#5288,.T.);
#2658=ORIENTED_EDGE('',*,*,#5107,.F.);
#2659=ORIENTED_EDGE('',*,*,#5338,.F.);
#2660=ORIENTED_EDGE('',*,*,#4461,.T.);
#2661=ORIENTED_EDGE('',*,*,#5338,.T.);
#2662=ORIENTED_EDGE('',*,*,#5106,.T.);
#2663=ORIENTED_EDGE('',*,*,#5337,.T.);
#2664=ORIENTED_EDGE('',*,*,#4463,.T.);
#2665=ORIENTED_EDGE('',*,*,#5336,.T.);
#2666=ORIENTED_EDGE('',*,*,#5104,.T.);
#2667=ORIENTED_EDGE('',*,*,#5335,.T.);
#2668=ORIENTED_EDGE('',*,*,#5097,.T.);
#2669=ORIENTED_EDGE('',*,*,#5285,.F.);
#2670=ORIENTED_EDGE('',*,*,#4470,.F.);
#2671=ORIENTED_EDGE('',*,*,#5339,.F.);
#2672=ORIENTED_EDGE('',*,*,#5099,.T.);
#2673=ORIENTED_EDGE('',*,*,#5340,.F.);
#2674=ORIENTED_EDGE('',*,*,#4468,.F.);
#2675=ORIENTED_EDGE('',*,*,#5341,.F.);
#2676=ORIENTED_EDGE('',*,*,#4466,.T.);
#2677=ORIENTED_EDGE('',*,*,#5286,.T.);
#2678=ORIENTED_EDGE('',*,*,#5101,.F.);
#2679=ORIENTED_EDGE('',*,*,#5342,.F.);
#2680=ORIENTED_EDGE('',*,*,#4467,.T.);
#2681=ORIENTED_EDGE('',*,*,#5342,.T.);
#2682=ORIENTED_EDGE('',*,*,#5100,.T.);
#2683=ORIENTED_EDGE('',*,*,#5341,.T.);
#2684=ORIENTED_EDGE('',*,*,#4469,.T.);
#2685=ORIENTED_EDGE('',*,*,#5340,.T.);
#2686=ORIENTED_EDGE('',*,*,#5098,.T.);
#2687=ORIENTED_EDGE('',*,*,#5339,.T.);
#2688=ORIENTED_EDGE('',*,*,#5091,.T.);
#2689=ORIENTED_EDGE('',*,*,#5283,.F.);
#2690=ORIENTED_EDGE('',*,*,#4476,.F.);
#2691=ORIENTED_EDGE('',*,*,#5343,.F.);
#2692=ORIENTED_EDGE('',*,*,#5093,.T.);
#2693=ORIENTED_EDGE('',*,*,#5344,.F.);
#2694=ORIENTED_EDGE('',*,*,#4474,.F.);
#2695=ORIENTED_EDGE('',*,*,#5345,.F.);
#2696=ORIENTED_EDGE('',*,*,#4472,.T.);
#2697=ORIENTED_EDGE('',*,*,#5284,.T.);
#2698=ORIENTED_EDGE('',*,*,#5095,.F.);
#2699=ORIENTED_EDGE('',*,*,#5346,.F.);
#2700=ORIENTED_EDGE('',*,*,#4473,.T.);
#2701=ORIENTED_EDGE('',*,*,#5346,.T.);
#2702=ORIENTED_EDGE('',*,*,#5094,.T.);
#2703=ORIENTED_EDGE('',*,*,#5345,.T.);
#2704=ORIENTED_EDGE('',*,*,#4475,.T.);
#2705=ORIENTED_EDGE('',*,*,#5344,.T.);
#2706=ORIENTED_EDGE('',*,*,#5092,.T.);
#2707=ORIENTED_EDGE('',*,*,#5343,.T.);
#2708=ORIENTED_EDGE('',*,*,#5085,.T.);
#2709=ORIENTED_EDGE('',*,*,#5281,.F.);
#2710=ORIENTED_EDGE('',*,*,#4482,.F.);
#2711=ORIENTED_EDGE('',*,*,#5347,.F.);
#2712=ORIENTED_EDGE('',*,*,#5087,.T.);
#2713=ORIENTED_EDGE('',*,*,#5348,.F.);
#2714=ORIENTED_EDGE('',*,*,#4480,.F.);
#2715=ORIENTED_EDGE('',*,*,#5349,.F.);
#2716=ORIENTED_EDGE('',*,*,#4478,.T.);
#2717=ORIENTED_EDGE('',*,*,#5282,.T.);
#2718=ORIENTED_EDGE('',*,*,#5089,.F.);
#2719=ORIENTED_EDGE('',*,*,#5350,.F.);
#2720=ORIENTED_EDGE('',*,*,#4479,.T.);
#2721=ORIENTED_EDGE('',*,*,#5350,.T.);
#2722=ORIENTED_EDGE('',*,*,#5088,.T.);
#2723=ORIENTED_EDGE('',*,*,#5349,.T.);
#2724=ORIENTED_EDGE('',*,*,#4481,.T.);
#2725=ORIENTED_EDGE('',*,*,#5348,.T.);
#2726=ORIENTED_EDGE('',*,*,#5086,.T.);
#2727=ORIENTED_EDGE('',*,*,#5347,.T.);
#2728=ORIENTED_EDGE('',*,*,#5079,.T.);
#2729=ORIENTED_EDGE('',*,*,#5279,.F.);
#2730=ORIENTED_EDGE('',*,*,#4488,.F.);
#2731=ORIENTED_EDGE('',*,*,#5351,.F.);
#2732=ORIENTED_EDGE('',*,*,#5081,.T.);
#2733=ORIENTED_EDGE('',*,*,#5352,.F.);
#2734=ORIENTED_EDGE('',*,*,#4486,.F.);
#2735=ORIENTED_EDGE('',*,*,#5353,.F.);
#2736=ORIENTED_EDGE('',*,*,#4484,.T.);
#2737=ORIENTED_EDGE('',*,*,#5280,.T.);
#2738=ORIENTED_EDGE('',*,*,#5083,.F.);
#2739=ORIENTED_EDGE('',*,*,#5354,.F.);
#2740=ORIENTED_EDGE('',*,*,#4485,.T.);
#2741=ORIENTED_EDGE('',*,*,#5354,.T.);
#2742=ORIENTED_EDGE('',*,*,#5082,.T.);
#2743=ORIENTED_EDGE('',*,*,#5353,.T.);
#2744=ORIENTED_EDGE('',*,*,#4487,.T.);
#2745=ORIENTED_EDGE('',*,*,#5352,.T.);
#2746=ORIENTED_EDGE('',*,*,#5080,.T.);
#2747=ORIENTED_EDGE('',*,*,#5351,.T.);
#2748=ORIENTED_EDGE('',*,*,#5073,.T.);
#2749=ORIENTED_EDGE('',*,*,#5277,.F.);
#2750=ORIENTED_EDGE('',*,*,#4494,.F.);
#2751=ORIENTED_EDGE('',*,*,#5355,.F.);
#2752=ORIENTED_EDGE('',*,*,#5075,.T.);
#2753=ORIENTED_EDGE('',*,*,#5356,.F.);
#2754=ORIENTED_EDGE('',*,*,#4492,.F.);
#2755=ORIENTED_EDGE('',*,*,#5357,.F.);
#2756=ORIENTED_EDGE('',*,*,#4490,.T.);
#2757=ORIENTED_EDGE('',*,*,#5278,.T.);
#2758=ORIENTED_EDGE('',*,*,#5077,.F.);
#2759=ORIENTED_EDGE('',*,*,#5358,.F.);
#2760=ORIENTED_EDGE('',*,*,#4491,.T.);
#2761=ORIENTED_EDGE('',*,*,#5358,.T.);
#2762=ORIENTED_EDGE('',*,*,#5076,.T.);
#2763=ORIENTED_EDGE('',*,*,#5357,.T.);
#2764=ORIENTED_EDGE('',*,*,#4493,.T.);
#2765=ORIENTED_EDGE('',*,*,#5356,.T.);
#2766=ORIENTED_EDGE('',*,*,#5074,.T.);
#2767=ORIENTED_EDGE('',*,*,#5355,.T.);
#2768=ORIENTED_EDGE('',*,*,#5067,.T.);
#2769=ORIENTED_EDGE('',*,*,#5275,.F.);
#2770=ORIENTED_EDGE('',*,*,#4500,.F.);
#2771=ORIENTED_EDGE('',*,*,#5359,.F.);
#2772=ORIENTED_EDGE('',*,*,#5069,.T.);
#2773=ORIENTED_EDGE('',*,*,#5360,.F.);
#2774=ORIENTED_EDGE('',*,*,#4498,.F.);
#2775=ORIENTED_EDGE('',*,*,#5361,.F.);
#2776=ORIENTED_EDGE('',*,*,#4496,.T.);
#2777=ORIENTED_EDGE('',*,*,#5276,.T.);
#2778=ORIENTED_EDGE('',*,*,#5071,.F.);
#2779=ORIENTED_EDGE('',*,*,#5362,.F.);
#2780=ORIENTED_EDGE('',*,*,#4497,.T.);
#2781=ORIENTED_EDGE('',*,*,#5362,.T.);
#2782=ORIENTED_EDGE('',*,*,#5070,.T.);
#2783=ORIENTED_EDGE('',*,*,#5361,.T.);
#2784=ORIENTED_EDGE('',*,*,#4499,.T.);
#2785=ORIENTED_EDGE('',*,*,#5360,.T.);
#2786=ORIENTED_EDGE('',*,*,#5068,.T.);
#2787=ORIENTED_EDGE('',*,*,#5359,.T.);
#2788=ORIENTED_EDGE('',*,*,#5061,.T.);
#2789=ORIENTED_EDGE('',*,*,#5184,.F.);
#2790=ORIENTED_EDGE('',*,*,#4506,.F.);
#2791=ORIENTED_EDGE('',*,*,#5363,.F.);
#2792=ORIENTED_EDGE('',*,*,#5063,.T.);
#2793=ORIENTED_EDGE('',*,*,#5364,.F.);
#2794=ORIENTED_EDGE('',*,*,#4504,.F.);
#2795=ORIENTED_EDGE('',*,*,#5365,.F.);
#2796=ORIENTED_EDGE('',*,*,#4502,.T.);
#2797=ORIENTED_EDGE('',*,*,#5274,.T.);
#2798=ORIENTED_EDGE('',*,*,#5065,.F.);
#2799=ORIENTED_EDGE('',*,*,#5366,.F.);
#2800=ORIENTED_EDGE('',*,*,#4503,.T.);
#2801=ORIENTED_EDGE('',*,*,#5366,.T.);
#2802=ORIENTED_EDGE('',*,*,#5064,.T.);
#2803=ORIENTED_EDGE('',*,*,#5365,.T.);
#2804=ORIENTED_EDGE('',*,*,#4505,.T.);
#2805=ORIENTED_EDGE('',*,*,#5364,.T.);
#2806=ORIENTED_EDGE('',*,*,#5062,.T.);
#2807=ORIENTED_EDGE('',*,*,#5363,.T.);
#2808=ORIENTED_EDGE('',*,*,#4803,.T.);
#2809=ORIENTED_EDGE('',*,*,#5271,.F.);
#2810=ORIENTED_EDGE('',*,*,#4764,.F.);
#2811=ORIENTED_EDGE('',*,*,#5367,.F.);
#2812=ORIENTED_EDGE('',*,*,#4805,.T.);
#2813=ORIENTED_EDGE('',*,*,#5368,.F.);
#2814=ORIENTED_EDGE('',*,*,#4762,.F.);
#2815=ORIENTED_EDGE('',*,*,#5369,.F.);
#2816=ORIENTED_EDGE('',*,*,#4760,.T.);
#2817=ORIENTED_EDGE('',*,*,#5273,.T.);
#2818=ORIENTED_EDGE('',*,*,#4807,.F.);
#2819=ORIENTED_EDGE('',*,*,#5370,.F.);
#2820=ORIENTED_EDGE('',*,*,#4761,.T.);
#2821=ORIENTED_EDGE('',*,*,#5370,.T.);
#2822=ORIENTED_EDGE('',*,*,#4806,.T.);
#2823=ORIENTED_EDGE('',*,*,#5369,.T.);
#2824=ORIENTED_EDGE('',*,*,#4763,.T.);
#2825=ORIENTED_EDGE('',*,*,#5368,.T.);
#2826=ORIENTED_EDGE('',*,*,#4804,.T.);
#2827=ORIENTED_EDGE('',*,*,#5367,.T.);
#2828=ORIENTED_EDGE('',*,*,#4797,.T.);
#2829=ORIENTED_EDGE('',*,*,#5265,.F.);
#2830=ORIENTED_EDGE('',*,*,#4770,.F.);
#2831=ORIENTED_EDGE('',*,*,#5371,.F.);
#2832=ORIENTED_EDGE('',*,*,#4799,.T.);
#2833=ORIENTED_EDGE('',*,*,#5372,.F.);
#2834=ORIENTED_EDGE('',*,*,#4768,.F.);
#2835=ORIENTED_EDGE('',*,*,#5373,.F.);
#2836=ORIENTED_EDGE('',*,*,#4766,.T.);
#2837=ORIENTED_EDGE('',*,*,#5270,.T.);
#2838=ORIENTED_EDGE('',*,*,#4801,.F.);
#2839=ORIENTED_EDGE('',*,*,#5374,.F.);
#2840=ORIENTED_EDGE('',*,*,#4767,.T.);
#2841=ORIENTED_EDGE('',*,*,#5374,.T.);
#2842=ORIENTED_EDGE('',*,*,#4800,.T.);
#2843=ORIENTED_EDGE('',*,*,#5373,.T.);
#2844=ORIENTED_EDGE('',*,*,#4769,.T.);
#2845=ORIENTED_EDGE('',*,*,#5372,.T.);
#2846=ORIENTED_EDGE('',*,*,#4798,.T.);
#2847=ORIENTED_EDGE('',*,*,#5371,.T.);
#2848=ORIENTED_EDGE('',*,*,#4815,.T.);
#2849=ORIENTED_EDGE('',*,*,#5267,.F.);
#2850=ORIENTED_EDGE('',*,*,#4752,.F.);
#2851=ORIENTED_EDGE('',*,*,#5375,.F.);
#2852=ORIENTED_EDGE('',*,*,#4817,.T.);
#2853=ORIENTED_EDGE('',*,*,#5376,.F.);
#2854=ORIENTED_EDGE('',*,*,#4750,.F.);
#2855=ORIENTED_EDGE('',*,*,#5377,.F.);
#2856=ORIENTED_EDGE('',*,*,#4748,.T.);
#2857=ORIENTED_EDGE('',*,*,#5269,.T.);
#2858=ORIENTED_EDGE('',*,*,#4819,.F.);
#2859=ORIENTED_EDGE('',*,*,#5378,.F.);
#2860=ORIENTED_EDGE('',*,*,#4749,.T.);
#2861=ORIENTED_EDGE('',*,*,#5378,.T.);
#2862=ORIENTED_EDGE('',*,*,#4818,.T.);
#2863=ORIENTED_EDGE('',*,*,#5377,.T.);
#2864=ORIENTED_EDGE('',*,*,#4751,.T.);
#2865=ORIENTED_EDGE('',*,*,#5376,.T.);
#2866=ORIENTED_EDGE('',*,*,#4816,.T.);
#2867=ORIENTED_EDGE('',*,*,#5375,.T.);
#2868=ORIENTED_EDGE('',*,*,#4809,.T.);
#2869=ORIENTED_EDGE('',*,*,#5272,.F.);
#2870=ORIENTED_EDGE('',*,*,#4758,.F.);
#2871=ORIENTED_EDGE('',*,*,#5379,.F.);
#2872=ORIENTED_EDGE('',*,*,#4811,.T.);
#2873=ORIENTED_EDGE('',*,*,#5380,.F.);
#2874=ORIENTED_EDGE('',*,*,#4756,.F.);
#2875=ORIENTED_EDGE('',*,*,#5381,.F.);
#2876=ORIENTED_EDGE('',*,*,#4754,.T.);
#2877=ORIENTED_EDGE('',*,*,#5266,.T.);
#2878=ORIENTED_EDGE('',*,*,#4813,.F.);
#2879=ORIENTED_EDGE('',*,*,#5382,.F.);
#2880=ORIENTED_EDGE('',*,*,#4755,.T.);
#2881=ORIENTED_EDGE('',*,*,#5382,.T.);
#2882=ORIENTED_EDGE('',*,*,#4812,.T.);
#2883=ORIENTED_EDGE('',*,*,#5381,.T.);
#2884=ORIENTED_EDGE('',*,*,#4757,.T.);
#2885=ORIENTED_EDGE('',*,*,#5380,.T.);
#2886=ORIENTED_EDGE('',*,*,#4810,.T.);
#2887=ORIENTED_EDGE('',*,*,#5379,.T.);
#2888=ORIENTED_EDGE('',*,*,#4791,.T.);
#2889=ORIENTED_EDGE('',*,*,#5263,.F.);
#2890=ORIENTED_EDGE('',*,*,#4776,.F.);
#2891=ORIENTED_EDGE('',*,*,#5383,.F.);
#2892=ORIENTED_EDGE('',*,*,#4793,.T.);
#2893=ORIENTED_EDGE('',*,*,#5384,.F.);
#2894=ORIENTED_EDGE('',*,*,#4774,.F.);
#2895=ORIENTED_EDGE('',*,*,#5385,.F.);
#2896=ORIENTED_EDGE('',*,*,#4772,.T.);
#2897=ORIENTED_EDGE('',*,*,#5264,.T.);
#2898=ORIENTED_EDGE('',*,*,#4795,.F.);
#2899=ORIENTED_EDGE('',*,*,#5386,.F.);
#2900=ORIENTED_EDGE('',*,*,#4773,.T.);
#2901=ORIENTED_EDGE('',*,*,#5386,.T.);
#2902=ORIENTED_EDGE('',*,*,#4794,.T.);
#2903=ORIENTED_EDGE('',*,*,#5385,.T.);
#2904=ORIENTED_EDGE('',*,*,#4775,.T.);
#2905=ORIENTED_EDGE('',*,*,#5384,.T.);
#2906=ORIENTED_EDGE('',*,*,#4792,.T.);
#2907=ORIENTED_EDGE('',*,*,#5383,.T.);
#2908=ORIENTED_EDGE('',*,*,#4851,.T.);
#2909=ORIENTED_EDGE('',*,*,#5260,.F.);
#2910=ORIENTED_EDGE('',*,*,#4716,.F.);
#2911=ORIENTED_EDGE('',*,*,#5387,.F.);
#2912=ORIENTED_EDGE('',*,*,#4853,.T.);
#2913=ORIENTED_EDGE('',*,*,#5388,.F.);
#2914=ORIENTED_EDGE('',*,*,#4714,.F.);
#2915=ORIENTED_EDGE('',*,*,#5389,.F.);
#2916=ORIENTED_EDGE('',*,*,#4712,.T.);
#2917=ORIENTED_EDGE('',*,*,#5262,.T.);
#2918=ORIENTED_EDGE('',*,*,#4855,.F.);
#2919=ORIENTED_EDGE('',*,*,#5390,.F.);
#2920=ORIENTED_EDGE('',*,*,#4713,.T.);
#2921=ORIENTED_EDGE('',*,*,#5390,.T.);
#2922=ORIENTED_EDGE('',*,*,#4854,.T.);
#2923=ORIENTED_EDGE('',*,*,#5389,.T.);
#2924=ORIENTED_EDGE('',*,*,#4715,.T.);
#2925=ORIENTED_EDGE('',*,*,#5388,.T.);
#2926=ORIENTED_EDGE('',*,*,#4852,.T.);
#2927=ORIENTED_EDGE('',*,*,#5387,.T.);
#2928=ORIENTED_EDGE('',*,*,#4845,.T.);
#2929=ORIENTED_EDGE('',*,*,#5250,.F.);
#2930=ORIENTED_EDGE('',*,*,#4722,.F.);
#2931=ORIENTED_EDGE('',*,*,#5391,.F.);
#2932=ORIENTED_EDGE('',*,*,#4847,.T.);
#2933=ORIENTED_EDGE('',*,*,#5392,.F.);
#2934=ORIENTED_EDGE('',*,*,#4720,.F.);
#2935=ORIENTED_EDGE('',*,*,#5393,.F.);
#2936=ORIENTED_EDGE('',*,*,#4718,.T.);
#2937=ORIENTED_EDGE('',*,*,#5259,.T.);
#2938=ORIENTED_EDGE('',*,*,#4849,.F.);
#2939=ORIENTED_EDGE('',*,*,#5394,.F.);
#2940=ORIENTED_EDGE('',*,*,#4719,.T.);
#2941=ORIENTED_EDGE('',*,*,#5394,.T.);
#2942=ORIENTED_EDGE('',*,*,#4848,.T.);
#2943=ORIENTED_EDGE('',*,*,#5393,.T.);
#2944=ORIENTED_EDGE('',*,*,#4721,.T.);
#2945=ORIENTED_EDGE('',*,*,#5392,.T.);
#2946=ORIENTED_EDGE('',*,*,#4846,.T.);
#2947=ORIENTED_EDGE('',*,*,#5391,.T.);
#2948=ORIENTED_EDGE('',*,*,#4863,.T.);
#2949=ORIENTED_EDGE('',*,*,#5256,.F.);
#2950=ORIENTED_EDGE('',*,*,#4704,.F.);
#2951=ORIENTED_EDGE('',*,*,#5395,.F.);
#2952=ORIENTED_EDGE('',*,*,#4865,.T.);
#2953=ORIENTED_EDGE('',*,*,#5396,.F.);
#2954=ORIENTED_EDGE('',*,*,#4702,.F.);
#2955=ORIENTED_EDGE('',*,*,#5397,.F.);
#2956=ORIENTED_EDGE('',*,*,#4700,.T.);
#2957=ORIENTED_EDGE('',*,*,#5258,.T.);
#2958=ORIENTED_EDGE('',*,*,#4867,.F.);
#2959=ORIENTED_EDGE('',*,*,#5398,.F.);
#2960=ORIENTED_EDGE('',*,*,#4701,.T.);
#2961=ORIENTED_EDGE('',*,*,#5398,.T.);
#2962=ORIENTED_EDGE('',*,*,#4866,.T.);
#2963=ORIENTED_EDGE('',*,*,#5397,.T.);
#2964=ORIENTED_EDGE('',*,*,#4703,.T.);
#2965=ORIENTED_EDGE('',*,*,#5396,.T.);
#2966=ORIENTED_EDGE('',*,*,#4864,.T.);
#2967=ORIENTED_EDGE('',*,*,#5395,.T.);
#2968=ORIENTED_EDGE('',*,*,#4857,.T.);
#2969=ORIENTED_EDGE('',*,*,#5261,.F.);
#2970=ORIENTED_EDGE('',*,*,#4710,.F.);
#2971=ORIENTED_EDGE('',*,*,#5399,.F.);
#2972=ORIENTED_EDGE('',*,*,#4859,.T.);
#2973=ORIENTED_EDGE('',*,*,#5400,.F.);
#2974=ORIENTED_EDGE('',*,*,#4708,.F.);
#2975=ORIENTED_EDGE('',*,*,#5401,.F.);
#2976=ORIENTED_EDGE('',*,*,#4706,.T.);
#2977=ORIENTED_EDGE('',*,*,#5255,.T.);
#2978=ORIENTED_EDGE('',*,*,#4861,.F.);
#2979=ORIENTED_EDGE('',*,*,#5402,.F.);
#2980=ORIENTED_EDGE('',*,*,#4707,.T.);
#2981=ORIENTED_EDGE('',*,*,#5402,.T.);
#2982=ORIENTED_EDGE('',*,*,#4860,.T.);
#2983=ORIENTED_EDGE('',*,*,#5401,.T.);
#2984=ORIENTED_EDGE('',*,*,#4709,.T.);
#2985=ORIENTED_EDGE('',*,*,#5400,.T.);
#2986=ORIENTED_EDGE('',*,*,#4858,.T.);
#2987=ORIENTED_EDGE('',*,*,#5399,.T.);
#2988=ORIENTED_EDGE('',*,*,#4827,.T.);
#2989=ORIENTED_EDGE('',*,*,#5252,.F.);
#2990=ORIENTED_EDGE('',*,*,#4740,.F.);
#2991=ORIENTED_EDGE('',*,*,#5403,.F.);
#2992=ORIENTED_EDGE('',*,*,#4829,.T.);
#2993=ORIENTED_EDGE('',*,*,#5404,.F.);
#2994=ORIENTED_EDGE('',*,*,#4738,.F.);
#2995=ORIENTED_EDGE('',*,*,#5405,.F.);
#2996=ORIENTED_EDGE('',*,*,#4736,.T.);
#2997=ORIENTED_EDGE('',*,*,#5254,.T.);
#2998=ORIENTED_EDGE('',*,*,#4831,.F.);
#2999=ORIENTED_EDGE('',*,*,#5406,.F.);
#3000=ORIENTED_EDGE('',*,*,#4737,.T.);
#3001=ORIENTED_EDGE('',*,*,#5406,.T.);
#3002=ORIENTED_EDGE('',*,*,#4830,.T.);
#3003=ORIENTED_EDGE('',*,*,#5405,.T.);
#3004=ORIENTED_EDGE('',*,*,#4739,.T.);
#3005=ORIENTED_EDGE('',*,*,#5404,.T.);
#3006=ORIENTED_EDGE('',*,*,#4828,.T.);
#3007=ORIENTED_EDGE('',*,*,#5403,.T.);
#3008=ORIENTED_EDGE('',*,*,#4821,.T.);
#3009=ORIENTED_EDGE('',*,*,#5268,.F.);
#3010=ORIENTED_EDGE('',*,*,#4746,.F.);
#3011=ORIENTED_EDGE('',*,*,#5407,.F.);
#3012=ORIENTED_EDGE('',*,*,#4823,.T.);
#3013=ORIENTED_EDGE('',*,*,#5408,.F.);
#3014=ORIENTED_EDGE('',*,*,#4744,.F.);
#3015=ORIENTED_EDGE('',*,*,#5409,.F.);
#3016=ORIENTED_EDGE('',*,*,#4742,.T.);
#3017=ORIENTED_EDGE('',*,*,#5251,.T.);
#3018=ORIENTED_EDGE('',*,*,#4825,.F.);
#3019=ORIENTED_EDGE('',*,*,#5410,.F.);
#3020=ORIENTED_EDGE('',*,*,#4743,.T.);
#3021=ORIENTED_EDGE('',*,*,#5410,.T.);
#3022=ORIENTED_EDGE('',*,*,#4824,.T.);
#3023=ORIENTED_EDGE('',*,*,#5409,.T.);
#3024=ORIENTED_EDGE('',*,*,#4745,.T.);
#3025=ORIENTED_EDGE('',*,*,#5408,.T.);
#3026=ORIENTED_EDGE('',*,*,#4822,.T.);
#3027=ORIENTED_EDGE('',*,*,#5407,.T.);
#3028=ORIENTED_EDGE('',*,*,#4839,.T.);
#3029=ORIENTED_EDGE('',*,*,#5248,.F.);
#3030=ORIENTED_EDGE('',*,*,#4728,.F.);
#3031=ORIENTED_EDGE('',*,*,#5411,.F.);
#3032=ORIENTED_EDGE('',*,*,#4841,.T.);
#3033=ORIENTED_EDGE('',*,*,#5412,.F.);
#3034=ORIENTED_EDGE('',*,*,#4726,.F.);
#3035=ORIENTED_EDGE('',*,*,#5413,.F.);
#3036=ORIENTED_EDGE('',*,*,#4724,.T.);
#3037=ORIENTED_EDGE('',*,*,#5249,.T.);
#3038=ORIENTED_EDGE('',*,*,#4843,.F.);
#3039=ORIENTED_EDGE('',*,*,#5414,.F.);
#3040=ORIENTED_EDGE('',*,*,#4725,.T.);
#3041=ORIENTED_EDGE('',*,*,#5414,.T.);
#3042=ORIENTED_EDGE('',*,*,#4842,.T.);
#3043=ORIENTED_EDGE('',*,*,#5413,.T.);
#3044=ORIENTED_EDGE('',*,*,#4727,.T.);
#3045=ORIENTED_EDGE('',*,*,#5412,.T.);
#3046=ORIENTED_EDGE('',*,*,#4840,.T.);
#3047=ORIENTED_EDGE('',*,*,#5411,.T.);
#3048=ORIENTED_EDGE('',*,*,#4833,.T.);
#3049=ORIENTED_EDGE('',*,*,#5253,.F.);
#3050=ORIENTED_EDGE('',*,*,#4734,.F.);
#3051=ORIENTED_EDGE('',*,*,#5415,.F.);
#3052=ORIENTED_EDGE('',*,*,#4835,.T.);
#3053=ORIENTED_EDGE('',*,*,#5416,.F.);
#3054=ORIENTED_EDGE('',*,*,#4732,.F.);
#3055=ORIENTED_EDGE('',*,*,#5417,.F.);
#3056=ORIENTED_EDGE('',*,*,#4730,.T.);
#3057=ORIENTED_EDGE('',*,*,#5247,.T.);
#3058=ORIENTED_EDGE('',*,*,#4837,.F.);
#3059=ORIENTED_EDGE('',*,*,#5418,.F.);
#3060=ORIENTED_EDGE('',*,*,#4731,.T.);
#3061=ORIENTED_EDGE('',*,*,#5418,.T.);
#3062=ORIENTED_EDGE('',*,*,#4836,.T.);
#3063=ORIENTED_EDGE('',*,*,#5417,.T.);
#3064=ORIENTED_EDGE('',*,*,#4733,.T.);
#3065=ORIENTED_EDGE('',*,*,#5416,.T.);
#3066=ORIENTED_EDGE('',*,*,#4834,.T.);
#3067=ORIENTED_EDGE('',*,*,#5415,.T.);
#3068=ORIENTED_EDGE('',*,*,#4869,.T.);
#3069=ORIENTED_EDGE('',*,*,#5257,.F.);
#3070=ORIENTED_EDGE('',*,*,#4698,.F.);
#3071=ORIENTED_EDGE('',*,*,#5419,.F.);
#3072=ORIENTED_EDGE('',*,*,#4871,.T.);
#3073=ORIENTED_EDGE('',*,*,#5420,.F.);
#3074=ORIENTED_EDGE('',*,*,#4696,.F.);
#3075=ORIENTED_EDGE('',*,*,#5421,.F.);
#3076=ORIENTED_EDGE('',*,*,#4694,.T.);
#3077=ORIENTED_EDGE('',*,*,#5246,.T.);
#3078=ORIENTED_EDGE('',*,*,#4873,.F.);
#3079=ORIENTED_EDGE('',*,*,#5422,.F.);
#3080=ORIENTED_EDGE('',*,*,#4695,.T.);
#3081=ORIENTED_EDGE('',*,*,#5422,.T.);
#3082=ORIENTED_EDGE('',*,*,#4872,.T.);
#3083=ORIENTED_EDGE('',*,*,#5421,.T.);
#3084=ORIENTED_EDGE('',*,*,#4697,.T.);
#3085=ORIENTED_EDGE('',*,*,#5420,.T.);
#3086=ORIENTED_EDGE('',*,*,#4870,.T.);
#3087=ORIENTED_EDGE('',*,*,#5419,.T.);
#3088=ORIENTED_EDGE('',*,*,#4875,.T.);
#3089=ORIENTED_EDGE('',*,*,#5245,.F.);
#3090=ORIENTED_EDGE('',*,*,#4692,.F.);
#3091=ORIENTED_EDGE('',*,*,#5423,.F.);
#3092=ORIENTED_EDGE('',*,*,#4877,.T.);
#3093=ORIENTED_EDGE('',*,*,#5424,.F.);
#3094=ORIENTED_EDGE('',*,*,#4690,.F.);
#3095=ORIENTED_EDGE('',*,*,#5425,.F.);
#3096=ORIENTED_EDGE('',*,*,#4688,.T.);
#3097=ORIENTED_EDGE('',*,*,#5244,.T.);
#3098=ORIENTED_EDGE('',*,*,#4879,.F.);
#3099=ORIENTED_EDGE('',*,*,#5426,.F.);
#3100=ORIENTED_EDGE('',*,*,#4689,.T.);
#3101=ORIENTED_EDGE('',*,*,#5426,.T.);
#3102=ORIENTED_EDGE('',*,*,#4878,.T.);
#3103=ORIENTED_EDGE('',*,*,#5425,.T.);
#3104=ORIENTED_EDGE('',*,*,#4691,.T.);
#3105=ORIENTED_EDGE('',*,*,#5424,.T.);
#3106=ORIENTED_EDGE('',*,*,#4876,.T.);
#3107=ORIENTED_EDGE('',*,*,#5423,.T.);
#3108=ORIENTED_EDGE('',*,*,#4881,.T.);
#3109=ORIENTED_EDGE('',*,*,#5243,.F.);
#3110=ORIENTED_EDGE('',*,*,#4686,.F.);
#3111=ORIENTED_EDGE('',*,*,#5427,.F.);
#3112=ORIENTED_EDGE('',*,*,#4883,.T.);
#3113=ORIENTED_EDGE('',*,*,#5428,.F.);
#3114=ORIENTED_EDGE('',*,*,#4684,.F.);
#3115=ORIENTED_EDGE('',*,*,#5429,.F.);
#3116=ORIENTED_EDGE('',*,*,#4682,.T.);
#3117=ORIENTED_EDGE('',*,*,#5242,.T.);
#3118=ORIENTED_EDGE('',*,*,#4885,.F.);
#3119=ORIENTED_EDGE('',*,*,#5430,.F.);
#3120=ORIENTED_EDGE('',*,*,#4683,.T.);
#3121=ORIENTED_EDGE('',*,*,#5430,.T.);
#3122=ORIENTED_EDGE('',*,*,#4884,.T.);
#3123=ORIENTED_EDGE('',*,*,#5429,.T.);
#3124=ORIENTED_EDGE('',*,*,#4685,.T.);
#3125=ORIENTED_EDGE('',*,*,#5428,.T.);
#3126=ORIENTED_EDGE('',*,*,#4882,.T.);
#3127=ORIENTED_EDGE('',*,*,#5427,.T.);
#3128=ORIENTED_EDGE('',*,*,#4887,.T.);
#3129=ORIENTED_EDGE('',*,*,#5241,.F.);
#3130=ORIENTED_EDGE('',*,*,#4680,.F.);
#3131=ORIENTED_EDGE('',*,*,#5431,.F.);
#3132=ORIENTED_EDGE('',*,*,#4889,.T.);
#3133=ORIENTED_EDGE('',*,*,#5432,.F.);
#3134=ORIENTED_EDGE('',*,*,#4678,.F.);
#3135=ORIENTED_EDGE('',*,*,#5433,.F.);
#3136=ORIENTED_EDGE('',*,*,#4676,.T.);
#3137=ORIENTED_EDGE('',*,*,#5240,.T.);
#3138=ORIENTED_EDGE('',*,*,#4891,.F.);
#3139=ORIENTED_EDGE('',*,*,#5434,.F.);
#3140=ORIENTED_EDGE('',*,*,#4677,.T.);
#3141=ORIENTED_EDGE('',*,*,#5434,.T.);
#3142=ORIENTED_EDGE('',*,*,#4890,.T.);
#3143=ORIENTED_EDGE('',*,*,#5433,.T.);
#3144=ORIENTED_EDGE('',*,*,#4679,.T.);
#3145=ORIENTED_EDGE('',*,*,#5432,.T.);
#3146=ORIENTED_EDGE('',*,*,#4888,.T.);
#3147=ORIENTED_EDGE('',*,*,#5431,.T.);
#3148=ORIENTED_EDGE('',*,*,#4893,.T.);
#3149=ORIENTED_EDGE('',*,*,#5239,.F.);
#3150=ORIENTED_EDGE('',*,*,#4674,.F.);
#3151=ORIENTED_EDGE('',*,*,#5435,.F.);
#3152=ORIENTED_EDGE('',*,*,#4895,.T.);
#3153=ORIENTED_EDGE('',*,*,#5436,.F.);
#3154=ORIENTED_EDGE('',*,*,#4672,.F.);
#3155=ORIENTED_EDGE('',*,*,#5437,.F.);
#3156=ORIENTED_EDGE('',*,*,#4670,.T.);
#3157=ORIENTED_EDGE('',*,*,#5238,.T.);
#3158=ORIENTED_EDGE('',*,*,#4897,.F.);
#3159=ORIENTED_EDGE('',*,*,#5438,.F.);
#3160=ORIENTED_EDGE('',*,*,#4671,.T.);
#3161=ORIENTED_EDGE('',*,*,#5438,.T.);
#3162=ORIENTED_EDGE('',*,*,#4896,.T.);
#3163=ORIENTED_EDGE('',*,*,#5437,.T.);
#3164=ORIENTED_EDGE('',*,*,#4673,.T.);
#3165=ORIENTED_EDGE('',*,*,#5436,.T.);
#3166=ORIENTED_EDGE('',*,*,#4894,.T.);
#3167=ORIENTED_EDGE('',*,*,#5435,.T.);
#3168=ORIENTED_EDGE('',*,*,#4899,.T.);
#3169=ORIENTED_EDGE('',*,*,#5237,.F.);
#3170=ORIENTED_EDGE('',*,*,#4668,.F.);
#3171=ORIENTED_EDGE('',*,*,#5439,.F.);
#3172=ORIENTED_EDGE('',*,*,#4901,.T.);
#3173=ORIENTED_EDGE('',*,*,#5440,.F.);
#3174=ORIENTED_EDGE('',*,*,#4666,.F.);
#3175=ORIENTED_EDGE('',*,*,#5441,.F.);
#3176=ORIENTED_EDGE('',*,*,#4664,.T.);
#3177=ORIENTED_EDGE('',*,*,#5236,.T.);
#3178=ORIENTED_EDGE('',*,*,#4903,.F.);
#3179=ORIENTED_EDGE('',*,*,#5442,.F.);
#3180=ORIENTED_EDGE('',*,*,#4665,.T.);
#3181=ORIENTED_EDGE('',*,*,#5442,.T.);
#3182=ORIENTED_EDGE('',*,*,#4902,.T.);
#3183=ORIENTED_EDGE('',*,*,#5441,.T.);
#3184=ORIENTED_EDGE('',*,*,#4667,.T.);
#3185=ORIENTED_EDGE('',*,*,#5440,.T.);
#3186=ORIENTED_EDGE('',*,*,#4900,.T.);
#3187=ORIENTED_EDGE('',*,*,#5439,.T.);
#3188=ORIENTED_EDGE('',*,*,#4905,.T.);
#3189=ORIENTED_EDGE('',*,*,#5235,.F.);
#3190=ORIENTED_EDGE('',*,*,#4662,.F.);
#3191=ORIENTED_EDGE('',*,*,#5443,.F.);
#3192=ORIENTED_EDGE('',*,*,#4907,.T.);
#3193=ORIENTED_EDGE('',*,*,#5444,.F.);
#3194=ORIENTED_EDGE('',*,*,#4660,.F.);
#3195=ORIENTED_EDGE('',*,*,#5445,.F.);
#3196=ORIENTED_EDGE('',*,*,#4658,.T.);
#3197=ORIENTED_EDGE('',*,*,#5234,.T.);
#3198=ORIENTED_EDGE('',*,*,#4909,.F.);
#3199=ORIENTED_EDGE('',*,*,#5446,.F.);
#3200=ORIENTED_EDGE('',*,*,#4659,.T.);
#3201=ORIENTED_EDGE('',*,*,#5446,.T.);
#3202=ORIENTED_EDGE('',*,*,#4908,.T.);
#3203=ORIENTED_EDGE('',*,*,#5445,.T.);
#3204=ORIENTED_EDGE('',*,*,#4661,.T.);
#3205=ORIENTED_EDGE('',*,*,#5444,.T.);
#3206=ORIENTED_EDGE('',*,*,#4906,.T.);
#3207=ORIENTED_EDGE('',*,*,#5443,.T.);
#3208=ORIENTED_EDGE('',*,*,#4911,.T.);
#3209=ORIENTED_EDGE('',*,*,#5233,.F.);
#3210=ORIENTED_EDGE('',*,*,#4656,.F.);
#3211=ORIENTED_EDGE('',*,*,#5447,.F.);
#3212=ORIENTED_EDGE('',*,*,#4913,.T.);
#3213=ORIENTED_EDGE('',*,*,#5448,.F.);
#3214=ORIENTED_EDGE('',*,*,#4654,.F.);
#3215=ORIENTED_EDGE('',*,*,#5449,.F.);
#3216=ORIENTED_EDGE('',*,*,#4652,.T.);
#3217=ORIENTED_EDGE('',*,*,#5232,.T.);
#3218=ORIENTED_EDGE('',*,*,#4915,.F.);
#3219=ORIENTED_EDGE('',*,*,#5450,.F.);
#3220=ORIENTED_EDGE('',*,*,#4653,.T.);
#3221=ORIENTED_EDGE('',*,*,#5450,.T.);
#3222=ORIENTED_EDGE('',*,*,#4914,.T.);
#3223=ORIENTED_EDGE('',*,*,#5449,.T.);
#3224=ORIENTED_EDGE('',*,*,#4655,.T.);
#3225=ORIENTED_EDGE('',*,*,#5448,.T.);
#3226=ORIENTED_EDGE('',*,*,#4912,.T.);
#3227=ORIENTED_EDGE('',*,*,#5447,.T.);
#3228=ORIENTED_EDGE('',*,*,#4917,.T.);
#3229=ORIENTED_EDGE('',*,*,#5231,.F.);
#3230=ORIENTED_EDGE('',*,*,#4650,.F.);
#3231=ORIENTED_EDGE('',*,*,#5451,.F.);
#3232=ORIENTED_EDGE('',*,*,#4919,.T.);
#3233=ORIENTED_EDGE('',*,*,#5452,.F.);
#3234=ORIENTED_EDGE('',*,*,#4648,.F.);
#3235=ORIENTED_EDGE('',*,*,#5453,.F.);
#3236=ORIENTED_EDGE('',*,*,#4646,.T.);
#3237=ORIENTED_EDGE('',*,*,#5230,.T.);
#3238=ORIENTED_EDGE('',*,*,#4921,.F.);
#3239=ORIENTED_EDGE('',*,*,#5454,.F.);
#3240=ORIENTED_EDGE('',*,*,#4647,.T.);
#3241=ORIENTED_EDGE('',*,*,#5454,.T.);
#3242=ORIENTED_EDGE('',*,*,#4920,.T.);
#3243=ORIENTED_EDGE('',*,*,#5453,.T.);
#3244=ORIENTED_EDGE('',*,*,#4649,.T.);
#3245=ORIENTED_EDGE('',*,*,#5452,.T.);
#3246=ORIENTED_EDGE('',*,*,#4918,.T.);
#3247=ORIENTED_EDGE('',*,*,#5451,.T.);
#3248=ORIENTED_EDGE('',*,*,#4923,.T.);
#3249=ORIENTED_EDGE('',*,*,#5229,.F.);
#3250=ORIENTED_EDGE('',*,*,#4644,.F.);
#3251=ORIENTED_EDGE('',*,*,#5455,.F.);
#3252=ORIENTED_EDGE('',*,*,#4925,.T.);
#3253=ORIENTED_EDGE('',*,*,#5456,.F.);
#3254=ORIENTED_EDGE('',*,*,#4642,.F.);
#3255=ORIENTED_EDGE('',*,*,#5457,.F.);
#3256=ORIENTED_EDGE('',*,*,#4640,.T.);
#3257=ORIENTED_EDGE('',*,*,#5228,.T.);
#3258=ORIENTED_EDGE('',*,*,#4927,.F.);
#3259=ORIENTED_EDGE('',*,*,#5458,.F.);
#3260=ORIENTED_EDGE('',*,*,#4641,.T.);
#3261=ORIENTED_EDGE('',*,*,#5458,.T.);
#3262=ORIENTED_EDGE('',*,*,#4926,.T.);
#3263=ORIENTED_EDGE('',*,*,#5457,.T.);
#3264=ORIENTED_EDGE('',*,*,#4643,.T.);
#3265=ORIENTED_EDGE('',*,*,#5456,.T.);
#3266=ORIENTED_EDGE('',*,*,#4924,.T.);
#3267=ORIENTED_EDGE('',*,*,#5455,.T.);
#3268=ORIENTED_EDGE('',*,*,#4929,.T.);
#3269=ORIENTED_EDGE('',*,*,#5227,.F.);
#3270=ORIENTED_EDGE('',*,*,#4638,.F.);
#3271=ORIENTED_EDGE('',*,*,#5459,.F.);
#3272=ORIENTED_EDGE('',*,*,#4931,.T.);
#3273=ORIENTED_EDGE('',*,*,#5460,.F.);
#3274=ORIENTED_EDGE('',*,*,#4636,.F.);
#3275=ORIENTED_EDGE('',*,*,#5461,.F.);
#3276=ORIENTED_EDGE('',*,*,#4634,.T.);
#3277=ORIENTED_EDGE('',*,*,#5226,.T.);
#3278=ORIENTED_EDGE('',*,*,#4933,.F.);
#3279=ORIENTED_EDGE('',*,*,#5462,.F.);
#3280=ORIENTED_EDGE('',*,*,#4635,.T.);
#3281=ORIENTED_EDGE('',*,*,#5462,.T.);
#3282=ORIENTED_EDGE('',*,*,#4932,.T.);
#3283=ORIENTED_EDGE('',*,*,#5461,.T.);
#3284=ORIENTED_EDGE('',*,*,#4637,.T.);
#3285=ORIENTED_EDGE('',*,*,#5460,.T.);
#3286=ORIENTED_EDGE('',*,*,#4930,.T.);
#3287=ORIENTED_EDGE('',*,*,#5459,.T.);
#3288=ORIENTED_EDGE('',*,*,#4935,.T.);
#3289=ORIENTED_EDGE('',*,*,#5225,.F.);
#3290=ORIENTED_EDGE('',*,*,#4632,.F.);
#3291=ORIENTED_EDGE('',*,*,#5463,.F.);
#3292=ORIENTED_EDGE('',*,*,#4937,.T.);
#3293=ORIENTED_EDGE('',*,*,#5464,.F.);
#3294=ORIENTED_EDGE('',*,*,#4630,.F.);
#3295=ORIENTED_EDGE('',*,*,#5465,.F.);
#3296=ORIENTED_EDGE('',*,*,#4628,.T.);
#3297=ORIENTED_EDGE('',*,*,#5224,.T.);
#3298=ORIENTED_EDGE('',*,*,#4939,.F.);
#3299=ORIENTED_EDGE('',*,*,#5466,.F.);
#3300=ORIENTED_EDGE('',*,*,#4629,.T.);
#3301=ORIENTED_EDGE('',*,*,#5466,.T.);
#3302=ORIENTED_EDGE('',*,*,#4938,.T.);
#3303=ORIENTED_EDGE('',*,*,#5465,.T.);
#3304=ORIENTED_EDGE('',*,*,#4631,.T.);
#3305=ORIENTED_EDGE('',*,*,#5464,.T.);
#3306=ORIENTED_EDGE('',*,*,#4936,.T.);
#3307=ORIENTED_EDGE('',*,*,#5463,.T.);
#3308=ORIENTED_EDGE('',*,*,#4941,.T.);
#3309=ORIENTED_EDGE('',*,*,#5223,.F.);
#3310=ORIENTED_EDGE('',*,*,#4626,.F.);
#3311=ORIENTED_EDGE('',*,*,#5467,.F.);
#3312=ORIENTED_EDGE('',*,*,#4943,.T.);
#3313=ORIENTED_EDGE('',*,*,#5468,.F.);
#3314=ORIENTED_EDGE('',*,*,#4624,.F.);
#3315=ORIENTED_EDGE('',*,*,#5469,.F.);
#3316=ORIENTED_EDGE('',*,*,#4622,.T.);
#3317=ORIENTED_EDGE('',*,*,#5222,.T.);
#3318=ORIENTED_EDGE('',*,*,#4945,.F.);
#3319=ORIENTED_EDGE('',*,*,#5470,.F.);
#3320=ORIENTED_EDGE('',*,*,#4623,.T.);
#3321=ORIENTED_EDGE('',*,*,#5470,.T.);
#3322=ORIENTED_EDGE('',*,*,#4944,.T.);
#3323=ORIENTED_EDGE('',*,*,#5469,.T.);
#3324=ORIENTED_EDGE('',*,*,#4625,.T.);
#3325=ORIENTED_EDGE('',*,*,#5468,.T.);
#3326=ORIENTED_EDGE('',*,*,#4942,.T.);
#3327=ORIENTED_EDGE('',*,*,#5467,.T.);
#3328=ORIENTED_EDGE('',*,*,#4947,.T.);
#3329=ORIENTED_EDGE('',*,*,#5221,.F.);
#3330=ORIENTED_EDGE('',*,*,#4620,.F.);
#3331=ORIENTED_EDGE('',*,*,#5471,.F.);
#3332=ORIENTED_EDGE('',*,*,#4949,.T.);
#3333=ORIENTED_EDGE('',*,*,#5472,.F.);
#3334=ORIENTED_EDGE('',*,*,#4618,.F.);
#3335=ORIENTED_EDGE('',*,*,#5473,.F.);
#3336=ORIENTED_EDGE('',*,*,#4616,.T.);
#3337=ORIENTED_EDGE('',*,*,#5220,.T.);
#3338=ORIENTED_EDGE('',*,*,#4951,.F.);
#3339=ORIENTED_EDGE('',*,*,#5474,.F.);
#3340=ORIENTED_EDGE('',*,*,#4617,.T.);
#3341=ORIENTED_EDGE('',*,*,#5474,.T.);
#3342=ORIENTED_EDGE('',*,*,#4950,.T.);
#3343=ORIENTED_EDGE('',*,*,#5473,.T.);
#3344=ORIENTED_EDGE('',*,*,#4619,.T.);
#3345=ORIENTED_EDGE('',*,*,#5472,.T.);
#3346=ORIENTED_EDGE('',*,*,#4948,.T.);
#3347=ORIENTED_EDGE('',*,*,#5471,.T.);
#3348=ORIENTED_EDGE('',*,*,#4953,.T.);
#3349=ORIENTED_EDGE('',*,*,#5219,.F.);
#3350=ORIENTED_EDGE('',*,*,#4614,.F.);
#3351=ORIENTED_EDGE('',*,*,#5475,.F.);
#3352=ORIENTED_EDGE('',*,*,#4955,.T.);
#3353=ORIENTED_EDGE('',*,*,#5476,.F.);
#3354=ORIENTED_EDGE('',*,*,#4612,.F.);
#3355=ORIENTED_EDGE('',*,*,#5477,.F.);
#3356=ORIENTED_EDGE('',*,*,#4610,.T.);
#3357=ORIENTED_EDGE('',*,*,#5218,.T.);
#3358=ORIENTED_EDGE('',*,*,#4957,.F.);
#3359=ORIENTED_EDGE('',*,*,#5478,.F.);
#3360=ORIENTED_EDGE('',*,*,#4611,.T.);
#3361=ORIENTED_EDGE('',*,*,#5478,.T.);
#3362=ORIENTED_EDGE('',*,*,#4956,.T.);
#3363=ORIENTED_EDGE('',*,*,#5477,.T.);
#3364=ORIENTED_EDGE('',*,*,#4613,.T.);
#3365=ORIENTED_EDGE('',*,*,#5476,.T.);
#3366=ORIENTED_EDGE('',*,*,#4954,.T.);
#3367=ORIENTED_EDGE('',*,*,#5475,.T.);
#3368=ORIENTED_EDGE('',*,*,#4959,.T.);
#3369=ORIENTED_EDGE('',*,*,#5217,.F.);
#3370=ORIENTED_EDGE('',*,*,#4608,.F.);
#3371=ORIENTED_EDGE('',*,*,#5479,.F.);
#3372=ORIENTED_EDGE('',*,*,#4961,.T.);
#3373=ORIENTED_EDGE('',*,*,#5480,.F.);
#3374=ORIENTED_EDGE('',*,*,#4606,.F.);
#3375=ORIENTED_EDGE('',*,*,#5481,.F.);
#3376=ORIENTED_EDGE('',*,*,#4604,.T.);
#3377=ORIENTED_EDGE('',*,*,#5216,.T.);
#3378=ORIENTED_EDGE('',*,*,#4963,.F.);
#3379=ORIENTED_EDGE('',*,*,#5482,.F.);
#3380=ORIENTED_EDGE('',*,*,#4605,.T.);
#3381=ORIENTED_EDGE('',*,*,#5482,.T.);
#3382=ORIENTED_EDGE('',*,*,#4962,.T.);
#3383=ORIENTED_EDGE('',*,*,#5481,.T.);
#3384=ORIENTED_EDGE('',*,*,#4607,.T.);
#3385=ORIENTED_EDGE('',*,*,#5480,.T.);
#3386=ORIENTED_EDGE('',*,*,#4960,.T.);
#3387=ORIENTED_EDGE('',*,*,#5479,.T.);
#3388=ORIENTED_EDGE('',*,*,#4965,.T.);
#3389=ORIENTED_EDGE('',*,*,#5215,.F.);
#3390=ORIENTED_EDGE('',*,*,#4602,.F.);
#3391=ORIENTED_EDGE('',*,*,#5483,.F.);
#3392=ORIENTED_EDGE('',*,*,#4967,.T.);
#3393=ORIENTED_EDGE('',*,*,#5484,.F.);
#3394=ORIENTED_EDGE('',*,*,#4600,.F.);
#3395=ORIENTED_EDGE('',*,*,#5485,.F.);
#3396=ORIENTED_EDGE('',*,*,#4598,.T.);
#3397=ORIENTED_EDGE('',*,*,#5214,.T.);
#3398=ORIENTED_EDGE('',*,*,#4969,.F.);
#3399=ORIENTED_EDGE('',*,*,#5486,.F.);
#3400=ORIENTED_EDGE('',*,*,#4599,.T.);
#3401=ORIENTED_EDGE('',*,*,#5486,.T.);
#3402=ORIENTED_EDGE('',*,*,#4968,.T.);
#3403=ORIENTED_EDGE('',*,*,#5485,.T.);
#3404=ORIENTED_EDGE('',*,*,#4601,.T.);
#3405=ORIENTED_EDGE('',*,*,#5484,.T.);
#3406=ORIENTED_EDGE('',*,*,#4966,.T.);
#3407=ORIENTED_EDGE('',*,*,#5483,.T.);
#3408=ORIENTED_EDGE('',*,*,#4971,.T.);
#3409=ORIENTED_EDGE('',*,*,#5213,.F.);
#3410=ORIENTED_EDGE('',*,*,#4596,.F.);
#3411=ORIENTED_EDGE('',*,*,#5487,.F.);
#3412=ORIENTED_EDGE('',*,*,#4973,.T.);
#3413=ORIENTED_EDGE('',*,*,#5488,.F.);
#3414=ORIENTED_EDGE('',*,*,#4594,.F.);
#3415=ORIENTED_EDGE('',*,*,#5489,.F.);
#3416=ORIENTED_EDGE('',*,*,#4592,.T.);
#3417=ORIENTED_EDGE('',*,*,#5212,.T.);
#3418=ORIENTED_EDGE('',*,*,#4975,.F.);
#3419=ORIENTED_EDGE('',*,*,#5490,.F.);
#3420=ORIENTED_EDGE('',*,*,#4593,.T.);
#3421=ORIENTED_EDGE('',*,*,#5490,.T.);
#3422=ORIENTED_EDGE('',*,*,#4974,.T.);
#3423=ORIENTED_EDGE('',*,*,#5489,.T.);
#3424=ORIENTED_EDGE('',*,*,#4595,.T.);
#3425=ORIENTED_EDGE('',*,*,#5488,.T.);
#3426=ORIENTED_EDGE('',*,*,#4972,.T.);
#3427=ORIENTED_EDGE('',*,*,#5487,.T.);
#3428=ORIENTED_EDGE('',*,*,#4977,.T.);
#3429=ORIENTED_EDGE('',*,*,#5211,.F.);
#3430=ORIENTED_EDGE('',*,*,#4590,.F.);
#3431=ORIENTED_EDGE('',*,*,#5491,.F.);
#3432=ORIENTED_EDGE('',*,*,#4979,.T.);
#3433=ORIENTED_EDGE('',*,*,#5492,.F.);
#3434=ORIENTED_EDGE('',*,*,#4588,.F.);
#3435=ORIENTED_EDGE('',*,*,#5493,.F.);
#3436=ORIENTED_EDGE('',*,*,#4586,.T.);
#3437=ORIENTED_EDGE('',*,*,#5210,.T.);
#3438=ORIENTED_EDGE('',*,*,#4981,.F.);
#3439=ORIENTED_EDGE('',*,*,#5494,.F.);
#3440=ORIENTED_EDGE('',*,*,#4587,.T.);
#3441=ORIENTED_EDGE('',*,*,#5494,.T.);
#3442=ORIENTED_EDGE('',*,*,#4980,.T.);
#3443=ORIENTED_EDGE('',*,*,#5493,.T.);
#3444=ORIENTED_EDGE('',*,*,#4589,.T.);
#3445=ORIENTED_EDGE('',*,*,#5492,.T.);
#3446=ORIENTED_EDGE('',*,*,#4978,.T.);
#3447=ORIENTED_EDGE('',*,*,#5491,.T.);
#3448=ORIENTED_EDGE('',*,*,#4983,.T.);
#3449=ORIENTED_EDGE('',*,*,#5209,.F.);
#3450=ORIENTED_EDGE('',*,*,#4584,.F.);
#3451=ORIENTED_EDGE('',*,*,#5495,.F.);
#3452=ORIENTED_EDGE('',*,*,#4985,.T.);
#3453=ORIENTED_EDGE('',*,*,#5496,.F.);
#3454=ORIENTED_EDGE('',*,*,#4582,.F.);
#3455=ORIENTED_EDGE('',*,*,#5497,.F.);
#3456=ORIENTED_EDGE('',*,*,#4580,.T.);
#3457=ORIENTED_EDGE('',*,*,#5208,.T.);
#3458=ORIENTED_EDGE('',*,*,#4987,.F.);
#3459=ORIENTED_EDGE('',*,*,#5498,.F.);
#3460=ORIENTED_EDGE('',*,*,#4581,.T.);
#3461=ORIENTED_EDGE('',*,*,#5498,.T.);
#3462=ORIENTED_EDGE('',*,*,#4986,.T.);
#3463=ORIENTED_EDGE('',*,*,#5497,.T.);
#3464=ORIENTED_EDGE('',*,*,#4583,.T.);
#3465=ORIENTED_EDGE('',*,*,#5496,.T.);
#3466=ORIENTED_EDGE('',*,*,#4984,.T.);
#3467=ORIENTED_EDGE('',*,*,#5495,.T.);
#3468=ORIENTED_EDGE('',*,*,#4989,.T.);
#3469=ORIENTED_EDGE('',*,*,#5207,.F.);
#3470=ORIENTED_EDGE('',*,*,#4578,.F.);
#3471=ORIENTED_EDGE('',*,*,#5499,.F.);
#3472=ORIENTED_EDGE('',*,*,#4991,.T.);
#3473=ORIENTED_EDGE('',*,*,#5500,.F.);
#3474=ORIENTED_EDGE('',*,*,#4576,.F.);
#3475=ORIENTED_EDGE('',*,*,#5501,.F.);
#3476=ORIENTED_EDGE('',*,*,#4574,.T.);
#3477=ORIENTED_EDGE('',*,*,#5206,.T.);
#3478=ORIENTED_EDGE('',*,*,#4993,.F.);
#3479=ORIENTED_EDGE('',*,*,#5502,.F.);
#3480=ORIENTED_EDGE('',*,*,#4575,.T.);
#3481=ORIENTED_EDGE('',*,*,#5502,.T.);
#3482=ORIENTED_EDGE('',*,*,#4992,.T.);
#3483=ORIENTED_EDGE('',*,*,#5501,.T.);
#3484=ORIENTED_EDGE('',*,*,#4577,.T.);
#3485=ORIENTED_EDGE('',*,*,#5500,.T.);
#3486=ORIENTED_EDGE('',*,*,#4990,.T.);
#3487=ORIENTED_EDGE('',*,*,#5499,.T.);
#3488=ORIENTED_EDGE('',*,*,#4995,.T.);
#3489=ORIENTED_EDGE('',*,*,#5205,.F.);
#3490=ORIENTED_EDGE('',*,*,#4572,.F.);
#3491=ORIENTED_EDGE('',*,*,#5503,.F.);
#3492=ORIENTED_EDGE('',*,*,#4997,.T.);
#3493=ORIENTED_EDGE('',*,*,#5504,.F.);
#3494=ORIENTED_EDGE('',*,*,#4570,.F.);
#3495=ORIENTED_EDGE('',*,*,#5505,.F.);
#3496=ORIENTED_EDGE('',*,*,#4568,.T.);
#3497=ORIENTED_EDGE('',*,*,#5204,.T.);
#3498=ORIENTED_EDGE('',*,*,#4999,.F.);
#3499=ORIENTED_EDGE('',*,*,#5506,.F.);
#3500=ORIENTED_EDGE('',*,*,#4569,.T.);
#3501=ORIENTED_EDGE('',*,*,#5506,.T.);
#3502=ORIENTED_EDGE('',*,*,#4998,.T.);
#3503=ORIENTED_EDGE('',*,*,#5505,.T.);
#3504=ORIENTED_EDGE('',*,*,#4571,.T.);
#3505=ORIENTED_EDGE('',*,*,#5504,.T.);
#3506=ORIENTED_EDGE('',*,*,#4996,.T.);
#3507=ORIENTED_EDGE('',*,*,#5503,.T.);
#3508=ORIENTED_EDGE('',*,*,#5001,.T.);
#3509=ORIENTED_EDGE('',*,*,#5203,.F.);
#3510=ORIENTED_EDGE('',*,*,#4566,.F.);
#3511=ORIENTED_EDGE('',*,*,#5507,.F.);
#3512=ORIENTED_EDGE('',*,*,#5003,.T.);
#3513=ORIENTED_EDGE('',*,*,#5508,.F.);
#3514=ORIENTED_EDGE('',*,*,#4564,.F.);
#3515=ORIENTED_EDGE('',*,*,#5509,.F.);
#3516=ORIENTED_EDGE('',*,*,#4562,.T.);
#3517=ORIENTED_EDGE('',*,*,#5202,.T.);
#3518=ORIENTED_EDGE('',*,*,#5005,.F.);
#3519=ORIENTED_EDGE('',*,*,#5510,.F.);
#3520=ORIENTED_EDGE('',*,*,#4563,.T.);
#3521=ORIENTED_EDGE('',*,*,#5510,.T.);
#3522=ORIENTED_EDGE('',*,*,#5004,.T.);
#3523=ORIENTED_EDGE('',*,*,#5509,.T.);
#3524=ORIENTED_EDGE('',*,*,#4565,.T.);
#3525=ORIENTED_EDGE('',*,*,#5508,.T.);
#3526=ORIENTED_EDGE('',*,*,#5002,.T.);
#3527=ORIENTED_EDGE('',*,*,#5507,.T.);
#3528=ORIENTED_EDGE('',*,*,#5007,.T.);
#3529=ORIENTED_EDGE('',*,*,#5201,.F.);
#3530=ORIENTED_EDGE('',*,*,#4560,.F.);
#3531=ORIENTED_EDGE('',*,*,#5511,.F.);
#3532=ORIENTED_EDGE('',*,*,#5009,.T.);
#3533=ORIENTED_EDGE('',*,*,#5512,.F.);
#3534=ORIENTED_EDGE('',*,*,#4558,.F.);
#3535=ORIENTED_EDGE('',*,*,#5513,.F.);
#3536=ORIENTED_EDGE('',*,*,#4556,.T.);
#3537=ORIENTED_EDGE('',*,*,#5200,.T.);
#3538=ORIENTED_EDGE('',*,*,#5011,.F.);
#3539=ORIENTED_EDGE('',*,*,#5514,.F.);
#3540=ORIENTED_EDGE('',*,*,#4557,.T.);
#3541=ORIENTED_EDGE('',*,*,#5514,.T.);
#3542=ORIENTED_EDGE('',*,*,#5010,.T.);
#3543=ORIENTED_EDGE('',*,*,#5513,.T.);
#3544=ORIENTED_EDGE('',*,*,#4559,.T.);
#3545=ORIENTED_EDGE('',*,*,#5512,.T.);
#3546=ORIENTED_EDGE('',*,*,#5008,.T.);
#3547=ORIENTED_EDGE('',*,*,#5511,.T.);
#3548=ORIENTED_EDGE('',*,*,#5013,.T.);
#3549=ORIENTED_EDGE('',*,*,#5199,.F.);
#3550=ORIENTED_EDGE('',*,*,#4554,.F.);
#3551=ORIENTED_EDGE('',*,*,#5515,.F.);
#3552=ORIENTED_EDGE('',*,*,#5015,.T.);
#3553=ORIENTED_EDGE('',*,*,#5516,.F.);
#3554=ORIENTED_EDGE('',*,*,#4552,.F.);
#3555=ORIENTED_EDGE('',*,*,#5517,.F.);
#3556=ORIENTED_EDGE('',*,*,#4550,.T.);
#3557=ORIENTED_EDGE('',*,*,#5198,.T.);
#3558=ORIENTED_EDGE('',*,*,#5017,.F.);
#3559=ORIENTED_EDGE('',*,*,#5518,.F.);
#3560=ORIENTED_EDGE('',*,*,#4551,.T.);
#3561=ORIENTED_EDGE('',*,*,#5518,.T.);
#3562=ORIENTED_EDGE('',*,*,#5016,.T.);
#3563=ORIENTED_EDGE('',*,*,#5517,.T.);
#3564=ORIENTED_EDGE('',*,*,#4553,.T.);
#3565=ORIENTED_EDGE('',*,*,#5516,.T.);
#3566=ORIENTED_EDGE('',*,*,#5014,.T.);
#3567=ORIENTED_EDGE('',*,*,#5515,.T.);
#3568=ORIENTED_EDGE('',*,*,#5019,.T.);
#3569=ORIENTED_EDGE('',*,*,#5197,.F.);
#3570=ORIENTED_EDGE('',*,*,#4548,.F.);
#3571=ORIENTED_EDGE('',*,*,#5519,.F.);
#3572=ORIENTED_EDGE('',*,*,#5021,.T.);
#3573=ORIENTED_EDGE('',*,*,#5520,.F.);
#3574=ORIENTED_EDGE('',*,*,#4546,.F.);
#3575=ORIENTED_EDGE('',*,*,#5521,.F.);
#3576=ORIENTED_EDGE('',*,*,#4544,.T.);
#3577=ORIENTED_EDGE('',*,*,#5196,.T.);
#3578=ORIENTED_EDGE('',*,*,#5023,.F.);
#3579=ORIENTED_EDGE('',*,*,#5522,.F.);
#3580=ORIENTED_EDGE('',*,*,#4545,.T.);
#3581=ORIENTED_EDGE('',*,*,#5522,.T.);
#3582=ORIENTED_EDGE('',*,*,#5022,.T.);
#3583=ORIENTED_EDGE('',*,*,#5521,.T.);
#3584=ORIENTED_EDGE('',*,*,#4547,.T.);
#3585=ORIENTED_EDGE('',*,*,#5520,.T.);
#3586=ORIENTED_EDGE('',*,*,#5020,.T.);
#3587=ORIENTED_EDGE('',*,*,#5519,.T.);
#3588=ORIENTED_EDGE('',*,*,#5025,.T.);
#3589=ORIENTED_EDGE('',*,*,#5195,.F.);
#3590=ORIENTED_EDGE('',*,*,#4542,.F.);
#3591=ORIENTED_EDGE('',*,*,#5523,.F.);
#3592=ORIENTED_EDGE('',*,*,#5027,.T.);
#3593=ORIENTED_EDGE('',*,*,#5524,.F.);
#3594=ORIENTED_EDGE('',*,*,#4540,.F.);
#3595=ORIENTED_EDGE('',*,*,#5525,.F.);
#3596=ORIENTED_EDGE('',*,*,#4538,.T.);
#3597=ORIENTED_EDGE('',*,*,#5194,.T.);
#3598=ORIENTED_EDGE('',*,*,#5029,.F.);
#3599=ORIENTED_EDGE('',*,*,#5526,.F.);
#3600=ORIENTED_EDGE('',*,*,#4539,.T.);
#3601=ORIENTED_EDGE('',*,*,#5526,.T.);
#3602=ORIENTED_EDGE('',*,*,#5028,.T.);
#3603=ORIENTED_EDGE('',*,*,#5525,.T.);
#3604=ORIENTED_EDGE('',*,*,#4541,.T.);
#3605=ORIENTED_EDGE('',*,*,#5524,.T.);
#3606=ORIENTED_EDGE('',*,*,#5026,.T.);
#3607=ORIENTED_EDGE('',*,*,#5523,.T.);
#3608=ORIENTED_EDGE('',*,*,#5031,.T.);
#3609=ORIENTED_EDGE('',*,*,#5193,.F.);
#3610=ORIENTED_EDGE('',*,*,#4536,.F.);
#3611=ORIENTED_EDGE('',*,*,#5527,.F.);
#3612=ORIENTED_EDGE('',*,*,#5033,.T.);
#3613=ORIENTED_EDGE('',*,*,#5528,.F.);
#3614=ORIENTED_EDGE('',*,*,#4534,.F.);
#3615=ORIENTED_EDGE('',*,*,#5529,.F.);
#3616=ORIENTED_EDGE('',*,*,#4532,.T.);
#3617=ORIENTED_EDGE('',*,*,#5192,.T.);
#3618=ORIENTED_EDGE('',*,*,#5035,.F.);
#3619=ORIENTED_EDGE('',*,*,#5530,.F.);
#3620=ORIENTED_EDGE('',*,*,#4533,.T.);
#3621=ORIENTED_EDGE('',*,*,#5530,.T.);
#3622=ORIENTED_EDGE('',*,*,#5034,.T.);
#3623=ORIENTED_EDGE('',*,*,#5529,.T.);
#3624=ORIENTED_EDGE('',*,*,#4535,.T.);
#3625=ORIENTED_EDGE('',*,*,#5528,.T.);
#3626=ORIENTED_EDGE('',*,*,#5032,.T.);
#3627=ORIENTED_EDGE('',*,*,#5527,.T.);
#3628=ORIENTED_EDGE('',*,*,#5037,.T.);
#3629=ORIENTED_EDGE('',*,*,#5191,.F.);
#3630=ORIENTED_EDGE('',*,*,#4530,.F.);
#3631=ORIENTED_EDGE('',*,*,#5531,.F.);
#3632=ORIENTED_EDGE('',*,*,#5039,.T.);
#3633=ORIENTED_EDGE('',*,*,#5532,.F.);
#3634=ORIENTED_EDGE('',*,*,#4528,.F.);
#3635=ORIENTED_EDGE('',*,*,#5533,.F.);
#3636=ORIENTED_EDGE('',*,*,#4526,.T.);
#3637=ORIENTED_EDGE('',*,*,#5190,.T.);
#3638=ORIENTED_EDGE('',*,*,#5041,.F.);
#3639=ORIENTED_EDGE('',*,*,#5534,.F.);
#3640=ORIENTED_EDGE('',*,*,#4527,.T.);
#3641=ORIENTED_EDGE('',*,*,#5534,.T.);
#3642=ORIENTED_EDGE('',*,*,#5040,.T.);
#3643=ORIENTED_EDGE('',*,*,#5533,.T.);
#3644=ORIENTED_EDGE('',*,*,#4529,.T.);
#3645=ORIENTED_EDGE('',*,*,#5532,.T.);
#3646=ORIENTED_EDGE('',*,*,#5038,.T.);
#3647=ORIENTED_EDGE('',*,*,#5531,.T.);
#3648=ORIENTED_EDGE('',*,*,#5043,.T.);
#3649=ORIENTED_EDGE('',*,*,#5189,.F.);
#3650=ORIENTED_EDGE('',*,*,#4524,.F.);
#3651=ORIENTED_EDGE('',*,*,#5535,.F.);
#3652=ORIENTED_EDGE('',*,*,#5045,.T.);
#3653=ORIENTED_EDGE('',*,*,#5536,.F.);
#3654=ORIENTED_EDGE('',*,*,#4522,.F.);
#3655=ORIENTED_EDGE('',*,*,#5537,.F.);
#3656=ORIENTED_EDGE('',*,*,#4520,.T.);
#3657=ORIENTED_EDGE('',*,*,#5188,.T.);
#3658=ORIENTED_EDGE('',*,*,#5047,.F.);
#3659=ORIENTED_EDGE('',*,*,#5538,.F.);
#3660=ORIENTED_EDGE('',*,*,#4521,.T.);
#3661=ORIENTED_EDGE('',*,*,#5538,.T.);
#3662=ORIENTED_EDGE('',*,*,#5046,.T.);
#3663=ORIENTED_EDGE('',*,*,#5537,.T.);
#3664=ORIENTED_EDGE('',*,*,#4523,.T.);
#3665=ORIENTED_EDGE('',*,*,#5536,.T.);
#3666=ORIENTED_EDGE('',*,*,#5044,.T.);
#3667=ORIENTED_EDGE('',*,*,#5535,.T.);
#3668=ORIENTED_EDGE('',*,*,#5049,.T.);
#3669=ORIENTED_EDGE('',*,*,#5187,.F.);
#3670=ORIENTED_EDGE('',*,*,#4518,.F.);
#3671=ORIENTED_EDGE('',*,*,#5539,.F.);
#3672=ORIENTED_EDGE('',*,*,#5051,.T.);
#3673=ORIENTED_EDGE('',*,*,#5540,.F.);
#3674=ORIENTED_EDGE('',*,*,#4516,.F.);
#3675=ORIENTED_EDGE('',*,*,#5541,.F.);
#3676=ORIENTED_EDGE('',*,*,#4514,.T.);
#3677=ORIENTED_EDGE('',*,*,#5186,.T.);
#3678=ORIENTED_EDGE('',*,*,#5053,.F.);
#3679=ORIENTED_EDGE('',*,*,#5542,.F.);
#3680=ORIENTED_EDGE('',*,*,#4515,.T.);
#3681=ORIENTED_EDGE('',*,*,#5542,.T.);
#3682=ORIENTED_EDGE('',*,*,#5052,.T.);
#3683=ORIENTED_EDGE('',*,*,#5541,.T.);
#3684=ORIENTED_EDGE('',*,*,#4517,.T.);
#3685=ORIENTED_EDGE('',*,*,#5540,.T.);
#3686=ORIENTED_EDGE('',*,*,#5050,.T.);
#3687=ORIENTED_EDGE('',*,*,#5539,.T.);
#3688=ORIENTED_EDGE('',*,*,#5055,.T.);
#3689=ORIENTED_EDGE('',*,*,#5185,.F.);
#3690=ORIENTED_EDGE('',*,*,#4512,.F.);
#3691=ORIENTED_EDGE('',*,*,#5543,.F.);
#3692=ORIENTED_EDGE('',*,*,#5057,.T.);
#3693=ORIENTED_EDGE('',*,*,#5544,.F.);
#3694=ORIENTED_EDGE('',*,*,#4510,.F.);
#3695=ORIENTED_EDGE('',*,*,#5545,.F.);
#3696=ORIENTED_EDGE('',*,*,#4508,.T.);
#3697=ORIENTED_EDGE('',*,*,#5183,.T.);
#3698=ORIENTED_EDGE('',*,*,#5059,.F.);
#3699=ORIENTED_EDGE('',*,*,#5546,.F.);
#3700=ORIENTED_EDGE('',*,*,#4509,.T.);
#3701=ORIENTED_EDGE('',*,*,#5546,.T.);
#3702=ORIENTED_EDGE('',*,*,#5058,.T.);
#3703=ORIENTED_EDGE('',*,*,#5545,.T.);
#3704=ORIENTED_EDGE('',*,*,#4511,.T.);
#3705=ORIENTED_EDGE('',*,*,#5544,.T.);
#3706=ORIENTED_EDGE('',*,*,#5056,.T.);
#3707=ORIENTED_EDGE('',*,*,#5543,.T.);
#3708=ORIENTED_EDGE('',*,*,#5161,.F.);
#3709=ORIENTED_EDGE('',*,*,#5547,.T.);
#3710=ORIENTED_EDGE('',*,*,#5548,.F.);
#3711=ORIENTED_EDGE('',*,*,#5549,.T.);
#3712=ORIENTED_EDGE('',*,*,#5550,.T.);
#3713=ORIENTED_EDGE('',*,*,#4779,.F.);
#3714=ORIENTED_EDGE('',*,*,#5181,.F.);
#3715=ORIENTED_EDGE('',*,*,#4788,.F.);
#3716=ORIENTED_EDGE('',*,*,#5171,.T.);
#3717=ORIENTED_EDGE('',*,*,#5551,.T.);
#3718=ORIENTED_EDGE('',*,*,#5178,.T.);
#3719=ORIENTED_EDGE('',*,*,#5306,.F.);
#3720=ORIENTED_EDGE('',*,*,#5156,.F.);
#3721=ORIENTED_EDGE('',*,*,#5552,.F.);
#3722=ORIENTED_EDGE('',*,*,#5155,.F.);
#3723=ORIENTED_EDGE('',*,*,#5553,.F.);
#3724=ORIENTED_EDGE('',*,*,#5154,.F.);
#3725=ORIENTED_EDGE('',*,*,#5554,.F.);
#3726=ORIENTED_EDGE('',*,*,#5153,.F.);
#3727=ORIENTED_EDGE('',*,*,#5555,.F.);
#3728=ORIENTED_EDGE('',*,*,#5556,.F.);
#3729=ORIENTED_EDGE('',*,*,#5174,.F.);
#3730=ORIENTED_EDGE('',*,*,#5557,.T.);
#3731=ORIENTED_EDGE('',*,*,#5158,.T.);
#3732=ORIENTED_EDGE('',*,*,#5558,.F.);
#3733=ORIENTED_EDGE('',*,*,#5559,.T.);
#3734=ORIENTED_EDGE('',*,*,#4782,.T.);
#3735=ORIENTED_EDGE('',*,*,#5560,.T.);
#3736=ORIENTED_EDGE('',*,*,#5561,.F.);
#3737=ORIENTED_EDGE('',*,*,#5558,.T.);
#3738=ORIENTED_EDGE('',*,*,#5562,.T.);
#3739=ORIENTED_EDGE('',*,*,#5563,.T.);
#3740=ORIENTED_EDGE('',*,*,#5548,.T.);
#3741=ORIENTED_EDGE('',*,*,#5564,.T.);
#3742=ORIENTED_EDGE('',*,*,#5565,.T.);
#3743=ORIENTED_EDGE('',*,*,#5166,.T.);
#3744=ORIENTED_EDGE('',*,*,#5554,.T.);
#3745=ORIENTED_EDGE('',*,*,#5552,.T.);
#3746=ORIENTED_EDGE('',*,*,#5555,.T.);
#3747=ORIENTED_EDGE('',*,*,#5553,.T.);
#3748=ORIENTED_EDGE('',*,*,#5566,.T.);
#3749=ORIENTED_EDGE('',*,*,#4780,.T.);
#3750=ORIENTED_EDGE('',*,*,#5550,.F.);
#3751=ORIENTED_EDGE('',*,*,#4787,.T.);
#3752=ORIENTED_EDGE('',*,*,#5567,.T.);
#3753=ORIENTED_EDGE('',*,*,#5162,.F.);
#3754=ORIENTED_EDGE('',*,*,#5549,.F.);
#3755=ORIENTED_EDGE('',*,*,#5563,.F.);
#3756=ORIENTED_EDGE('',*,*,#5551,.F.);
#3757=ORIENTED_EDGE('',*,*,#5170,.T.);
#3758=ORIENTED_EDGE('',*,*,#5568,.T.);
#3759=ORIENTED_EDGE('',*,*,#5564,.F.);
#3760=ORIENTED_EDGE('',*,*,#5547,.F.);
#3761=ORIENTED_EDGE('',*,*,#5160,.F.);
#3762=ORIENTED_EDGE('',*,*,#5569,.T.);
#3763=ORIENTED_EDGE('',*,*,#5179,.T.);
#3764=ORIENTED_EDGE('',*,*,#5163,.F.);
#3765=ORIENTED_EDGE('',*,*,#5567,.F.);
#3766=ORIENTED_EDGE('',*,*,#4786,.F.);
#3767=ORIENTED_EDGE('',*,*,#5152,.F.);
#3768=ORIENTED_EDGE('',*,*,#5159,.F.);
#3769=ORIENTED_EDGE('',*,*,#5557,.F.);
#3770=ORIENTED_EDGE('',*,*,#5180,.F.);
#3771=ORIENTED_EDGE('',*,*,#5569,.F.);
#3772=ORIENTED_EDGE('',*,*,#5562,.F.);
#3773=ORIENTED_EDGE('',*,*,#5560,.F.);
#3774=ORIENTED_EDGE('',*,*,#4781,.F.);
#3775=ORIENTED_EDGE('',*,*,#5566,.F.);
#3776=ORIENTED_EDGE('',*,*,#5565,.F.);
#3777=ORIENTED_EDGE('',*,*,#5568,.F.);
#3778=ORIENTED_EDGE('',*,*,#5169,.F.);
#3779=ORIENTED_EDGE('',*,*,#5167,.F.);
#3780=ORIENTED_EDGE('',*,*,#5150,.T.);
#3781=ORIENTED_EDGE('',*,*,#4784,.F.);
#3782=ORIENTED_EDGE('',*,*,#5302,.F.);
#3783=ORIENTED_EDGE('',*,*,#4416,.T.);
#3784=ORIENTED_EDGE('',*,*,#5559,.F.);
#3785=ORIENTED_EDGE('',*,*,#5561,.T.);
#3786=ORIENTED_EDGE('',*,*,#5165,.F.);
#3787=ORIENTED_EDGE('',*,*,#5168,.T.);
#3788=ORIENTED_EDGE('',*,*,#5304,.F.);
#3789=ORIENTED_EDGE('',*,*,#5175,.F.);
#3790=ORIENTED_EDGE('',*,*,#5556,.T.);
#3791=ORIENTED_EDGE('',*,*,#5157,.T.);
#3792=ORIENTED_EDGE('',*,*,#5570,.F.);
#3793=ORIENTED_EDGE('',*,*,#5571,.T.);
#3794=ORIENTED_EDGE('',*,*,#5572,.F.);
#3795=ORIENTED_EDGE('',*,*,#5573,.T.);
#3796=ORIENTED_EDGE('',*,*,#5574,.F.);
#3797=ORIENTED_EDGE('',*,*,#5575,.T.);
#3798=ORIENTED_EDGE('',*,*,#5576,.F.);
#3799=ORIENTED_EDGE('',*,*,#5577,.T.);
#3800=ORIENTED_EDGE('',*,*,#5578,.F.);
#3801=ORIENTED_EDGE('',*,*,#5579,.T.);
#3802=ORIENTED_EDGE('',*,*,#5580,.F.);
#3803=ORIENTED_EDGE('',*,*,#5581,.T.);
#3804=ORIENTED_EDGE('',*,*,#5582,.F.);
#3805=ORIENTED_EDGE('',*,*,#5583,.T.);
#3806=ORIENTED_EDGE('',*,*,#5584,.F.);
#3807=ORIENTED_EDGE('',*,*,#5585,.F.);
#3808=ORIENTED_EDGE('',*,*,#5586,.F.);
#3809=ORIENTED_EDGE('',*,*,#5587,.F.);
#3810=ORIENTED_EDGE('',*,*,#5588,.T.);
#3811=ORIENTED_EDGE('',*,*,#5589,.F.);
#3812=ORIENTED_EDGE('',*,*,#5590,.T.);
#3813=ORIENTED_EDGE('',*,*,#5591,.F.);
#3814=ORIENTED_EDGE('',*,*,#5592,.T.);
#3815=ORIENTED_EDGE('',*,*,#5593,.F.);
#3816=ORIENTED_EDGE('',*,*,#5594,.T.);
#3817=ORIENTED_EDGE('',*,*,#5595,.F.);
#3818=ORIENTED_EDGE('',*,*,#5596,.F.);
#3819=ORIENTED_EDGE('',*,*,#5597,.F.);
#3820=ORIENTED_EDGE('',*,*,#5598,.T.);
#3821=ORIENTED_EDGE('',*,*,#5599,.F.);
#3822=ORIENTED_EDGE('',*,*,#5600,.T.);
#3823=ORIENTED_EDGE('',*,*,#5601,.F.);
#3824=ORIENTED_EDGE('',*,*,#5602,.T.);
#3825=ORIENTED_EDGE('',*,*,#5603,.F.);
#3826=ORIENTED_EDGE('',*,*,#5604,.T.);
#3827=ORIENTED_EDGE('',*,*,#5605,.T.);
#3828=ORIENTED_EDGE('',*,*,#5606,.T.);
#3829=ORIENTED_EDGE('',*,*,#5607,.F.);
#3830=ORIENTED_EDGE('',*,*,#5608,.T.);
#3831=ORIENTED_EDGE('',*,*,#5609,.T.);
#3832=ORIENTED_EDGE('',*,*,#5610,.T.);
#3833=ORIENTED_EDGE('',*,*,#5611,.F.);
#3834=ORIENTED_EDGE('',*,*,#5612,.T.);
#3835=ORIENTED_EDGE('',*,*,#5613,.F.);
#3836=ORIENTED_EDGE('',*,*,#5614,.T.);
#3837=ORIENTED_EDGE('',*,*,#5615,.F.);
#3838=ORIENTED_EDGE('',*,*,#5616,.T.);
#3839=ORIENTED_EDGE('',*,*,#5617,.T.);
#3840=ORIENTED_EDGE('',*,*,#5618,.T.);
#3841=ORIENTED_EDGE('',*,*,#5619,.F.);
#3842=ORIENTED_EDGE('',*,*,#5620,.F.);
#3843=ORIENTED_EDGE('',*,*,#5621,.T.);
#3844=ORIENTED_EDGE('',*,*,#5622,.T.);
#3845=ORIENTED_EDGE('',*,*,#5623,.F.);
#3846=ORIENTED_EDGE('',*,*,#5624,.F.);
#3847=ORIENTED_EDGE('',*,*,#5625,.F.);
#3848=ORIENTED_EDGE('',*,*,#5626,.F.);
#3849=ORIENTED_EDGE('',*,*,#5627,.F.);
#3850=ORIENTED_EDGE('',*,*,#5628,.F.);
#3851=ORIENTED_EDGE('',*,*,#5629,.F.);
#3852=ORIENTED_EDGE('',*,*,#5630,.T.);
#3853=ORIENTED_EDGE('',*,*,#5631,.F.);
#3854=ORIENTED_EDGE('',*,*,#5632,.T.);
#3855=ORIENTED_EDGE('',*,*,#5633,.F.);
#3856=ORIENTED_EDGE('',*,*,#5634,.T.);
#3857=ORIENTED_EDGE('',*,*,#5635,.F.);
#3858=ORIENTED_EDGE('',*,*,#5636,.T.);
#3859=ORIENTED_EDGE('',*,*,#5637,.F.);
#3860=ORIENTED_EDGE('',*,*,#5638,.T.);
#3861=ORIENTED_EDGE('',*,*,#5639,.F.);
#3862=ORIENTED_EDGE('',*,*,#5640,.T.);
#3863=ORIENTED_EDGE('',*,*,#5641,.F.);
#3864=ORIENTED_EDGE('',*,*,#5642,.T.);
#3865=ORIENTED_EDGE('',*,*,#5643,.F.);
#3866=ORIENTED_EDGE('',*,*,#5644,.T.);
#3867=ORIENTED_EDGE('',*,*,#5645,.F.);
#3868=ORIENTED_EDGE('',*,*,#5646,.T.);
#3869=ORIENTED_EDGE('',*,*,#5647,.F.);
#3870=ORIENTED_EDGE('',*,*,#5648,.T.);
#3871=ORIENTED_EDGE('',*,*,#5649,.F.);
#3872=ORIENTED_EDGE('',*,*,#5650,.T.);
#3873=ORIENTED_EDGE('',*,*,#5651,.F.);
#3874=ORIENTED_EDGE('',*,*,#5652,.T.);
#3875=ORIENTED_EDGE('',*,*,#5653,.F.);
#3876=ORIENTED_EDGE('',*,*,#5654,.T.);
#3877=ORIENTED_EDGE('',*,*,#5655,.F.);
#3878=ORIENTED_EDGE('',*,*,#5656,.T.);
#3879=ORIENTED_EDGE('',*,*,#5657,.F.);
#3880=ORIENTED_EDGE('',*,*,#5658,.T.);
#3881=ORIENTED_EDGE('',*,*,#5659,.F.);
#3882=ORIENTED_EDGE('',*,*,#5660,.F.);
#3883=ORIENTED_EDGE('',*,*,#5661,.T.);
#3884=ORIENTED_EDGE('',*,*,#5662,.F.);
#3885=ORIENTED_EDGE('',*,*,#5663,.T.);
#3886=ORIENTED_EDGE('',*,*,#5664,.F.);
#3887=ORIENTED_EDGE('',*,*,#5665,.T.);
#3888=ORIENTED_EDGE('',*,*,#5666,.F.);
#3889=ORIENTED_EDGE('',*,*,#5667,.T.);
#3890=ORIENTED_EDGE('',*,*,#5668,.F.);
#3891=ORIENTED_EDGE('',*,*,#5669,.T.);
#3892=ORIENTED_EDGE('',*,*,#5670,.F.);
#3893=ORIENTED_EDGE('',*,*,#5671,.T.);
#3894=ORIENTED_EDGE('',*,*,#5672,.F.);
#3895=ORIENTED_EDGE('',*,*,#5673,.T.);
#3896=ORIENTED_EDGE('',*,*,#5674,.F.);
#3897=ORIENTED_EDGE('',*,*,#5675,.T.);
#3898=ORIENTED_EDGE('',*,*,#5676,.F.);
#3899=ORIENTED_EDGE('',*,*,#5677,.T.);
#3900=ORIENTED_EDGE('',*,*,#5678,.F.);
#3901=ORIENTED_EDGE('',*,*,#5679,.T.);
#3902=ORIENTED_EDGE('',*,*,#5680,.F.);
#3903=ORIENTED_EDGE('',*,*,#5681,.T.);
#3904=ORIENTED_EDGE('',*,*,#5682,.F.);
#3905=ORIENTED_EDGE('',*,*,#5683,.T.);
#3906=ORIENTED_EDGE('',*,*,#5684,.F.);
#3907=ORIENTED_EDGE('',*,*,#5685,.T.);
#3908=ORIENTED_EDGE('',*,*,#5686,.F.);
#3909=ORIENTED_EDGE('',*,*,#5687,.T.);
#3910=ORIENTED_EDGE('',*,*,#5688,.F.);
#3911=ORIENTED_EDGE('',*,*,#5689,.T.);
#3912=ORIENTED_EDGE('',*,*,#5690,.F.);
#3913=ORIENTED_EDGE('',*,*,#5691,.T.);
#3914=ORIENTED_EDGE('',*,*,#5692,.F.);
#3915=ORIENTED_EDGE('',*,*,#5693,.T.);
#3916=ORIENTED_EDGE('',*,*,#5694,.F.);
#3917=ORIENTED_EDGE('',*,*,#5695,.T.);
#3918=ORIENTED_EDGE('',*,*,#5696,.T.);
#3919=ORIENTED_EDGE('',*,*,#5697,.T.);
#3920=ORIENTED_EDGE('',*,*,#5698,.T.);
#3921=ORIENTED_EDGE('',*,*,#5699,.F.);
#3922=ORIENTED_EDGE('',*,*,#5700,.T.);
#3923=ORIENTED_EDGE('',*,*,#5701,.F.);
#3924=ORIENTED_EDGE('',*,*,#5702,.T.);
#3925=ORIENTED_EDGE('',*,*,#5703,.T.);
#3926=ORIENTED_EDGE('',*,*,#5704,.T.);
#3927=ORIENTED_EDGE('',*,*,#5705,.F.);
#3928=ORIENTED_EDGE('',*,*,#5706,.T.);
#3929=ORIENTED_EDGE('',*,*,#5707,.F.);
#3930=ORIENTED_EDGE('',*,*,#5708,.T.);
#3931=ORIENTED_EDGE('',*,*,#5709,.F.);
#3932=ORIENTED_EDGE('',*,*,#5710,.T.);
#3933=ORIENTED_EDGE('',*,*,#5711,.F.);
#3934=ORIENTED_EDGE('',*,*,#5712,.T.);
#3935=ORIENTED_EDGE('',*,*,#5713,.F.);
#3936=ORIENTED_EDGE('',*,*,#5714,.T.);
#3937=ORIENTED_EDGE('',*,*,#5715,.T.);
#3938=ORIENTED_EDGE('',*,*,#5716,.T.);
#3939=ORIENTED_EDGE('',*,*,#5717,.F.);
#3940=ORIENTED_EDGE('',*,*,#5718,.T.);
#3941=ORIENTED_EDGE('',*,*,#5719,.F.);
#3942=ORIENTED_EDGE('',*,*,#5720,.T.);
#3943=ORIENTED_EDGE('',*,*,#5721,.T.);
#3944=ORIENTED_EDGE('',*,*,#5722,.T.);
#3945=ORIENTED_EDGE('',*,*,#5723,.F.);
#3946=ORIENTED_EDGE('',*,*,#5724,.F.);
#3947=ORIENTED_EDGE('',*,*,#5725,.T.);
#3948=ORIENTED_EDGE('',*,*,#5726,.T.);
#3949=ORIENTED_EDGE('',*,*,#5727,.T.);
#3950=ORIENTED_EDGE('',*,*,#5728,.T.);
#3951=ORIENTED_EDGE('',*,*,#5729,.T.);
#3952=ORIENTED_EDGE('',*,*,#5730,.T.);
#3953=ORIENTED_EDGE('',*,*,#5731,.F.);
#3954=ORIENTED_EDGE('',*,*,#5732,.T.);
#3955=ORIENTED_EDGE('',*,*,#5733,.T.);
#3956=ORIENTED_EDGE('',*,*,#5734,.T.);
#3957=ORIENTED_EDGE('',*,*,#5735,.T.);
#3958=ORIENTED_EDGE('',*,*,#5736,.T.);
#3959=ORIENTED_EDGE('',*,*,#5737,.T.);
#3960=ORIENTED_EDGE('',*,*,#5738,.T.);
#3961=ORIENTED_EDGE('',*,*,#5739,.F.);
#3962=ORIENTED_EDGE('',*,*,#5740,.T.);
#3963=ORIENTED_EDGE('',*,*,#5741,.F.);
#3964=ORIENTED_EDGE('',*,*,#5742,.T.);
#3965=ORIENTED_EDGE('',*,*,#5743,.F.);
#3966=ORIENTED_EDGE('',*,*,#5744,.T.);
#3967=ORIENTED_EDGE('',*,*,#5745,.F.);
#3968=ORIENTED_EDGE('',*,*,#5746,.T.);
#3969=ORIENTED_EDGE('',*,*,#5747,.F.);
#3970=ORIENTED_EDGE('',*,*,#5748,.T.);
#3971=ORIENTED_EDGE('',*,*,#5749,.F.);
#3972=ORIENTED_EDGE('',*,*,#5750,.T.);
#3973=ORIENTED_EDGE('',*,*,#5751,.F.);
#3974=ORIENTED_EDGE('',*,*,#5752,.T.);
#3975=ORIENTED_EDGE('',*,*,#5753,.F.);
#3976=ORIENTED_EDGE('',*,*,#5754,.T.);
#3977=ORIENTED_EDGE('',*,*,#5755,.F.);
#3978=ORIENTED_EDGE('',*,*,#5756,.T.);
#3979=ORIENTED_EDGE('',*,*,#5757,.F.);
#3980=ORIENTED_EDGE('',*,*,#5758,.T.);
#3981=ORIENTED_EDGE('',*,*,#5759,.F.);
#3982=ORIENTED_EDGE('',*,*,#5760,.T.);
#3983=ORIENTED_EDGE('',*,*,#5761,.T.);
#3984=ORIENTED_EDGE('',*,*,#5762,.F.);
#3985=ORIENTED_EDGE('',*,*,#5763,.T.);
#3986=ORIENTED_EDGE('',*,*,#5764,.F.);
#3987=ORIENTED_EDGE('',*,*,#5765,.T.);
#3988=ORIENTED_EDGE('',*,*,#5766,.F.);
#3989=ORIENTED_EDGE('',*,*,#5767,.T.);
#3990=ORIENTED_EDGE('',*,*,#5768,.F.);
#3991=ORIENTED_EDGE('',*,*,#5769,.T.);
#3992=ORIENTED_EDGE('',*,*,#5770,.F.);
#3993=ORIENTED_EDGE('',*,*,#5771,.T.);
#3994=ORIENTED_EDGE('',*,*,#5772,.F.);
#3995=ORIENTED_EDGE('',*,*,#5773,.T.);
#3996=ORIENTED_EDGE('',*,*,#5774,.F.);
#3997=ORIENTED_EDGE('',*,*,#5775,.T.);
#3998=ORIENTED_EDGE('',*,*,#5776,.F.);
#3999=ORIENTED_EDGE('',*,*,#5777,.T.);
#4000=ORIENTED_EDGE('',*,*,#5778,.F.);
#4001=ORIENTED_EDGE('',*,*,#5779,.T.);
#4002=ORIENTED_EDGE('',*,*,#5780,.F.);
#4003=ORIENTED_EDGE('',*,*,#5781,.T.);
#4004=ORIENTED_EDGE('',*,*,#5729,.F.);
#4005=ORIENTED_EDGE('',*,*,#5782,.T.);
#4006=ORIENTED_EDGE('',*,*,#5611,.T.);
#4007=ORIENTED_EDGE('',*,*,#5783,.T.);
#4008=ORIENTED_EDGE('',*,*,#5613,.T.);
#4009=ORIENTED_EDGE('',*,*,#5784,.T.);
#4010=ORIENTED_EDGE('',*,*,#5727,.F.);
#4011=ORIENTED_EDGE('',*,*,#5785,.T.);
#4012=ORIENTED_EDGE('',*,*,#5615,.T.);
#4013=ORIENTED_EDGE('',*,*,#5786,.T.);
#4014=ORIENTED_EDGE('',*,*,#5725,.F.);
#4015=ORIENTED_EDGE('',*,*,#5787,.F.);
#4016=ORIENTED_EDGE('',*,*,#5724,.T.);
#4017=ORIENTED_EDGE('',*,*,#5788,.F.);
#4018=ORIENTED_EDGE('',*,*,#5616,.F.);
#4019=ORIENTED_EDGE('',*,*,#5787,.T.);
#4020=ORIENTED_EDGE('',*,*,#5723,.T.);
#4021=ORIENTED_EDGE('',*,*,#5789,.T.);
#4022=ORIENTED_EDGE('',*,*,#5617,.F.);
#4023=ORIENTED_EDGE('',*,*,#5788,.T.);
#4024=ORIENTED_EDGE('',*,*,#5619,.T.);
#4025=ORIENTED_EDGE('',*,*,#5790,.T.);
#4026=ORIENTED_EDGE('',*,*,#5721,.F.);
#4027=ORIENTED_EDGE('',*,*,#5791,.F.);
#4028=ORIENTED_EDGE('',*,*,#5720,.F.);
#4029=ORIENTED_EDGE('',*,*,#5792,.F.);
#4030=ORIENTED_EDGE('',*,*,#5620,.T.);
#4031=ORIENTED_EDGE('',*,*,#5791,.T.);
#4032=ORIENTED_EDGE('',*,*,#5719,.T.);
#4033=ORIENTED_EDGE('',*,*,#5793,.T.);
#4034=ORIENTED_EDGE('',*,*,#5621,.F.);
#4035=ORIENTED_EDGE('',*,*,#5792,.T.);
#4036=ORIENTED_EDGE('',*,*,#5717,.T.);
#4037=ORIENTED_EDGE('',*,*,#5794,.T.);
#4038=ORIENTED_EDGE('',*,*,#5605,.F.);
#4039=ORIENTED_EDGE('',*,*,#5795,.T.);
#4040=ORIENTED_EDGE('',*,*,#5607,.T.);
#4041=ORIENTED_EDGE('',*,*,#5796,.T.);
#4042=ORIENTED_EDGE('',*,*,#5715,.F.);
#4043=ORIENTED_EDGE('',*,*,#5797,.T.);
#4044=ORIENTED_EDGE('',*,*,#5731,.T.);
#4045=ORIENTED_EDGE('',*,*,#5798,.T.);
#4046=ORIENTED_EDGE('',*,*,#5609,.F.);
#4047=ORIENTED_EDGE('',*,*,#5799,.T.);
#4048=ORIENTED_EDGE('',*,*,#5627,.T.);
#4049=ORIENTED_EDGE('',*,*,#5737,.F.);
#4050=ORIENTED_EDGE('',*,*,#5626,.T.);
#4051=ORIENTED_EDGE('',*,*,#5736,.F.);
#4052=ORIENTED_EDGE('',*,*,#5625,.T.);
#4053=ORIENTED_EDGE('',*,*,#5735,.F.);
#4054=ORIENTED_EDGE('',*,*,#5624,.T.);
#4055=ORIENTED_EDGE('',*,*,#5734,.F.);
#4056=ORIENTED_EDGE('',*,*,#5623,.T.);
#4057=ORIENTED_EDGE('',*,*,#5733,.F.);
#4058=ORIENTED_EDGE('',*,*,#5628,.T.);
#4059=ORIENTED_EDGE('',*,*,#5738,.F.);
#4060=ORIENTED_EDGE('',*,*,#5612,.F.);
#4061=ORIENTED_EDGE('',*,*,#5782,.F.);
#4062=ORIENTED_EDGE('',*,*,#5728,.F.);
#4063=ORIENTED_EDGE('',*,*,#5784,.F.);
#4064=ORIENTED_EDGE('',*,*,#5614,.F.);
#4065=ORIENTED_EDGE('',*,*,#5785,.F.);
#4066=ORIENTED_EDGE('',*,*,#5726,.F.);
#4067=ORIENTED_EDGE('',*,*,#5786,.F.);
#4068=ORIENTED_EDGE('',*,*,#5622,.F.);
#4069=ORIENTED_EDGE('',*,*,#5793,.F.);
#4070=ORIENTED_EDGE('',*,*,#5718,.F.);
#4071=ORIENTED_EDGE('',*,*,#5795,.F.);
#4072=ORIENTED_EDGE('',*,*,#5608,.F.);
#4073=ORIENTED_EDGE('',*,*,#5797,.F.);
#4074=ORIENTED_EDGE('',*,*,#5732,.F.);
#4075=ORIENTED_EDGE('',*,*,#5799,.F.);
#4076=ORIENTED_EDGE('',*,*,#5610,.F.);
#4077=ORIENTED_EDGE('',*,*,#5798,.F.);
#4078=ORIENTED_EDGE('',*,*,#5730,.F.);
#4079=ORIENTED_EDGE('',*,*,#5783,.F.);
#4080=ORIENTED_EDGE('',*,*,#5618,.F.);
#4081=ORIENTED_EDGE('',*,*,#5789,.F.);
#4082=ORIENTED_EDGE('',*,*,#5722,.F.);
#4083=ORIENTED_EDGE('',*,*,#5790,.F.);
#4084=ORIENTED_EDGE('',*,*,#5606,.F.);
#4085=ORIENTED_EDGE('',*,*,#5794,.F.);
#4086=ORIENTED_EDGE('',*,*,#5716,.F.);
#4087=ORIENTED_EDGE('',*,*,#5796,.F.);
#4088=ORIENTED_EDGE('',*,*,#5711,.T.);
#4089=ORIENTED_EDGE('',*,*,#5800,.F.);
#4090=ORIENTED_EDGE('',*,*,#5604,.F.);
#4091=ORIENTED_EDGE('',*,*,#5801,.F.);
#4092=ORIENTED_EDGE('',*,*,#5707,.T.);
#4093=ORIENTED_EDGE('',*,*,#5802,.F.);
#4094=ORIENTED_EDGE('',*,*,#5600,.F.);
#4095=ORIENTED_EDGE('',*,*,#5803,.F.);
#4096=ORIENTED_EDGE('',*,*,#5709,.T.);
#4097=ORIENTED_EDGE('',*,*,#5804,.F.);
#4098=ORIENTED_EDGE('',*,*,#5598,.F.);
#4099=ORIENTED_EDGE('',*,*,#5805,.F.);
#4100=ORIENTED_EDGE('',*,*,#5713,.T.);
#4101=ORIENTED_EDGE('',*,*,#5806,.F.);
#4102=ORIENTED_EDGE('',*,*,#5602,.F.);
#4103=ORIENTED_EDGE('',*,*,#5807,.F.);
#4104=ORIENTED_EDGE('',*,*,#5803,.T.);
#4105=ORIENTED_EDGE('',*,*,#5599,.T.);
#4106=ORIENTED_EDGE('',*,*,#5804,.T.);
#4107=ORIENTED_EDGE('',*,*,#5708,.F.);
#4108=ORIENTED_EDGE('',*,*,#5807,.T.);
#4109=ORIENTED_EDGE('',*,*,#5601,.T.);
#4110=ORIENTED_EDGE('',*,*,#5802,.T.);
#4111=ORIENTED_EDGE('',*,*,#5714,.F.);
#4112=ORIENTED_EDGE('',*,*,#5805,.T.);
#4113=ORIENTED_EDGE('',*,*,#5597,.T.);
#4114=ORIENTED_EDGE('',*,*,#5800,.T.);
#4115=ORIENTED_EDGE('',*,*,#5710,.F.);
#4116=ORIENTED_EDGE('',*,*,#5801,.T.);
#4117=ORIENTED_EDGE('',*,*,#5603,.T.);
#4118=ORIENTED_EDGE('',*,*,#5806,.T.);
#4119=ORIENTED_EDGE('',*,*,#5712,.F.);
#4120=ORIENTED_EDGE('',*,*,#5808,.F.);
#4121=ORIENTED_EDGE('',*,*,#5596,.T.);
#4122=ORIENTED_EDGE('',*,*,#5809,.F.);
#4123=ORIENTED_EDGE('',*,*,#5703,.F.);
#4124=ORIENTED_EDGE('',*,*,#5705,.T.);
#4125=ORIENTED_EDGE('',*,*,#5810,.F.);
#4126=ORIENTED_EDGE('',*,*,#5594,.F.);
#4127=ORIENTED_EDGE('',*,*,#5811,.F.);
#4128=ORIENTED_EDGE('',*,*,#5701,.T.);
#4129=ORIENTED_EDGE('',*,*,#5812,.F.);
#4130=ORIENTED_EDGE('',*,*,#5590,.F.);
#4131=ORIENTED_EDGE('',*,*,#5813,.F.);
#4132=ORIENTED_EDGE('',*,*,#5699,.T.);
#4133=ORIENTED_EDGE('',*,*,#5814,.F.);
#4134=ORIENTED_EDGE('',*,*,#5592,.F.);
#4135=ORIENTED_EDGE('',*,*,#5815,.F.);
#4136=ORIENTED_EDGE('',*,*,#5815,.T.);
#4137=ORIENTED_EDGE('',*,*,#5591,.T.);
#4138=ORIENTED_EDGE('',*,*,#5812,.T.);
#4139=ORIENTED_EDGE('',*,*,#5700,.F.);
#4140=ORIENTED_EDGE('',*,*,#5811,.T.);
#4141=ORIENTED_EDGE('',*,*,#5593,.T.);
#4142=ORIENTED_EDGE('',*,*,#5814,.T.);
#4143=ORIENTED_EDGE('',*,*,#5706,.F.);
#4144=ORIENTED_EDGE('',*,*,#5813,.T.);
#4145=ORIENTED_EDGE('',*,*,#5589,.T.);
#4146=ORIENTED_EDGE('',*,*,#5808,.T.);
#4147=ORIENTED_EDGE('',*,*,#5702,.F.);
#4148=ORIENTED_EDGE('',*,*,#5809,.T.);
#4149=ORIENTED_EDGE('',*,*,#5595,.T.);
#4150=ORIENTED_EDGE('',*,*,#5810,.T.);
#4151=ORIENTED_EDGE('',*,*,#5704,.F.);
#4152=ORIENTED_EDGE('',*,*,#5816,.T.);
#4153=ORIENTED_EDGE('',*,*,#5585,.T.);
#4154=ORIENTED_EDGE('',*,*,#5817,.F.);
#4155=ORIENTED_EDGE('',*,*,#5697,.F.);
#4156=ORIENTED_EDGE('',*,*,#5818,.F.);
#4157=ORIENTED_EDGE('',*,*,#5586,.T.);
#4158=ORIENTED_EDGE('',*,*,#5816,.F.);
#4159=ORIENTED_EDGE('',*,*,#5696,.F.);
#4160=ORIENTED_EDGE('',*,*,#5692,.T.);
#4161=ORIENTED_EDGE('',*,*,#5819,.F.);
#4162=ORIENTED_EDGE('',*,*,#5583,.F.);
#4163=ORIENTED_EDGE('',*,*,#5820,.F.);
#4164=ORIENTED_EDGE('',*,*,#5694,.T.);
#4165=ORIENTED_EDGE('',*,*,#5821,.F.);
#4166=ORIENTED_EDGE('',*,*,#5588,.F.);
#4167=ORIENTED_EDGE('',*,*,#5822,.F.);
#4168=ORIENTED_EDGE('',*,*,#5820,.T.);
#4169=ORIENTED_EDGE('',*,*,#5582,.T.);
#4170=ORIENTED_EDGE('',*,*,#5821,.T.);
#4171=ORIENTED_EDGE('',*,*,#5693,.F.);
#4172=ORIENTED_EDGE('',*,*,#5817,.T.);
#4173=ORIENTED_EDGE('',*,*,#5584,.T.);
#4174=ORIENTED_EDGE('',*,*,#5819,.T.);
#4175=ORIENTED_EDGE('',*,*,#5698,.F.);
#4176=ORIENTED_EDGE('',*,*,#5822,.T.);
#4177=ORIENTED_EDGE('',*,*,#5587,.T.);
#4178=ORIENTED_EDGE('',*,*,#5818,.T.);
#4179=ORIENTED_EDGE('',*,*,#5695,.F.);
#4180=ORIENTED_EDGE('',*,*,#5739,.T.);
#4181=ORIENTED_EDGE('',*,*,#5823,.F.);
#4182=ORIENTED_EDGE('',*,*,#5577,.F.);
#4183=ORIENTED_EDGE('',*,*,#5824,.F.);
#4184=ORIENTED_EDGE('',*,*,#5741,.T.);
#4185=ORIENTED_EDGE('',*,*,#5825,.F.);
#4186=ORIENTED_EDGE('',*,*,#5581,.F.);
#4187=ORIENTED_EDGE('',*,*,#5826,.F.);
#4188=ORIENTED_EDGE('',*,*,#5743,.T.);
#4189=ORIENTED_EDGE('',*,*,#5827,.F.);
#4190=ORIENTED_EDGE('',*,*,#5579,.F.);
#4191=ORIENTED_EDGE('',*,*,#5828,.F.);
#4192=ORIENTED_EDGE('',*,*,#5824,.T.);
#4193=ORIENTED_EDGE('',*,*,#5576,.T.);
#4194=ORIENTED_EDGE('',*,*,#5825,.T.);
#4195=ORIENTED_EDGE('',*,*,#5740,.F.);
#4196=ORIENTED_EDGE('',*,*,#5828,.T.);
#4197=ORIENTED_EDGE('',*,*,#5578,.T.);
#4198=ORIENTED_EDGE('',*,*,#5823,.T.);
#4199=ORIENTED_EDGE('',*,*,#5744,.F.);
#4200=ORIENTED_EDGE('',*,*,#5826,.T.);
#4201=ORIENTED_EDGE('',*,*,#5580,.T.);
#4202=ORIENTED_EDGE('',*,*,#5827,.T.);
#4203=ORIENTED_EDGE('',*,*,#5742,.F.);
#4204=ORIENTED_EDGE('',*,*,#5688,.T.);
#4205=ORIENTED_EDGE('',*,*,#5829,.F.);
#4206=ORIENTED_EDGE('',*,*,#5634,.F.);
#4207=ORIENTED_EDGE('',*,*,#5830,.F.);
#4208=ORIENTED_EDGE('',*,*,#5686,.T.);
#4209=ORIENTED_EDGE('',*,*,#5831,.F.);
#4210=ORIENTED_EDGE('',*,*,#5630,.F.);
#4211=ORIENTED_EDGE('',*,*,#5832,.F.);
#4212=ORIENTED_EDGE('',*,*,#5690,.T.);
#4213=ORIENTED_EDGE('',*,*,#5833,.F.);
#4214=ORIENTED_EDGE('',*,*,#5632,.F.);
#4215=ORIENTED_EDGE('',*,*,#5834,.F.);
#4216=ORIENTED_EDGE('',*,*,#5834,.T.);
#4217=ORIENTED_EDGE('',*,*,#5631,.T.);
#4218=ORIENTED_EDGE('',*,*,#5831,.T.);
#4219=ORIENTED_EDGE('',*,*,#5691,.F.);
#4220=ORIENTED_EDGE('',*,*,#5832,.T.);
#4221=ORIENTED_EDGE('',*,*,#5629,.T.);
#4222=ORIENTED_EDGE('',*,*,#5829,.T.);
#4223=ORIENTED_EDGE('',*,*,#5687,.F.);
#4224=ORIENTED_EDGE('',*,*,#5830,.T.);
#4225=ORIENTED_EDGE('',*,*,#5633,.T.);
#4226=ORIENTED_EDGE('',*,*,#5833,.T.);
#4227=ORIENTED_EDGE('',*,*,#5689,.F.);
#4228=ORIENTED_EDGE('',*,*,#5749,.T.);
#4229=ORIENTED_EDGE('',*,*,#5835,.F.);
#4230=ORIENTED_EDGE('',*,*,#5644,.F.);
#4231=ORIENTED_EDGE('',*,*,#5836,.F.);
#4232=ORIENTED_EDGE('',*,*,#5747,.T.);
#4233=ORIENTED_EDGE('',*,*,#5837,.F.);
#4234=ORIENTED_EDGE('',*,*,#5636,.F.);
#4235=ORIENTED_EDGE('',*,*,#5838,.F.);
#4236=ORIENTED_EDGE('',*,*,#5751,.T.);
#4237=ORIENTED_EDGE('',*,*,#5839,.F.);
#4238=ORIENTED_EDGE('',*,*,#5642,.F.);
#4239=ORIENTED_EDGE('',*,*,#5840,.F.);
#4240=ORIENTED_EDGE('',*,*,#5753,.T.);
#4241=ORIENTED_EDGE('',*,*,#5841,.F.);
#4242=ORIENTED_EDGE('',*,*,#5640,.F.);
#4243=ORIENTED_EDGE('',*,*,#5842,.F.);
#4244=ORIENTED_EDGE('',*,*,#5745,.T.);
#4245=ORIENTED_EDGE('',*,*,#5843,.F.);
#4246=ORIENTED_EDGE('',*,*,#5638,.F.);
#4247=ORIENTED_EDGE('',*,*,#5844,.F.);
#4248=ORIENTED_EDGE('',*,*,#5842,.T.);
#4249=ORIENTED_EDGE('',*,*,#5639,.T.);
#4250=ORIENTED_EDGE('',*,*,#5843,.T.);
#4251=ORIENTED_EDGE('',*,*,#5754,.F.);
#4252=ORIENTED_EDGE('',*,*,#5844,.T.);
#4253=ORIENTED_EDGE('',*,*,#5637,.T.);
#4254=ORIENTED_EDGE('',*,*,#5837,.T.);
#4255=ORIENTED_EDGE('',*,*,#5746,.F.);
#4256=ORIENTED_EDGE('',*,*,#5840,.T.);
#4257=ORIENTED_EDGE('',*,*,#5641,.T.);
#4258=ORIENTED_EDGE('',*,*,#5841,.T.);
#4259=ORIENTED_EDGE('',*,*,#5752,.F.);
#4260=ORIENTED_EDGE('',*,*,#5838,.T.);
#4261=ORIENTED_EDGE('',*,*,#5635,.T.);
#4262=ORIENTED_EDGE('',*,*,#5835,.T.);
#4263=ORIENTED_EDGE('',*,*,#5748,.F.);
#4264=ORIENTED_EDGE('',*,*,#5836,.T.);
#4265=ORIENTED_EDGE('',*,*,#5643,.T.);
#4266=ORIENTED_EDGE('',*,*,#5839,.T.);
#4267=ORIENTED_EDGE('',*,*,#5750,.F.);
#4268=ORIENTED_EDGE('',*,*,#5682,.T.);
#4269=ORIENTED_EDGE('',*,*,#5845,.F.);
#4270=ORIENTED_EDGE('',*,*,#5648,.F.);
#4271=ORIENTED_EDGE('',*,*,#5846,.F.);
#4272=ORIENTED_EDGE('',*,*,#5684,.T.);
#4273=ORIENTED_EDGE('',*,*,#5847,.F.);
#4274=ORIENTED_EDGE('',*,*,#5646,.F.);
#4275=ORIENTED_EDGE('',*,*,#5848,.F.);
#4276=ORIENTED_EDGE('',*,*,#5676,.T.);
#4277=ORIENTED_EDGE('',*,*,#5849,.F.);
#4278=ORIENTED_EDGE('',*,*,#5654,.F.);
#4279=ORIENTED_EDGE('',*,*,#5850,.F.);
#4280=ORIENTED_EDGE('',*,*,#5680,.T.);
#4281=ORIENTED_EDGE('',*,*,#5851,.F.);
#4282=ORIENTED_EDGE('',*,*,#5650,.F.);
#4283=ORIENTED_EDGE('',*,*,#5852,.F.);
#4284=ORIENTED_EDGE('',*,*,#5678,.T.);
#4285=ORIENTED_EDGE('',*,*,#5853,.F.);
#4286=ORIENTED_EDGE('',*,*,#5652,.F.);
#4287=ORIENTED_EDGE('',*,*,#5854,.F.);
#4288=ORIENTED_EDGE('',*,*,#5854,.T.);
#4289=ORIENTED_EDGE('',*,*,#5651,.T.);
#4290=ORIENTED_EDGE('',*,*,#5851,.T.);
#4291=ORIENTED_EDGE('',*,*,#5679,.F.);
#4292=ORIENTED_EDGE('',*,*,#5848,.T.);
#4293=ORIENTED_EDGE('',*,*,#5645,.T.);
#4294=ORIENTED_EDGE('',*,*,#5849,.T.);
#4295=ORIENTED_EDGE('',*,*,#5685,.F.);
#4296=ORIENTED_EDGE('',*,*,#5850,.T.);
#4297=ORIENTED_EDGE('',*,*,#5653,.T.);
#4298=ORIENTED_EDGE('',*,*,#5853,.T.);
#4299=ORIENTED_EDGE('',*,*,#5677,.F.);
#4300=ORIENTED_EDGE('',*,*,#5846,.T.);
#4301=ORIENTED_EDGE('',*,*,#5647,.T.);
#4302=ORIENTED_EDGE('',*,*,#5847,.T.);
#4303=ORIENTED_EDGE('',*,*,#5683,.F.);
#4304=ORIENTED_EDGE('',*,*,#5852,.T.);
#4305=ORIENTED_EDGE('',*,*,#5649,.T.);
#4306=ORIENTED_EDGE('',*,*,#5845,.T.);
#4307=ORIENTED_EDGE('',*,*,#5681,.F.);
#4308=ORIENTED_EDGE('',*,*,#5759,.T.);
#4309=ORIENTED_EDGE('',*,*,#5855,.F.);
#4310=ORIENTED_EDGE('',*,*,#5661,.F.);
#4311=ORIENTED_EDGE('',*,*,#5856,.F.);
#4312=ORIENTED_EDGE('',*,*,#5856,.T.);
#4313=ORIENTED_EDGE('',*,*,#5660,.T.);
#4314=ORIENTED_EDGE('',*,*,#5857,.F.);
#4315=ORIENTED_EDGE('',*,*,#5760,.F.);
#4316=ORIENTED_EDGE('',*,*,#5762,.T.);
#4317=ORIENTED_EDGE('',*,*,#5858,.F.);
#4318=ORIENTED_EDGE('',*,*,#5658,.F.);
#4319=ORIENTED_EDGE('',*,*,#5859,.F.);
#4320=ORIENTED_EDGE('',*,*,#5757,.T.);
#4321=ORIENTED_EDGE('',*,*,#5860,.F.);
#4322=ORIENTED_EDGE('',*,*,#5663,.F.);
#4323=ORIENTED_EDGE('',*,*,#5861,.F.);
#4324=ORIENTED_EDGE('',*,*,#5755,.T.);
#4325=ORIENTED_EDGE('',*,*,#5862,.F.);
#4326=ORIENTED_EDGE('',*,*,#5656,.F.);
#4327=ORIENTED_EDGE('',*,*,#5863,.F.);
#4328=ORIENTED_EDGE('',*,*,#5859,.T.);
#4329=ORIENTED_EDGE('',*,*,#5657,.T.);
#4330=ORIENTED_EDGE('',*,*,#5862,.T.);
#4331=ORIENTED_EDGE('',*,*,#5763,.F.);
#4332=ORIENTED_EDGE('',*,*,#5863,.T.);
#4333=ORIENTED_EDGE('',*,*,#5655,.T.);
#4334=ORIENTED_EDGE('',*,*,#5860,.T.);
#4335=ORIENTED_EDGE('',*,*,#5756,.F.);
#4336=ORIENTED_EDGE('',*,*,#5861,.T.);
#4337=ORIENTED_EDGE('',*,*,#5662,.T.);
#4338=ORIENTED_EDGE('',*,*,#5855,.T.);
#4339=ORIENTED_EDGE('',*,*,#5758,.F.);
#4340=ORIENTED_EDGE('',*,*,#5857,.T.);
#4341=ORIENTED_EDGE('',*,*,#5659,.T.);
#4342=ORIENTED_EDGE('',*,*,#5858,.T.);
#4343=ORIENTED_EDGE('',*,*,#5761,.F.);
#4344=ORIENTED_EDGE('',*,*,#5764,.T.);
#4345=ORIENTED_EDGE('',*,*,#5864,.F.);
#4346=ORIENTED_EDGE('',*,*,#5669,.F.);
#4347=ORIENTED_EDGE('',*,*,#5865,.F.);
#4348=ORIENTED_EDGE('',*,*,#5772,.T.);
#4349=ORIENTED_EDGE('',*,*,#5866,.F.);
#4350=ORIENTED_EDGE('',*,*,#5673,.F.);
#4351=ORIENTED_EDGE('',*,*,#5867,.F.);
#4352=ORIENTED_EDGE('',*,*,#5774,.T.);
#4353=ORIENTED_EDGE('',*,*,#5868,.F.);
#4354=ORIENTED_EDGE('',*,*,#5671,.F.);
#4355=ORIENTED_EDGE('',*,*,#5869,.F.);
#4356=ORIENTED_EDGE('',*,*,#5766,.T.);
#4357=ORIENTED_EDGE('',*,*,#5870,.F.);
#4358=ORIENTED_EDGE('',*,*,#5667,.F.);
#4359=ORIENTED_EDGE('',*,*,#5871,.F.);
#4360=ORIENTED_EDGE('',*,*,#5770,.T.);
#4361=ORIENTED_EDGE('',*,*,#5872,.F.);
#4362=ORIENTED_EDGE('',*,*,#5675,.F.);
#4363=ORIENTED_EDGE('',*,*,#5873,.F.);
#4364=ORIENTED_EDGE('',*,*,#5768,.T.);
#4365=ORIENTED_EDGE('',*,*,#5874,.F.);
#4366=ORIENTED_EDGE('',*,*,#5665,.F.);
#4367=ORIENTED_EDGE('',*,*,#5875,.F.);
#4368=ORIENTED_EDGE('',*,*,#5871,.T.);
#4369=ORIENTED_EDGE('',*,*,#5666,.T.);
#4370=ORIENTED_EDGE('',*,*,#5874,.T.);
#4371=ORIENTED_EDGE('',*,*,#5767,.F.);
#4372=ORIENTED_EDGE('',*,*,#5875,.T.);
#4373=ORIENTED_EDGE('',*,*,#5664,.T.);
#4374=ORIENTED_EDGE('',*,*,#5872,.T.);
#4375=ORIENTED_EDGE('',*,*,#5769,.F.);
#4376=ORIENTED_EDGE('',*,*,#5869,.T.);
#4377=ORIENTED_EDGE('',*,*,#5670,.T.);
#4378=ORIENTED_EDGE('',*,*,#5864,.T.);
#4379=ORIENTED_EDGE('',*,*,#5775,.F.);
#4380=ORIENTED_EDGE('',*,*,#5865,.T.);
#4381=ORIENTED_EDGE('',*,*,#5668,.T.);
#4382=ORIENTED_EDGE('',*,*,#5870,.T.);
#4383=ORIENTED_EDGE('',*,*,#5765,.F.);
#4384=ORIENTED_EDGE('',*,*,#5867,.T.);
#4385=ORIENTED_EDGE('',*,*,#5672,.T.);
#4386=ORIENTED_EDGE('',*,*,#5868,.T.);
#4387=ORIENTED_EDGE('',*,*,#5773,.F.);
#4388=ORIENTED_EDGE('',*,*,#5873,.T.);
#4389=ORIENTED_EDGE('',*,*,#5674,.T.);
#4390=ORIENTED_EDGE('',*,*,#5866,.T.);
#4391=ORIENTED_EDGE('',*,*,#5771,.F.);
#4392=ORIENTED_EDGE('',*,*,#5780,.T.);
#4393=ORIENTED_EDGE('',*,*,#5876,.F.);
#4394=ORIENTED_EDGE('',*,*,#5573,.F.);
#4395=ORIENTED_EDGE('',*,*,#5877,.F.);
#4396=ORIENTED_EDGE('',*,*,#5778,.T.);
#4397=ORIENTED_EDGE('',*,*,#5878,.F.);
#4398=ORIENTED_EDGE('',*,*,#5575,.F.);
#4399=ORIENTED_EDGE('',*,*,#5879,.F.);
#4400=ORIENTED_EDGE('',*,*,#5776,.T.);
#4401=ORIENTED_EDGE('',*,*,#5880,.F.);
#4402=ORIENTED_EDGE('',*,*,#5571,.F.);
#4403=ORIENTED_EDGE('',*,*,#5881,.F.);
#4404=ORIENTED_EDGE('',*,*,#5881,.T.);
#4405=ORIENTED_EDGE('',*,*,#5570,.T.);
#4406=ORIENTED_EDGE('',*,*,#5878,.T.);
#4407=ORIENTED_EDGE('',*,*,#5777,.F.);
#4408=ORIENTED_EDGE('',*,*,#5877,.T.);
#4409=ORIENTED_EDGE('',*,*,#5572,.T.);
#4410=ORIENTED_EDGE('',*,*,#5880,.T.);
#4411=ORIENTED_EDGE('',*,*,#5781,.F.);
#4412=ORIENTED_EDGE('',*,*,#5879,.T.);
#4413=ORIENTED_EDGE('',*,*,#5574,.T.);
#4414=ORIENTED_EDGE('',*,*,#5876,.T.);
#4415=ORIENTED_EDGE('',*,*,#5779,.F.);
#4416=EDGE_CURVE('',#5882,#5883,#6866,.T.);
#4417=EDGE_CURVE('',#5882,#5884,#6867,.T.);
#4418=EDGE_CURVE('',#5885,#5884,#6868,.T.);
#4419=EDGE_CURVE('',#5886,#5885,#6869,.T.);
#4420=EDGE_CURVE('',#5886,#5887,#6870,.T.);
#4421=EDGE_CURVE('',#5888,#5887,#6871,.T.);
#4422=EDGE_CURVE('',#5888,#5889,#6872,.F.);
#4423=EDGE_CURVE('',#5889,#5890,#6873,.T.);
#4424=EDGE_CURVE('',#5891,#5890,#6874,.T.);
#4425=EDGE_CURVE('',#5892,#5891,#6875,.T.);
#4426=EDGE_CURVE('',#5892,#5893,#6876,.T.);
#4427=EDGE_CURVE('',#5894,#5893,#6877,.T.);
#4428=EDGE_CURVE('',#5894,#5895,#6878,.F.);
#4429=EDGE_CURVE('',#5895,#5896,#6879,.T.);
#4430=EDGE_CURVE('',#5897,#5896,#6880,.T.);
#4431=EDGE_CURVE('',#5898,#5897,#6881,.T.);
#4432=EDGE_CURVE('',#5898,#5899,#6882,.T.);
#4433=EDGE_CURVE('',#5900,#5899,#6883,.T.);
#4434=EDGE_CURVE('',#5900,#5901,#6884,.F.);
#4435=EDGE_CURVE('',#5901,#5902,#6885,.T.);
#4436=EDGE_CURVE('',#5903,#5902,#6886,.T.);
#4437=EDGE_CURVE('',#5904,#5903,#6887,.T.);
#4438=EDGE_CURVE('',#5904,#5905,#6888,.T.);
#4439=EDGE_CURVE('',#5906,#5905,#6889,.T.);
#4440=EDGE_CURVE('',#5906,#5907,#6890,.F.);
#4441=EDGE_CURVE('',#5907,#5908,#6891,.T.);
#4442=EDGE_CURVE('',#5909,#5908,#6892,.T.);
#4443=EDGE_CURVE('',#5910,#5909,#6893,.T.);
#4444=EDGE_CURVE('',#5910,#5911,#6894,.T.);
#4445=EDGE_CURVE('',#5912,#5911,#6895,.T.);
#4446=EDGE_CURVE('',#5912,#5913,#6896,.F.);
#4447=EDGE_CURVE('',#5913,#5914,#6897,.T.);
#4448=EDGE_CURVE('',#5915,#5914,#6898,.T.);
#4449=EDGE_CURVE('',#5916,#5915,#6899,.T.);
#4450=EDGE_CURVE('',#5916,#5917,#6900,.T.);
#4451=EDGE_CURVE('',#5918,#5917,#6901,.T.);
#4452=EDGE_CURVE('',#5918,#5919,#6902,.F.);
#4453=EDGE_CURVE('',#5919,#5920,#6903,.T.);
#4454=EDGE_CURVE('',#5921,#5920,#6904,.T.);
#4455=EDGE_CURVE('',#5922,#5921,#6905,.T.);
#4456=EDGE_CURVE('',#5922,#5923,#6906,.T.);
#4457=EDGE_CURVE('',#5924,#5923,#6907,.T.);
#4458=EDGE_CURVE('',#5924,#5925,#6908,.F.);
#4459=EDGE_CURVE('',#5925,#5926,#6909,.T.);
#4460=EDGE_CURVE('',#5927,#5926,#6910,.T.);
#4461=EDGE_CURVE('',#5928,#5927,#6911,.T.);
#4462=EDGE_CURVE('',#5928,#5929,#6912,.T.);
#4463=EDGE_CURVE('',#5930,#5929,#6913,.T.);
#4464=EDGE_CURVE('',#5930,#5931,#6914,.F.);
#4465=EDGE_CURVE('',#5931,#5932,#6915,.T.);
#4466=EDGE_CURVE('',#5933,#5932,#6916,.T.);
#4467=EDGE_CURVE('',#5934,#5933,#6917,.T.);
#4468=EDGE_CURVE('',#5934,#5935,#6918,.T.);
#4469=EDGE_CURVE('',#5936,#5935,#6919,.T.);
#4470=EDGE_CURVE('',#5936,#5937,#6920,.F.);
#4471=EDGE_CURVE('',#5937,#5938,#6921,.T.);
#4472=EDGE_CURVE('',#5939,#5938,#6922,.T.);
#4473=EDGE_CURVE('',#5940,#5939,#6923,.T.);
#4474=EDGE_CURVE('',#5940,#5941,#6924,.T.);
#4475=EDGE_CURVE('',#5942,#5941,#6925,.T.);
#4476=EDGE_CURVE('',#5942,#5943,#6926,.F.);
#4477=EDGE_CURVE('',#5943,#5944,#6927,.T.);
#4478=EDGE_CURVE('',#5945,#5944,#6928,.T.);
#4479=EDGE_CURVE('',#5946,#5945,#6929,.T.);
#4480=EDGE_CURVE('',#5946,#5947,#6930,.T.);
#4481=EDGE_CURVE('',#5948,#5947,#6931,.T.);
#4482=EDGE_CURVE('',#5948,#5949,#6932,.F.);
#4483=EDGE_CURVE('',#5949,#5950,#6933,.T.);
#4484=EDGE_CURVE('',#5951,#5950,#6934,.T.);
#4485=EDGE_CURVE('',#5952,#5951,#6935,.T.);
#4486=EDGE_CURVE('',#5952,#5953,#6936,.T.);
#4487=EDGE_CURVE('',#5954,#5953,#6937,.T.);
#4488=EDGE_CURVE('',#5954,#5955,#6938,.F.);
#4489=EDGE_CURVE('',#5955,#5956,#6939,.T.);
#4490=EDGE_CURVE('',#5957,#5956,#6940,.T.);
#4491=EDGE_CURVE('',#5958,#5957,#6941,.T.);
#4492=EDGE_CURVE('',#5958,#5959,#6942,.T.);
#4493=EDGE_CURVE('',#5960,#5959,#6943,.T.);
#4494=EDGE_CURVE('',#5960,#5961,#6944,.F.);
#4495=EDGE_CURVE('',#5961,#5962,#6945,.T.);
#4496=EDGE_CURVE('',#5963,#5962,#6946,.T.);
#4497=EDGE_CURVE('',#5964,#5963,#6947,.T.);
#4498=EDGE_CURVE('',#5964,#5965,#6948,.T.);
#4499=EDGE_CURVE('',#5966,#5965,#6949,.T.);
#4500=EDGE_CURVE('',#5966,#5967,#6950,.F.);
#4501=EDGE_CURVE('',#5967,#5968,#6951,.T.);
#4502=EDGE_CURVE('',#5969,#5968,#6952,.T.);
#4503=EDGE_CURVE('',#5970,#5969,#6953,.T.);
#4504=EDGE_CURVE('',#5970,#5971,#6954,.T.);
#4505=EDGE_CURVE('',#5972,#5971,#6955,.T.);
#4506=EDGE_CURVE('',#5972,#5973,#6956,.F.);
#4507=EDGE_CURVE('',#5973,#5974,#6957,.T.);
#4508=EDGE_CURVE('',#5975,#5974,#6958,.T.);
#4509=EDGE_CURVE('',#5976,#5975,#6959,.T.);
#4510=EDGE_CURVE('',#5976,#5977,#6960,.T.);
#4511=EDGE_CURVE('',#5978,#5977,#6961,.T.);
#4512=EDGE_CURVE('',#5978,#5979,#6962,.F.);
#4513=EDGE_CURVE('',#5979,#5980,#6963,.T.);
#4514=EDGE_CURVE('',#5981,#5980,#6964,.T.);
#4515=EDGE_CURVE('',#5982,#5981,#6965,.T.);
#4516=EDGE_CURVE('',#5982,#5983,#6966,.T.);
#4517=EDGE_CURVE('',#5984,#5983,#6967,.T.);
#4518=EDGE_CURVE('',#5984,#5985,#6968,.F.);
#4519=EDGE_CURVE('',#5985,#5986,#6969,.T.);
#4520=EDGE_CURVE('',#5987,#5986,#6970,.T.);
#4521=EDGE_CURVE('',#5988,#5987,#6971,.T.);
#4522=EDGE_CURVE('',#5988,#5989,#6972,.T.);
#4523=EDGE_CURVE('',#5990,#5989,#6973,.T.);
#4524=EDGE_CURVE('',#5990,#5991,#6974,.F.);
#4525=EDGE_CURVE('',#5991,#5992,#6975,.T.);
#4526=EDGE_CURVE('',#5993,#5992,#6976,.T.);
#4527=EDGE_CURVE('',#5994,#5993,#6977,.T.);
#4528=EDGE_CURVE('',#5994,#5995,#6978,.T.);
#4529=EDGE_CURVE('',#5996,#5995,#6979,.T.);
#4530=EDGE_CURVE('',#5996,#5997,#6980,.F.);
#4531=EDGE_CURVE('',#5997,#5998,#6981,.T.);
#4532=EDGE_CURVE('',#5999,#5998,#6982,.T.);
#4533=EDGE_CURVE('',#6000,#5999,#6983,.T.);
#4534=EDGE_CURVE('',#6000,#6001,#6984,.T.);
#4535=EDGE_CURVE('',#6002,#6001,#6985,.T.);
#4536=EDGE_CURVE('',#6002,#6003,#6986,.F.);
#4537=EDGE_CURVE('',#6003,#6004,#6987,.T.);
#4538=EDGE_CURVE('',#6005,#6004,#6988,.T.);
#4539=EDGE_CURVE('',#6006,#6005,#6989,.T.);
#4540=EDGE_CURVE('',#6006,#6007,#6990,.T.);
#4541=EDGE_CURVE('',#6008,#6007,#6991,.T.);
#4542=EDGE_CURVE('',#6008,#6009,#6992,.F.);
#4543=EDGE_CURVE('',#6009,#6010,#6993,.T.);
#4544=EDGE_CURVE('',#6011,#6010,#6994,.T.);
#4545=EDGE_CURVE('',#6012,#6011,#6995,.T.);
#4546=EDGE_CURVE('',#6012,#6013,#6996,.T.);
#4547=EDGE_CURVE('',#6014,#6013,#6997,.T.);
#4548=EDGE_CURVE('',#6014,#6015,#6998,.F.);
#4549=EDGE_CURVE('',#6015,#6016,#6999,.T.);
#4550=EDGE_CURVE('',#6017,#6016,#7000,.T.);
#4551=EDGE_CURVE('',#6018,#6017,#7001,.T.);
#4552=EDGE_CURVE('',#6018,#6019,#7002,.T.);
#4553=EDGE_CURVE('',#6020,#6019,#7003,.T.);
#4554=EDGE_CURVE('',#6020,#6021,#7004,.F.);
#4555=EDGE_CURVE('',#6021,#6022,#7005,.T.);
#4556=EDGE_CURVE('',#6023,#6022,#7006,.T.);
#4557=EDGE_CURVE('',#6024,#6023,#7007,.T.);
#4558=EDGE_CURVE('',#6024,#6025,#7008,.T.);
#4559=EDGE_CURVE('',#6026,#6025,#7009,.T.);
#4560=EDGE_CURVE('',#6026,#6027,#7010,.F.);
#4561=EDGE_CURVE('',#6027,#6028,#7011,.T.);
#4562=EDGE_CURVE('',#6029,#6028,#7012,.T.);
#4563=EDGE_CURVE('',#6030,#6029,#7013,.T.);
#4564=EDGE_CURVE('',#6030,#6031,#7014,.T.);
#4565=EDGE_CURVE('',#6032,#6031,#7015,.T.);
#4566=EDGE_CURVE('',#6032,#6033,#7016,.F.);
#4567=EDGE_CURVE('',#6033,#6034,#7017,.T.);
#4568=EDGE_CURVE('',#6035,#6034,#7018,.T.);
#4569=EDGE_CURVE('',#6036,#6035,#7019,.T.);
#4570=EDGE_CURVE('',#6036,#6037,#7020,.T.);
#4571=EDGE_CURVE('',#6038,#6037,#7021,.T.);
#4572=EDGE_CURVE('',#6038,#6039,#7022,.F.);
#4573=EDGE_CURVE('',#6039,#6040,#7023,.T.);
#4574=EDGE_CURVE('',#6041,#6040,#7024,.T.);
#4575=EDGE_CURVE('',#6042,#6041,#7025,.T.);
#4576=EDGE_CURVE('',#6042,#6043,#7026,.T.);
#4577=EDGE_CURVE('',#6044,#6043,#7027,.T.);
#4578=EDGE_CURVE('',#6044,#6045,#7028,.F.);
#4579=EDGE_CURVE('',#6045,#6046,#7029,.T.);
#4580=EDGE_CURVE('',#6047,#6046,#7030,.T.);
#4581=EDGE_CURVE('',#6048,#6047,#7031,.T.);
#4582=EDGE_CURVE('',#6048,#6049,#7032,.T.);
#4583=EDGE_CURVE('',#6050,#6049,#7033,.T.);
#4584=EDGE_CURVE('',#6050,#6051,#7034,.F.);
#4585=EDGE_CURVE('',#6051,#6052,#7035,.T.);
#4586=EDGE_CURVE('',#6053,#6052,#7036,.T.);
#4587=EDGE_CURVE('',#6054,#6053,#7037,.T.);
#4588=EDGE_CURVE('',#6054,#6055,#7038,.T.);
#4589=EDGE_CURVE('',#6056,#6055,#7039,.T.);
#4590=EDGE_CURVE('',#6056,#6057,#7040,.F.);
#4591=EDGE_CURVE('',#6057,#6058,#7041,.T.);
#4592=EDGE_CURVE('',#6059,#6058,#7042,.T.);
#4593=EDGE_CURVE('',#6060,#6059,#7043,.T.);
#4594=EDGE_CURVE('',#6060,#6061,#7044,.T.);
#4595=EDGE_CURVE('',#6062,#6061,#7045,.T.);
#4596=EDGE_CURVE('',#6062,#6063,#7046,.F.);
#4597=EDGE_CURVE('',#6063,#6064,#7047,.T.);
#4598=EDGE_CURVE('',#6065,#6064,#7048,.T.);
#4599=EDGE_CURVE('',#6066,#6065,#7049,.T.);
#4600=EDGE_CURVE('',#6066,#6067,#7050,.T.);
#4601=EDGE_CURVE('',#6068,#6067,#7051,.T.);
#4602=EDGE_CURVE('',#6068,#6069,#7052,.F.);
#4603=EDGE_CURVE('',#6069,#6070,#7053,.T.);
#4604=EDGE_CURVE('',#6071,#6070,#7054,.T.);
#4605=EDGE_CURVE('',#6072,#6071,#7055,.T.);
#4606=EDGE_CURVE('',#6072,#6073,#7056,.T.);
#4607=EDGE_CURVE('',#6074,#6073,#7057,.T.);
#4608=EDGE_CURVE('',#6074,#6075,#7058,.F.);
#4609=EDGE_CURVE('',#6075,#6076,#7059,.T.);
#4610=EDGE_CURVE('',#6077,#6076,#7060,.T.);
#4611=EDGE_CURVE('',#6078,#6077,#7061,.T.);
#4612=EDGE_CURVE('',#6078,#6079,#7062,.T.);
#4613=EDGE_CURVE('',#6080,#6079,#7063,.T.);
#4614=EDGE_CURVE('',#6080,#6081,#7064,.F.);
#4615=EDGE_CURVE('',#6081,#6082,#7065,.T.);
#4616=EDGE_CURVE('',#6083,#6082,#7066,.T.);
#4617=EDGE_CURVE('',#6084,#6083,#7067,.T.);
#4618=EDGE_CURVE('',#6084,#6085,#7068,.T.);
#4619=EDGE_CURVE('',#6086,#6085,#7069,.T.);
#4620=EDGE_CURVE('',#6086,#6087,#7070,.F.);
#4621=EDGE_CURVE('',#6087,#6088,#7071,.T.);
#4622=EDGE_CURVE('',#6089,#6088,#7072,.T.);
#4623=EDGE_CURVE('',#6090,#6089,#7073,.T.);
#4624=EDGE_CURVE('',#6090,#6091,#7074,.T.);
#4625=EDGE_CURVE('',#6092,#6091,#7075,.T.);
#4626=EDGE_CURVE('',#6092,#6093,#7076,.F.);
#4627=EDGE_CURVE('',#6093,#6094,#7077,.T.);
#4628=EDGE_CURVE('',#6095,#6094,#7078,.T.);
#4629=EDGE_CURVE('',#6096,#6095,#7079,.T.);
#4630=EDGE_CURVE('',#6096,#6097,#7080,.T.);
#4631=EDGE_CURVE('',#6098,#6097,#7081,.T.);
#4632=EDGE_CURVE('',#6098,#6099,#7082,.F.);
#4633=EDGE_CURVE('',#6099,#6100,#7083,.T.);
#4634=EDGE_CURVE('',#6101,#6100,#7084,.T.);
#4635=EDGE_CURVE('',#6102,#6101,#7085,.T.);
#4636=EDGE_CURVE('',#6102,#6103,#7086,.T.);
#4637=EDGE_CURVE('',#6104,#6103,#7087,.T.);
#4638=EDGE_CURVE('',#6104,#6105,#7088,.F.);
#4639=EDGE_CURVE('',#6105,#6106,#7089,.T.);
#4640=EDGE_CURVE('',#6107,#6106,#7090,.T.);
#4641=EDGE_CURVE('',#6108,#6107,#7091,.T.);
#4642=EDGE_CURVE('',#6108,#6109,#7092,.T.);
#4643=EDGE_CURVE('',#6110,#6109,#7093,.T.);
#4644=EDGE_CURVE('',#6110,#6111,#7094,.F.);
#4645=EDGE_CURVE('',#6111,#6112,#7095,.T.);
#4646=EDGE_CURVE('',#6113,#6112,#7096,.T.);
#4647=EDGE_CURVE('',#6114,#6113,#7097,.T.);
#4648=EDGE_CURVE('',#6114,#6115,#7098,.T.);
#4649=EDGE_CURVE('',#6116,#6115,#7099,.T.);
#4650=EDGE_CURVE('',#6116,#6117,#7100,.F.);
#4651=EDGE_CURVE('',#6117,#6118,#7101,.T.);
#4652=EDGE_CURVE('',#6119,#6118,#7102,.T.);
#4653=EDGE_CURVE('',#6120,#6119,#7103,.T.);
#4654=EDGE_CURVE('',#6120,#6121,#7104,.T.);
#4655=EDGE_CURVE('',#6122,#6121,#7105,.T.);
#4656=EDGE_CURVE('',#6122,#6123,#7106,.F.);
#4657=EDGE_CURVE('',#6123,#6124,#7107,.T.);
#4658=EDGE_CURVE('',#6125,#6124,#7108,.T.);
#4659=EDGE_CURVE('',#6126,#6125,#7109,.T.);
#4660=EDGE_CURVE('',#6126,#6127,#7110,.T.);
#4661=EDGE_CURVE('',#6128,#6127,#7111,.T.);
#4662=EDGE_CURVE('',#6128,#6129,#7112,.F.);
#4663=EDGE_CURVE('',#6129,#6130,#7113,.T.);
#4664=EDGE_CURVE('',#6131,#6130,#7114,.T.);
#4665=EDGE_CURVE('',#6132,#6131,#7115,.T.);
#4666=EDGE_CURVE('',#6132,#6133,#7116,.T.);
#4667=EDGE_CURVE('',#6134,#6133,#7117,.T.);
#4668=EDGE_CURVE('',#6134,#6135,#7118,.F.);
#4669=EDGE_CURVE('',#6135,#6136,#7119,.T.);
#4670=EDGE_CURVE('',#6137,#6136,#7120,.T.);
#4671=EDGE_CURVE('',#6138,#6137,#7121,.T.);
#4672=EDGE_CURVE('',#6138,#6139,#7122,.T.);
#4673=EDGE_CURVE('',#6140,#6139,#7123,.T.);
#4674=EDGE_CURVE('',#6140,#6141,#7124,.F.);
#4675=EDGE_CURVE('',#6141,#6142,#7125,.T.);
#4676=EDGE_CURVE('',#6143,#6142,#7126,.T.);
#4677=EDGE_CURVE('',#6144,#6143,#7127,.T.);
#4678=EDGE_CURVE('',#6144,#6145,#7128,.T.);
#4679=EDGE_CURVE('',#6146,#6145,#7129,.T.);
#4680=EDGE_CURVE('',#6146,#6147,#7130,.F.);
#4681=EDGE_CURVE('',#6147,#6148,#7131,.T.);
#4682=EDGE_CURVE('',#6149,#6148,#7132,.T.);
#4683=EDGE_CURVE('',#6150,#6149,#7133,.T.);
#4684=EDGE_CURVE('',#6150,#6151,#7134,.T.);
#4685=EDGE_CURVE('',#6152,#6151,#7135,.T.);
#4686=EDGE_CURVE('',#6152,#6153,#7136,.F.);
#4687=EDGE_CURVE('',#6153,#6154,#7137,.T.);
#4688=EDGE_CURVE('',#6155,#6154,#7138,.T.);
#4689=EDGE_CURVE('',#6156,#6155,#7139,.T.);
#4690=EDGE_CURVE('',#6156,#6157,#7140,.T.);
#4691=EDGE_CURVE('',#6158,#6157,#7141,.T.);
#4692=EDGE_CURVE('',#6158,#6159,#7142,.F.);
#4693=EDGE_CURVE('',#6159,#6160,#7143,.T.);
#4694=EDGE_CURVE('',#6161,#6160,#7144,.T.);
#4695=EDGE_CURVE('',#6162,#6161,#7145,.T.);
#4696=EDGE_CURVE('',#6162,#6163,#7146,.T.);
#4697=EDGE_CURVE('',#6164,#6163,#7147,.T.);
#4698=EDGE_CURVE('',#6164,#6165,#7148,.F.);
#4699=EDGE_CURVE('',#6165,#6166,#7149,.T.);
#4700=EDGE_CURVE('',#6167,#6166,#7150,.T.);
#4701=EDGE_CURVE('',#6168,#6167,#7151,.T.);
#4702=EDGE_CURVE('',#6168,#6169,#7152,.T.);
#4703=EDGE_CURVE('',#6170,#6169,#7153,.T.);
#4704=EDGE_CURVE('',#6170,#6171,#7154,.F.);
#4705=EDGE_CURVE('',#6171,#6172,#7155,.T.);
#4706=EDGE_CURVE('',#6173,#6172,#7156,.T.);
#4707=EDGE_CURVE('',#6174,#6173,#7157,.T.);
#4708=EDGE_CURVE('',#6174,#6175,#7158,.T.);
#4709=EDGE_CURVE('',#6176,#6175,#7159,.T.);
#4710=EDGE_CURVE('',#6176,#6177,#7160,.F.);
#4711=EDGE_CURVE('',#6177,#6178,#7161,.T.);
#4712=EDGE_CURVE('',#6179,#6178,#7162,.T.);
#4713=EDGE_CURVE('',#6180,#6179,#7163,.T.);
#4714=EDGE_CURVE('',#6180,#6181,#7164,.T.);
#4715=EDGE_CURVE('',#6182,#6181,#7165,.T.);
#4716=EDGE_CURVE('',#6182,#6183,#7166,.F.);
#4717=EDGE_CURVE('',#6183,#6184,#7167,.T.);
#4718=EDGE_CURVE('',#6185,#6184,#7168,.T.);
#4719=EDGE_CURVE('',#6186,#6185,#7169,.T.);
#4720=EDGE_CURVE('',#6186,#6187,#7170,.T.);
#4721=EDGE_CURVE('',#6188,#6187,#7171,.T.);
#4722=EDGE_CURVE('',#6188,#6189,#7172,.F.);
#4723=EDGE_CURVE('',#6189,#6190,#7173,.T.);
#4724=EDGE_CURVE('',#6191,#6190,#7174,.T.);
#4725=EDGE_CURVE('',#6192,#6191,#7175,.T.);
#4726=EDGE_CURVE('',#6192,#6193,#7176,.T.);
#4727=EDGE_CURVE('',#6194,#6193,#7177,.T.);
#4728=EDGE_CURVE('',#6194,#6195,#7178,.F.);
#4729=EDGE_CURVE('',#6195,#6196,#7179,.T.);
#4730=EDGE_CURVE('',#6197,#6196,#7180,.T.);
#4731=EDGE_CURVE('',#6198,#6197,#7181,.T.);
#4732=EDGE_CURVE('',#6198,#6199,#7182,.T.);
#4733=EDGE_CURVE('',#6200,#6199,#7183,.T.);
#4734=EDGE_CURVE('',#6200,#6201,#7184,.F.);
#4735=EDGE_CURVE('',#6201,#6202,#7185,.T.);
#4736=EDGE_CURVE('',#6203,#6202,#7186,.T.);
#4737=EDGE_CURVE('',#6204,#6203,#7187,.T.);
#4738=EDGE_CURVE('',#6204,#6205,#7188,.T.);
#4739=EDGE_CURVE('',#6206,#6205,#7189,.T.);
#4740=EDGE_CURVE('',#6206,#6207,#7190,.F.);
#4741=EDGE_CURVE('',#6207,#6208,#7191,.T.);
#4742=EDGE_CURVE('',#6209,#6208,#7192,.T.);
#4743=EDGE_CURVE('',#6210,#6209,#7193,.T.);
#4744=EDGE_CURVE('',#6210,#6211,#7194,.T.);
#4745=EDGE_CURVE('',#6212,#6211,#7195,.T.);
#4746=EDGE_CURVE('',#6212,#6213,#7196,.F.);
#4747=EDGE_CURVE('',#6213,#6214,#7197,.T.);
#4748=EDGE_CURVE('',#6215,#6214,#7198,.T.);
#4749=EDGE_CURVE('',#6216,#6215,#7199,.T.);
#4750=EDGE_CURVE('',#6216,#6217,#7200,.T.);
#4751=EDGE_CURVE('',#6218,#6217,#7201,.T.);
#4752=EDGE_CURVE('',#6218,#6219,#7202,.F.);
#4753=EDGE_CURVE('',#6219,#6220,#7203,.T.);
#4754=EDGE_CURVE('',#6221,#6220,#7204,.T.);
#4755=EDGE_CURVE('',#6222,#6221,#7205,.T.);
#4756=EDGE_CURVE('',#6222,#6223,#7206,.T.);
#4757=EDGE_CURVE('',#6224,#6223,#7207,.T.);
#4758=EDGE_CURVE('',#6224,#6225,#7208,.F.);
#4759=EDGE_CURVE('',#6225,#6226,#7209,.T.);
#4760=EDGE_CURVE('',#6227,#6226,#7210,.T.);
#4761=EDGE_CURVE('',#6228,#6227,#7211,.T.);
#4762=EDGE_CURVE('',#6228,#6229,#7212,.T.);
#4763=EDGE_CURVE('',#6230,#6229,#7213,.T.);
#4764=EDGE_CURVE('',#6230,#6231,#7214,.F.);
#4765=EDGE_CURVE('',#6231,#6232,#7215,.T.);
#4766=EDGE_CURVE('',#6233,#6232,#7216,.T.);
#4767=EDGE_CURVE('',#6234,#6233,#7217,.T.);
#4768=EDGE_CURVE('',#6234,#6235,#7218,.T.);
#4769=EDGE_CURVE('',#6236,#6235,#7219,.T.);
#4770=EDGE_CURVE('',#6236,#6237,#7220,.F.);
#4771=EDGE_CURVE('',#6237,#6238,#7221,.T.);
#4772=EDGE_CURVE('',#6239,#6238,#7222,.T.);
#4773=EDGE_CURVE('',#6240,#6239,#7223,.T.);
#4774=EDGE_CURVE('',#6240,#6241,#7224,.T.);
#4775=EDGE_CURVE('',#6242,#6241,#7225,.T.);
#4776=EDGE_CURVE('',#6242,#6243,#7226,.F.);
#4777=EDGE_CURVE('',#6243,#6244,#7227,.T.);
#4778=EDGE_CURVE('',#6245,#6244,#7228,.T.);
#4779=EDGE_CURVE('',#6245,#6246,#610,.T.);
#4780=EDGE_CURVE('',#6247,#6246,#7229,.F.);
#4781=EDGE_CURVE('',#6247,#6248,#7230,.F.);
#4782=EDGE_CURVE('',#5883,#6248,#7231,.T.);
#4783=EDGE_CURVE('',#6249,#6250,#7232,.T.);
#4784=EDGE_CURVE('',#6249,#6251,#7233,.T.);
#4785=EDGE_CURVE('',#6251,#6252,#7234,.T.);
#4786=EDGE_CURVE('',#6252,#6253,#7235,.T.);
#4787=EDGE_CURVE('',#6254,#6253,#7236,.T.);
#4788=EDGE_CURVE('',#6254,#6255,#611,.T.);
#4789=EDGE_CURVE('',#6255,#6256,#7237,.F.);
#4790=EDGE_CURVE('',#6257,#6256,#7238,.T.);
#4791=EDGE_CURVE('',#6258,#6257,#7239,.F.);
#4792=EDGE_CURVE('',#6259,#6258,#7240,.F.);
#4793=EDGE_CURVE('',#6260,#6259,#7241,.T.);
#4794=EDGE_CURVE('',#6261,#6260,#7242,.F.);
#4795=EDGE_CURVE('',#6261,#6262,#7243,.T.);
#4796=EDGE_CURVE('',#6263,#6262,#7244,.T.);
#4797=EDGE_CURVE('',#6264,#6263,#7245,.F.);
#4798=EDGE_CURVE('',#6265,#6264,#7246,.F.);
#4799=EDGE_CURVE('',#6266,#6265,#7247,.T.);
#4800=EDGE_CURVE('',#6267,#6266,#7248,.F.);
#4801=EDGE_CURVE('',#6267,#6268,#7249,.T.);
#4802=EDGE_CURVE('',#6269,#6268,#7250,.T.);
#4803=EDGE_CURVE('',#6270,#6269,#7251,.F.);
#4804=EDGE_CURVE('',#6271,#6270,#7252,.F.);
#4805=EDGE_CURVE('',#6272,#6271,#7253,.T.);
#4806=EDGE_CURVE('',#6273,#6272,#7254,.F.);
#4807=EDGE_CURVE('',#6273,#6274,#7255,.T.);
#4808=EDGE_CURVE('',#6275,#6274,#7256,.T.);
#4809=EDGE_CURVE('',#6276,#6275,#7257,.F.);
#4810=EDGE_CURVE('',#6277,#6276,#7258,.F.);
#4811=EDGE_CURVE('',#6278,#6277,#7259,.T.);
#4812=EDGE_CURVE('',#6279,#6278,#7260,.F.);
#4813=EDGE_CURVE('',#6279,#6280,#7261,.T.);
#4814=EDGE_CURVE('',#6281,#6280,#7262,.T.);
#4815=EDGE_CURVE('',#6282,#6281,#7263,.F.);
#4816=EDGE_CURVE('',#6283,#6282,#7264,.F.);
#4817=EDGE_CURVE('',#6284,#6283,#7265,.T.);
#4818=EDGE_CURVE('',#6285,#6284,#7266,.F.);
#4819=EDGE_CURVE('',#6285,#6286,#7267,.T.);
#4820=EDGE_CURVE('',#6287,#6286,#7268,.T.);
#4821=EDGE_CURVE('',#6288,#6287,#7269,.F.);
#4822=EDGE_CURVE('',#6289,#6288,#7270,.F.);
#4823=EDGE_CURVE('',#6290,#6289,#7271,.T.);
#4824=EDGE_CURVE('',#6291,#6290,#7272,.F.);
#4825=EDGE_CURVE('',#6291,#6292,#7273,.T.);
#4826=EDGE_CURVE('',#6293,#6292,#7274,.T.);
#4827=EDGE_CURVE('',#6294,#6293,#7275,.F.);
#4828=EDGE_CURVE('',#6295,#6294,#7276,.F.);
#4829=EDGE_CURVE('',#6296,#6295,#7277,.T.);
#4830=EDGE_CURVE('',#6297,#6296,#7278,.F.);
#4831=EDGE_CURVE('',#6297,#6298,#7279,.T.);
#4832=EDGE_CURVE('',#6299,#6298,#7280,.T.);
#4833=EDGE_CURVE('',#6300,#6299,#7281,.F.);
#4834=EDGE_CURVE('',#6301,#6300,#7282,.F.);
#4835=EDGE_CURVE('',#6302,#6301,#7283,.T.);
#4836=EDGE_CURVE('',#6303,#6302,#7284,.F.);
#4837=EDGE_CURVE('',#6303,#6304,#7285,.T.);
#4838=EDGE_CURVE('',#6305,#6304,#7286,.T.);
#4839=EDGE_CURVE('',#6306,#6305,#7287,.F.);
#4840=EDGE_CURVE('',#6307,#6306,#7288,.F.);
#4841=EDGE_CURVE('',#6308,#6307,#7289,.T.);
#4842=EDGE_CURVE('',#6309,#6308,#7290,.F.);
#4843=EDGE_CURVE('',#6309,#6310,#7291,.T.);
#4844=EDGE_CURVE('',#6311,#6310,#7292,.T.);
#4845=EDGE_CURVE('',#6312,#6311,#7293,.F.);
#4846=EDGE_CURVE('',#6313,#6312,#7294,.F.);
#4847=EDGE_CURVE('',#6314,#6313,#7295,.T.);
#4848=EDGE_CURVE('',#6315,#6314,#7296,.F.);
#4849=EDGE_CURVE('',#6315,#6316,#7297,.T.);
#4850=EDGE_CURVE('',#6317,#6316,#7298,.T.);
#4851=EDGE_CURVE('',#6318,#6317,#7299,.F.);
#4852=EDGE_CURVE('',#6319,#6318,#7300,.F.);
#4853=EDGE_CURVE('',#6320,#6319,#7301,.T.);
#4854=EDGE_CURVE('',#6321,#6320,#7302,.F.);
#4855=EDGE_CURVE('',#6321,#6322,#7303,.T.);
#4856=EDGE_CURVE('',#6323,#6322,#7304,.T.);
#4857=EDGE_CURVE('',#6324,#6323,#7305,.F.);
#4858=EDGE_CURVE('',#6325,#6324,#7306,.F.);
#4859=EDGE_CURVE('',#6326,#6325,#7307,.T.);
#4860=EDGE_CURVE('',#6327,#6326,#7308,.F.);
#4861=EDGE_CURVE('',#6327,#6328,#7309,.T.);
#4862=EDGE_CURVE('',#6329,#6328,#7310,.T.);
#4863=EDGE_CURVE('',#6330,#6329,#7311,.F.);
#4864=EDGE_CURVE('',#6331,#6330,#7312,.F.);
#4865=EDGE_CURVE('',#6332,#6331,#7313,.T.);
#4866=EDGE_CURVE('',#6333,#6332,#7314,.F.);
#4867=EDGE_CURVE('',#6333,#6334,#7315,.T.);
#4868=EDGE_CURVE('',#6335,#6334,#7316,.T.);
#4869=EDGE_CURVE('',#6336,#6335,#7317,.F.);
#4870=EDGE_CURVE('',#6337,#6336,#7318,.F.);
#4871=EDGE_CURVE('',#6338,#6337,#7319,.T.);
#4872=EDGE_CURVE('',#6339,#6338,#7320,.F.);
#4873=EDGE_CURVE('',#6339,#6340,#7321,.T.);
#4874=EDGE_CURVE('',#6341,#6340,#7322,.T.);
#4875=EDGE_CURVE('',#6342,#6341,#7323,.F.);
#4876=EDGE_CURVE('',#6343,#6342,#7324,.F.);
#4877=EDGE_CURVE('',#6344,#6343,#7325,.T.);
#4878=EDGE_CURVE('',#6345,#6344,#7326,.F.);
#4879=EDGE_CURVE('',#6345,#6346,#7327,.T.);
#4880=EDGE_CURVE('',#6347,#6346,#7328,.T.);
#4881=EDGE_CURVE('',#6348,#6347,#7329,.F.);
#4882=EDGE_CURVE('',#6349,#6348,#7330,.F.);
#4883=EDGE_CURVE('',#6350,#6349,#7331,.T.);
#4884=EDGE_CURVE('',#6351,#6350,#7332,.F.);
#4885=EDGE_CURVE('',#6351,#6352,#7333,.T.);
#4886=EDGE_CURVE('',#6353,#6352,#7334,.T.);
#4887=EDGE_CURVE('',#6354,#6353,#7335,.F.);
#4888=EDGE_CURVE('',#6355,#6354,#7336,.F.);
#4889=EDGE_CURVE('',#6356,#6355,#7337,.T.);
#4890=EDGE_CURVE('',#6357,#6356,#7338,.F.);
#4891=EDGE_CURVE('',#6357,#6358,#7339,.T.);
#4892=EDGE_CURVE('',#6359,#6358,#7340,.T.);
#4893=EDGE_CURVE('',#6360,#6359,#7341,.F.);
#4894=EDGE_CURVE('',#6361,#6360,#7342,.F.);
#4895=EDGE_CURVE('',#6362,#6361,#7343,.T.);
#4896=EDGE_CURVE('',#6363,#6362,#7344,.F.);
#4897=EDGE_CURVE('',#6363,#6364,#7345,.T.);
#4898=EDGE_CURVE('',#6365,#6364,#7346,.T.);
#4899=EDGE_CURVE('',#6366,#6365,#7347,.F.);
#4900=EDGE_CURVE('',#6367,#6366,#7348,.F.);
#4901=EDGE_CURVE('',#6368,#6367,#7349,.T.);
#4902=EDGE_CURVE('',#6369,#6368,#7350,.F.);
#4903=EDGE_CURVE('',#6369,#6370,#7351,.T.);
#4904=EDGE_CURVE('',#6371,#6370,#7352,.T.);
#4905=EDGE_CURVE('',#6372,#6371,#7353,.F.);
#4906=EDGE_CURVE('',#6373,#6372,#7354,.F.);
#4907=EDGE_CURVE('',#6374,#6373,#7355,.T.);
#4908=EDGE_CURVE('',#6375,#6374,#7356,.F.);
#4909=EDGE_CURVE('',#6375,#6376,#7357,.T.);
#4910=EDGE_CURVE('',#6377,#6376,#7358,.T.);
#4911=EDGE_CURVE('',#6378,#6377,#7359,.F.);
#4912=EDGE_CURVE('',#6379,#6378,#7360,.F.);
#4913=EDGE_CURVE('',#6380,#6379,#7361,.T.);
#4914=EDGE_CURVE('',#6381,#6380,#7362,.F.);
#4915=EDGE_CURVE('',#6381,#6382,#7363,.T.);
#4916=EDGE_CURVE('',#6383,#6382,#7364,.T.);
#4917=EDGE_CURVE('',#6384,#6383,#7365,.F.);
#4918=EDGE_CURVE('',#6385,#6384,#7366,.F.);
#4919=EDGE_CURVE('',#6386,#6385,#7367,.T.);
#4920=EDGE_CURVE('',#6387,#6386,#7368,.F.);
#4921=EDGE_CURVE('',#6387,#6388,#7369,.T.);
#4922=EDGE_CURVE('',#6389,#6388,#7370,.T.);
#4923=EDGE_CURVE('',#6390,#6389,#7371,.F.);
#4924=EDGE_CURVE('',#6391,#6390,#7372,.F.);
#4925=EDGE_CURVE('',#6392,#6391,#7373,.T.);
#4926=EDGE_CURVE('',#6393,#6392,#7374,.F.);
#4927=EDGE_CURVE('',#6393,#6394,#7375,.T.);
#4928=EDGE_CURVE('',#6395,#6394,#7376,.T.);
#4929=EDGE_CURVE('',#6396,#6395,#7377,.F.);
#4930=EDGE_CURVE('',#6397,#6396,#7378,.F.);
#4931=EDGE_CURVE('',#6398,#6397,#7379,.T.);
#4932=EDGE_CURVE('',#6399,#6398,#7380,.F.);
#4933=EDGE_CURVE('',#6399,#6400,#7381,.T.);
#4934=EDGE_CURVE('',#6401,#6400,#7382,.T.);
#4935=EDGE_CURVE('',#6402,#6401,#7383,.F.);
#4936=EDGE_CURVE('',#6403,#6402,#7384,.F.);
#4937=EDGE_CURVE('',#6404,#6403,#7385,.T.);
#4938=EDGE_CURVE('',#6405,#6404,#7386,.F.);
#4939=EDGE_CURVE('',#6405,#6406,#7387,.T.);
#4940=EDGE_CURVE('',#6407,#6406,#7388,.T.);
#4941=EDGE_CURVE('',#6408,#6407,#7389,.F.);
#4942=EDGE_CURVE('',#6409,#6408,#7390,.F.);
#4943=EDGE_CURVE('',#6410,#6409,#7391,.T.);
#4944=EDGE_CURVE('',#6411,#6410,#7392,.F.);
#4945=EDGE_CURVE('',#6411,#6412,#7393,.T.);
#4946=EDGE_CURVE('',#6413,#6412,#7394,.T.);
#4947=EDGE_CURVE('',#6414,#6413,#7395,.F.);
#4948=EDGE_CURVE('',#6415,#6414,#7396,.F.);
#4949=EDGE_CURVE('',#6416,#6415,#7397,.T.);
#4950=EDGE_CURVE('',#6417,#6416,#7398,.F.);
#4951=EDGE_CURVE('',#6417,#6418,#7399,.T.);
#4952=EDGE_CURVE('',#6419,#6418,#7400,.T.);
#4953=EDGE_CURVE('',#6420,#6419,#7401,.F.);
#4954=EDGE_CURVE('',#6421,#6420,#7402,.F.);
#4955=EDGE_CURVE('',#6422,#6421,#7403,.T.);
#4956=EDGE_CURVE('',#6423,#6422,#7404,.F.);
#4957=EDGE_CURVE('',#6423,#6424,#7405,.T.);
#4958=EDGE_CURVE('',#6425,#6424,#7406,.T.);
#4959=EDGE_CURVE('',#6426,#6425,#7407,.F.);
#4960=EDGE_CURVE('',#6427,#6426,#7408,.F.);
#4961=EDGE_CURVE('',#6428,#6427,#7409,.T.);
#4962=EDGE_CURVE('',#6429,#6428,#7410,.F.);
#4963=EDGE_CURVE('',#6429,#6430,#7411,.T.);
#4964=EDGE_CURVE('',#6431,#6430,#7412,.T.);
#4965=EDGE_CURVE('',#6432,#6431,#7413,.F.);
#4966=EDGE_CURVE('',#6433,#6432,#7414,.F.);
#4967=EDGE_CURVE('',#6434,#6433,#7415,.T.);
#4968=EDGE_CURVE('',#6435,#6434,#7416,.F.);
#4969=EDGE_CURVE('',#6435,#6436,#7417,.T.);
#4970=EDGE_CURVE('',#6437,#6436,#7418,.T.);
#4971=EDGE_CURVE('',#6438,#6437,#7419,.F.);
#4972=EDGE_CURVE('',#6439,#6438,#7420,.F.);
#4973=EDGE_CURVE('',#6440,#6439,#7421,.T.);
#4974=EDGE_CURVE('',#6441,#6440,#7422,.F.);
#4975=EDGE_CURVE('',#6441,#6442,#7423,.T.);
#4976=EDGE_CURVE('',#6443,#6442,#7424,.T.);
#4977=EDGE_CURVE('',#6444,#6443,#7425,.F.);
#4978=EDGE_CURVE('',#6445,#6444,#7426,.F.);
#4979=EDGE_CURVE('',#6446,#6445,#7427,.T.);
#4980=EDGE_CURVE('',#6447,#6446,#7428,.F.);
#4981=EDGE_CURVE('',#6447,#6448,#7429,.T.);
#4982=EDGE_CURVE('',#6449,#6448,#7430,.T.);
#4983=EDGE_CURVE('',#6450,#6449,#7431,.F.);
#4984=EDGE_CURVE('',#6451,#6450,#7432,.F.);
#4985=EDGE_CURVE('',#6452,#6451,#7433,.T.);
#4986=EDGE_CURVE('',#6453,#6452,#7434,.F.);
#4987=EDGE_CURVE('',#6453,#6454,#7435,.T.);
#4988=EDGE_CURVE('',#6455,#6454,#7436,.T.);
#4989=EDGE_CURVE('',#6456,#6455,#7437,.F.);
#4990=EDGE_CURVE('',#6457,#6456,#7438,.F.);
#4991=EDGE_CURVE('',#6458,#6457,#7439,.T.);
#4992=EDGE_CURVE('',#6459,#6458,#7440,.F.);
#4993=EDGE_CURVE('',#6459,#6460,#7441,.T.);
#4994=EDGE_CURVE('',#6461,#6460,#7442,.T.);
#4995=EDGE_CURVE('',#6462,#6461,#7443,.F.);
#4996=EDGE_CURVE('',#6463,#6462,#7444,.F.);
#4997=EDGE_CURVE('',#6464,#6463,#7445,.T.);
#4998=EDGE_CURVE('',#6465,#6464,#7446,.F.);
#4999=EDGE_CURVE('',#6465,#6466,#7447,.T.);
#5000=EDGE_CURVE('',#6467,#6466,#7448,.T.);
#5001=EDGE_CURVE('',#6468,#6467,#7449,.F.);
#5002=EDGE_CURVE('',#6469,#6468,#7450,.F.);
#5003=EDGE_CURVE('',#6470,#6469,#7451,.T.);
#5004=EDGE_CURVE('',#6471,#6470,#7452,.F.);
#5005=EDGE_CURVE('',#6471,#6472,#7453,.T.);
#5006=EDGE_CURVE('',#6473,#6472,#7454,.T.);
#5007=EDGE_CURVE('',#6474,#6473,#7455,.F.);
#5008=EDGE_CURVE('',#6475,#6474,#7456,.F.);
#5009=EDGE_CURVE('',#6476,#6475,#7457,.T.);
#5010=EDGE_CURVE('',#6477,#6476,#7458,.F.);
#5011=EDGE_CURVE('',#6477,#6478,#7459,.T.);
#5012=EDGE_CURVE('',#6479,#6478,#7460,.T.);
#5013=EDGE_CURVE('',#6480,#6479,#7461,.F.);
#5014=EDGE_CURVE('',#6481,#6480,#7462,.F.);
#5015=EDGE_CURVE('',#6482,#6481,#7463,.T.);
#5016=EDGE_CURVE('',#6483,#6482,#7464,.F.);
#5017=EDGE_CURVE('',#6483,#6484,#7465,.T.);
#5018=EDGE_CURVE('',#6485,#6484,#7466,.T.);
#5019=EDGE_CURVE('',#6486,#6485,#7467,.F.);
#5020=EDGE_CURVE('',#6487,#6486,#7468,.F.);
#5021=EDGE_CURVE('',#6488,#6487,#7469,.T.);
#5022=EDGE_CURVE('',#6489,#6488,#7470,.F.);
#5023=EDGE_CURVE('',#6489,#6490,#7471,.T.);
#5024=EDGE_CURVE('',#6491,#6490,#7472,.T.);
#5025=EDGE_CURVE('',#6492,#6491,#7473,.F.);
#5026=EDGE_CURVE('',#6493,#6492,#7474,.F.);
#5027=EDGE_CURVE('',#6494,#6493,#7475,.T.);
#5028=EDGE_CURVE('',#6495,#6494,#7476,.F.);
#5029=EDGE_CURVE('',#6495,#6496,#7477,.T.);
#5030=EDGE_CURVE('',#6497,#6496,#7478,.T.);
#5031=EDGE_CURVE('',#6498,#6497,#7479,.F.);
#5032=EDGE_CURVE('',#6499,#6498,#7480,.F.);
#5033=EDGE_CURVE('',#6500,#6499,#7481,.T.);
#5034=EDGE_CURVE('',#6501,#6500,#7482,.F.);
#5035=EDGE_CURVE('',#6501,#6502,#7483,.T.);
#5036=EDGE_CURVE('',#6503,#6502,#7484,.T.);
#5037=EDGE_CURVE('',#6504,#6503,#7485,.F.);
#5038=EDGE_CURVE('',#6505,#6504,#7486,.F.);
#5039=EDGE_CURVE('',#6506,#6505,#7487,.T.);
#5040=EDGE_CURVE('',#6507,#6506,#7488,.F.);
#5041=EDGE_CURVE('',#6507,#6508,#7489,.T.);
#5042=EDGE_CURVE('',#6509,#6508,#7490,.T.);
#5043=EDGE_CURVE('',#6510,#6509,#7491,.F.);
#5044=EDGE_CURVE('',#6511,#6510,#7492,.F.);
#5045=EDGE_CURVE('',#6512,#6511,#7493,.T.);
#5046=EDGE_CURVE('',#6513,#6512,#7494,.F.);
#5047=EDGE_CURVE('',#6513,#6514,#7495,.T.);
#5048=EDGE_CURVE('',#6515,#6514,#7496,.T.);
#5049=EDGE_CURVE('',#6516,#6515,#7497,.F.);
#5050=EDGE_CURVE('',#6517,#6516,#7498,.F.);
#5051=EDGE_CURVE('',#6518,#6517,#7499,.T.);
#5052=EDGE_CURVE('',#6519,#6518,#7500,.F.);
#5053=EDGE_CURVE('',#6519,#6520,#7501,.T.);
#5054=EDGE_CURVE('',#6521,#6520,#7502,.T.);
#5055=EDGE_CURVE('',#6522,#6521,#7503,.F.);
#5056=EDGE_CURVE('',#6523,#6522,#7504,.F.);
#5057=EDGE_CURVE('',#6524,#6523,#7505,.T.);
#5058=EDGE_CURVE('',#6525,#6524,#7506,.F.);
#5059=EDGE_CURVE('',#6525,#6526,#7507,.T.);
#5060=EDGE_CURVE('',#6527,#6526,#7508,.T.);
#5061=EDGE_CURVE('',#6528,#6527,#7509,.F.);
#5062=EDGE_CURVE('',#6529,#6528,#7510,.F.);
#5063=EDGE_CURVE('',#6530,#6529,#7511,.T.);
#5064=EDGE_CURVE('',#6531,#6530,#7512,.F.);
#5065=EDGE_CURVE('',#6531,#6532,#7513,.T.);
#5066=EDGE_CURVE('',#6533,#6532,#7514,.T.);
#5067=EDGE_CURVE('',#6534,#6533,#7515,.F.);
#5068=EDGE_CURVE('',#6535,#6534,#7516,.F.);
#5069=EDGE_CURVE('',#6536,#6535,#7517,.T.);
#5070=EDGE_CURVE('',#6537,#6536,#7518,.F.);
#5071=EDGE_CURVE('',#6537,#6538,#7519,.T.);
#5072=EDGE_CURVE('',#6539,#6538,#7520,.T.);
#5073=EDGE_CURVE('',#6540,#6539,#7521,.F.);
#5074=EDGE_CURVE('',#6541,#6540,#7522,.F.);
#5075=EDGE_CURVE('',#6542,#6541,#7523,.T.);
#5076=EDGE_CURVE('',#6543,#6542,#7524,.F.);
#5077=EDGE_CURVE('',#6543,#6544,#7525,.T.);
#5078=EDGE_CURVE('',#6545,#6544,#7526,.T.);
#5079=EDGE_CURVE('',#6546,#6545,#7527,.F.);
#5080=EDGE_CURVE('',#6547,#6546,#7528,.F.);
#5081=EDGE_CURVE('',#6548,#6547,#7529,.T.);
#5082=EDGE_CURVE('',#6549,#6548,#7530,.F.);
#5083=EDGE_CURVE('',#6549,#6550,#7531,.T.);
#5084=EDGE_CURVE('',#6551,#6550,#7532,.T.);
#5085=EDGE_CURVE('',#6552,#6551,#7533,.F.);
#5086=EDGE_CURVE('',#6553,#6552,#7534,.F.);
#5087=EDGE_CURVE('',#6554,#6553,#7535,.T.);
#5088=EDGE_CURVE('',#6555,#6554,#7536,.F.);
#5089=EDGE_CURVE('',#6555,#6556,#7537,.T.);
#5090=EDGE_CURVE('',#6557,#6556,#7538,.T.);
#5091=EDGE_CURVE('',#6558,#6557,#7539,.F.);
#5092=EDGE_CURVE('',#6559,#6558,#7540,.F.);
#5093=EDGE_CURVE('',#6560,#6559,#7541,.T.);
#5094=EDGE_CURVE('',#6561,#6560,#7542,.F.);
#5095=EDGE_CURVE('',#6561,#6562,#7543,.T.);
#5096=EDGE_CURVE('',#6563,#6562,#7544,.T.);
#5097=EDGE_CURVE('',#6564,#6563,#7545,.F.);
#5098=EDGE_CURVE('',#6565,#6564,#7546,.F.);
#5099=EDGE_CURVE('',#6566,#6565,#7547,.T.);
#5100=EDGE_CURVE('',#6567,#6566,#7548,.F.);
#5101=EDGE_CURVE('',#6567,#6568,#7549,.T.);
#5102=EDGE_CURVE('',#6569,#6568,#7550,.T.);
#5103=EDGE_CURVE('',#6570,#6569,#7551,.F.);
#5104=EDGE_CURVE('',#6571,#6570,#7552,.F.);
#5105=EDGE_CURVE('',#6572,#6571,#7553,.T.);
#5106=EDGE_CURVE('',#6573,#6572,#7554,.F.);
#5107=EDGE_CURVE('',#6573,#6574,#7555,.T.);
#5108=EDGE_CURVE('',#6575,#6574,#7556,.T.);
#5109=EDGE_CURVE('',#6576,#6575,#7557,.F.);
#5110=EDGE_CURVE('',#6577,#6576,#7558,.F.);
#5111=EDGE_CURVE('',#6578,#6577,#7559,.T.);
#5112=EDGE_CURVE('',#6579,#6578,#7560,.F.);
#5113=EDGE_CURVE('',#6579,#6580,#7561,.T.);
#5114=EDGE_CURVE('',#6581,#6580,#7562,.T.);
#5115=EDGE_CURVE('',#6582,#6581,#7563,.F.);
#5116=EDGE_CURVE('',#6583,#6582,#7564,.F.);
#5117=EDGE_CURVE('',#6584,#6583,#7565,.T.);
#5118=EDGE_CURVE('',#6585,#6584,#7566,.F.);
#5119=EDGE_CURVE('',#6585,#6586,#7567,.T.);
#5120=EDGE_CURVE('',#6587,#6586,#7568,.T.);
#5121=EDGE_CURVE('',#6588,#6587,#7569,.F.);
#5122=EDGE_CURVE('',#6589,#6588,#7570,.F.);
#5123=EDGE_CURVE('',#6590,#6589,#7571,.T.);
#5124=EDGE_CURVE('',#6591,#6590,#7572,.F.);
#5125=EDGE_CURVE('',#6591,#6592,#7573,.T.);
#5126=EDGE_CURVE('',#6593,#6592,#7574,.T.);
#5127=EDGE_CURVE('',#6594,#6593,#7575,.F.);
#5128=EDGE_CURVE('',#6595,#6594,#7576,.F.);
#5129=EDGE_CURVE('',#6596,#6595,#7577,.T.);
#5130=EDGE_CURVE('',#6597,#6596,#7578,.F.);
#5131=EDGE_CURVE('',#6597,#6598,#7579,.T.);
#5132=EDGE_CURVE('',#6599,#6598,#7580,.T.);
#5133=EDGE_CURVE('',#6600,#6599,#7581,.F.);
#5134=EDGE_CURVE('',#6601,#6600,#7582,.F.);
#5135=EDGE_CURVE('',#6602,#6601,#7583,.T.);
#5136=EDGE_CURVE('',#6603,#6602,#7584,.F.);
#5137=EDGE_CURVE('',#6603,#6604,#7585,.T.);
#5138=EDGE_CURVE('',#6605,#6604,#7586,.T.);
#5139=EDGE_CURVE('',#6606,#6605,#7587,.F.);
#5140=EDGE_CURVE('',#6607,#6606,#7588,.F.);
#5141=EDGE_CURVE('',#6608,#6607,#7589,.T.);
#5142=EDGE_CURVE('',#6609,#6608,#7590,.F.);
#5143=EDGE_CURVE('',#6609,#6610,#7591,.T.);
#5144=EDGE_CURVE('',#6611,#6610,#7592,.T.);
#5145=EDGE_CURVE('',#6612,#6611,#7593,.F.);
#5146=EDGE_CURVE('',#6613,#6612,#7594,.F.);
#5147=EDGE_CURVE('',#6614,#6613,#7595,.T.);
#5148=EDGE_CURVE('',#6615,#6614,#7596,.F.);
#5149=EDGE_CURVE('',#6615,#6250,#7597,.T.);
#5150=EDGE_CURVE('',#6616,#6251,#612,.F.);
#5151=EDGE_CURVE('',#6616,#6617,#7598,.T.);
#5152=EDGE_CURVE('',#6617,#6252,#613,.T.);
#5153=EDGE_CURVE('',#6618,#6618,#7599,.T.);
#5154=EDGE_CURVE('',#6619,#6619,#7600,.T.);
#5155=EDGE_CURVE('',#6620,#6620,#7601,.T.);
#5156=EDGE_CURVE('',#6621,#6621,#7602,.T.);
#5157=EDGE_CURVE('',#6622,#6616,#7603,.T.);
#5158=EDGE_CURVE('',#6623,#6622,#7604,.T.);
#5159=EDGE_CURVE('',#6623,#6624,#7605,.F.);
#5160=EDGE_CURVE('',#6624,#6625,#7606,.F.);
#5161=EDGE_CURVE('',#6625,#6626,#7607,.T.);
#5162=EDGE_CURVE('',#6626,#6627,#7608,.F.);
#5163=EDGE_CURVE('',#6627,#6617,#7609,.F.);
#5164=EDGE_CURVE('',#6628,#6629,#7610,.T.);
#5165=EDGE_CURVE('',#6629,#6630,#614,.F.);
#5166=EDGE_CURVE('',#6631,#6630,#7611,.T.);
#5167=EDGE_CURVE('',#6631,#6628,#615,.T.);
#5168=EDGE_CURVE('',#6629,#6632,#7612,.T.);
#5169=EDGE_CURVE('',#6628,#6633,#7613,.F.);
#5170=EDGE_CURVE('',#6634,#6633,#7614,.F.);
#5171=EDGE_CURVE('',#6635,#6634,#616,.T.);
#5172=EDGE_CURVE('',#6636,#6635,#7615,.T.);
#5173=EDGE_CURVE('',#6636,#6632,#7616,.F.);
#5174=EDGE_CURVE('',#6637,#6638,#7617,.T.);
#5175=EDGE_CURVE('',#6638,#6639,#7618,.T.);
#5176=EDGE_CURVE('',#6640,#6639,#7619,.F.);
#5177=EDGE_CURVE('',#6641,#6640,#7620,.F.);
#5178=EDGE_CURVE('',#6642,#6641,#617,.T.);
#5179=EDGE_CURVE('',#6643,#6642,#7621,.T.);
#5180=EDGE_CURVE('',#6643,#6637,#7622,.T.);
#5181=EDGE_CURVE('',#6255,#6245,#618,.F.);
#5182=EDGE_CURVE('',#6244,#6256,#619,.T.);
#5183=EDGE_CURVE('',#5974,#6526,#620,.T.);
#5184=EDGE_CURVE('',#5973,#6527,#621,.T.);
#5185=EDGE_CURVE('',#5979,#6521,#622,.T.);
#5186=EDGE_CURVE('',#5980,#6520,#623,.T.);
#5187=EDGE_CURVE('',#5985,#6515,#624,.T.);
#5188=EDGE_CURVE('',#5986,#6514,#625,.T.);
#5189=EDGE_CURVE('',#5991,#6509,#626,.T.);
#5190=EDGE_CURVE('',#5992,#6508,#627,.T.);
#5191=EDGE_CURVE('',#5997,#6503,#628,.T.);
#5192=EDGE_CURVE('',#5998,#6502,#629,.T.);
#5193=EDGE_CURVE('',#6003,#6497,#630,.T.);
#5194=EDGE_CURVE('',#6004,#6496,#631,.T.);
#5195=EDGE_CURVE('',#6009,#6491,#632,.T.);
#5196=EDGE_CURVE('',#6010,#6490,#633,.T.);
#5197=EDGE_CURVE('',#6015,#6485,#634,.T.);
#5198=EDGE_CURVE('',#6016,#6484,#635,.T.);
#5199=EDGE_CURVE('',#6021,#6479,#636,.T.);
#5200=EDGE_CURVE('',#6022,#6478,#637,.T.);
#5201=EDGE_CURVE('',#6027,#6473,#638,.T.);
#5202=EDGE_CURVE('',#6028,#6472,#639,.T.);
#5203=EDGE_CURVE('',#6033,#6467,#640,.T.);
#5204=EDGE_CURVE('',#6034,#6466,#641,.T.);
#5205=EDGE_CURVE('',#6039,#6461,#642,.T.);
#5206=EDGE_CURVE('',#6040,#6460,#643,.T.);
#5207=EDGE_CURVE('',#6045,#6455,#644,.T.);
#5208=EDGE_CURVE('',#6046,#6454,#645,.T.);
#5209=EDGE_CURVE('',#6051,#6449,#646,.T.);
#5210=EDGE_CURVE('',#6052,#6448,#647,.T.);
#5211=EDGE_CURVE('',#6057,#6443,#648,.T.);
#5212=EDGE_CURVE('',#6058,#6442,#649,.T.);
#5213=EDGE_CURVE('',#6063,#6437,#650,.T.);
#5214=EDGE_CURVE('',#6064,#6436,#651,.T.);
#5215=EDGE_CURVE('',#6069,#6431,#652,.T.);
#5216=EDGE_CURVE('',#6070,#6430,#653,.T.);
#5217=EDGE_CURVE('',#6075,#6425,#654,.T.);
#5218=EDGE_CURVE('',#6076,#6424,#655,.T.);
#5219=EDGE_CURVE('',#6081,#6419,#656,.T.);
#5220=EDGE_CURVE('',#6082,#6418,#657,.T.);
#5221=EDGE_CURVE('',#6087,#6413,#658,.T.);
#5222=EDGE_CURVE('',#6088,#6412,#659,.T.);
#5223=EDGE_CURVE('',#6093,#6407,#660,.T.);
#5224=EDGE_CURVE('',#6094,#6406,#661,.T.);
#5225=EDGE_CURVE('',#6099,#6401,#662,.T.);
#5226=EDGE_CURVE('',#6100,#6400,#663,.T.);
#5227=EDGE_CURVE('',#6105,#6395,#664,.T.);
#5228=EDGE_CURVE('',#6106,#6394,#665,.T.);
#5229=EDGE_CURVE('',#6111,#6389,#666,.T.);
#5230=EDGE_CURVE('',#6112,#6388,#667,.T.);
#5231=EDGE_CURVE('',#6117,#6383,#668,.T.);
#5232=EDGE_CURVE('',#6118,#6382,#669,.T.);
#5233=EDGE_CURVE('',#6123,#6377,#670,.T.);
#5234=EDGE_CURVE('',#6124,#6376,#671,.T.);
#5235=EDGE_CURVE('',#6129,#6371,#672,.T.);
#5236=EDGE_CURVE('',#6130,#6370,#673,.T.);
#5237=EDGE_CURVE('',#6135,#6365,#674,.T.);
#5238=EDGE_CURVE('',#6136,#6364,#675,.T.);
#5239=EDGE_CURVE('',#6141,#6359,#676,.T.);
#5240=EDGE_CURVE('',#6142,#6358,#677,.T.);
#5241=EDGE_CURVE('',#6147,#6353,#678,.T.);
#5242=EDGE_CURVE('',#6148,#6352,#679,.T.);
#5243=EDGE_CURVE('',#6153,#6347,#680,.T.);
#5244=EDGE_CURVE('',#6154,#6346,#681,.T.);
#5245=EDGE_CURVE('',#6159,#6341,#682,.T.);
#5246=EDGE_CURVE('',#6160,#6340,#683,.T.);
#5247=EDGE_CURVE('',#6196,#6304,#684,.T.);
#5248=EDGE_CURVE('',#6195,#6305,#685,.T.);
#5249=EDGE_CURVE('',#6190,#6310,#686,.T.);
#5250=EDGE_CURVE('',#6189,#6311,#687,.T.);
#5251=EDGE_CURVE('',#6208,#6292,#688,.T.);
#5252=EDGE_CURVE('',#6207,#6293,#689,.T.);
#5253=EDGE_CURVE('',#6201,#6299,#690,.T.);
#5254=EDGE_CURVE('',#6202,#6298,#691,.T.);
#5255=EDGE_CURVE('',#6172,#6328,#692,.T.);
#5256=EDGE_CURVE('',#6171,#6329,#693,.T.);
#5257=EDGE_CURVE('',#6165,#6335,#694,.T.);
#5258=EDGE_CURVE('',#6166,#6334,#695,.T.);
#5259=EDGE_CURVE('',#6184,#6316,#696,.T.);
#5260=EDGE_CURVE('',#6183,#6317,#697,.T.);
#5261=EDGE_CURVE('',#6177,#6323,#698,.T.);
#5262=EDGE_CURVE('',#6178,#6322,#699,.T.);
#5263=EDGE_CURVE('',#6243,#6257,#700,.T.);
#5264=EDGE_CURVE('',#6238,#6262,#701,.T.);
#5265=EDGE_CURVE('',#6237,#6263,#702,.T.);
#5266=EDGE_CURVE('',#6220,#6280,#703,.T.);
#5267=EDGE_CURVE('',#6219,#6281,#704,.T.);
#5268=EDGE_CURVE('',#6213,#6287,#705,.T.);
#5269=EDGE_CURVE('',#6214,#6286,#706,.T.);
#5270=EDGE_CURVE('',#6232,#6268,#707,.T.);
#5271=EDGE_CURVE('',#6231,#6269,#708,.T.);
#5272=EDGE_CURVE('',#6225,#6275,#709,.T.);
#5273=EDGE_CURVE('',#6226,#6274,#710,.T.);
#5274=EDGE_CURVE('',#5968,#6532,#711,.T.);
#5275=EDGE_CURVE('',#5967,#6533,#712,.T.);
#5276=EDGE_CURVE('',#5962,#6538,#713,.T.);
#5277=EDGE_CURVE('',#5961,#6539,#714,.T.);
#5278=EDGE_CURVE('',#5956,#6544,#715,.T.);
#5279=EDGE_CURVE('',#5955,#6545,#716,.T.);
#5280=EDGE_CURVE('',#5950,#6550,#717,.T.);
#5281=EDGE_CURVE('',#5949,#6551,#718,.T.);
#5282=EDGE_CURVE('',#5944,#6556,#719,.T.);
#5283=EDGE_CURVE('',#5943,#6557,#720,.T.);
#5284=EDGE_CURVE('',#5938,#6562,#721,.T.);
#5285=EDGE_CURVE('',#5937,#6563,#722,.T.);
#5286=EDGE_CURVE('',#5932,#6568,#723,.T.);
#5287=EDGE_CURVE('',#5931,#6569,#724,.T.);
#5288=EDGE_CURVE('',#5926,#6574,#725,.T.);
#5289=EDGE_CURVE('',#5925,#6575,#726,.T.);
#5290=EDGE_CURVE('',#5920,#6580,#727,.T.);
#5291=EDGE_CURVE('',#5919,#6581,#728,.T.);
#5292=EDGE_CURVE('',#5914,#6586,#729,.T.);
#5293=EDGE_CURVE('',#5913,#6587,#730,.T.);
#5294=EDGE_CURVE('',#5908,#6592,#731,.T.);
#5295=EDGE_CURVE('',#5907,#6593,#732,.T.);
#5296=EDGE_CURVE('',#5902,#6598,#733,.T.);
#5297=EDGE_CURVE('',#5901,#6599,#734,.T.);
#5298=EDGE_CURVE('',#5896,#6604,#735,.T.);
#5299=EDGE_CURVE('',#5895,#6605,#736,.T.);
#5300=EDGE_CURVE('',#5890,#6610,#737,.T.);
#5301=EDGE_CURVE('',#5889,#6611,#738,.T.);
#5302=EDGE_CURVE('',#5882,#6249,#739,.T.);
#5303=EDGE_CURVE('',#5884,#6250,#740,.T.);
#5304=EDGE_CURVE('',#6639,#6632,#741,.F.);
#5305=EDGE_CURVE('',#6640,#6636,#39,.F.);
#5306=EDGE_CURVE('',#6635,#6641,#742,.T.);
#5307=EDGE_CURVE('',#6612,#5888,#40,.F.);
#5308=EDGE_CURVE('',#5887,#6613,#743,.T.);
#5309=EDGE_CURVE('',#6614,#5886,#744,.F.);
#5310=EDGE_CURVE('',#5885,#6615,#41,.F.);
#5311=EDGE_CURVE('',#6606,#5894,#42,.F.);
#5312=EDGE_CURVE('',#5893,#6607,#745,.T.);
#5313=EDGE_CURVE('',#6608,#5892,#746,.F.);
#5314=EDGE_CURVE('',#5891,#6609,#43,.F.);
#5315=EDGE_CURVE('',#6600,#5900,#44,.F.);
#5316=EDGE_CURVE('',#5899,#6601,#747,.T.);
#5317=EDGE_CURVE('',#6602,#5898,#748,.F.);
#5318=EDGE_CURVE('',#5897,#6603,#45,.F.);
#5319=EDGE_CURVE('',#6594,#5906,#46,.F.);
#5320=EDGE_CURVE('',#5905,#6595,#749,.T.);
#5321=EDGE_CURVE('',#6596,#5904,#750,.F.);
#5322=EDGE_CURVE('',#5903,#6597,#47,.F.);
#5323=EDGE_CURVE('',#6588,#5912,#48,.F.);
#5324=EDGE_CURVE('',#5911,#6589,#751,.T.);
#5325=EDGE_CURVE('',#6590,#5910,#752,.F.);
#5326=EDGE_CURVE('',#5909,#6591,#49,.F.);
#5327=EDGE_CURVE('',#6582,#5918,#50,.F.);
#5328=EDGE_CURVE('',#5917,#6583,#753,.T.);
#5329=EDGE_CURVE('',#6584,#5916,#754,.F.);
#5330=EDGE_CURVE('',#5915,#6585,#51,.F.);
#5331=EDGE_CURVE('',#6576,#5924,#52,.F.);
#5332=EDGE_CURVE('',#5923,#6577,#755,.T.);
#5333=EDGE_CURVE('',#6578,#5922,#756,.F.);
#5334=EDGE_CURVE('',#5921,#6579,#53,.F.);
#5335=EDGE_CURVE('',#6570,#5930,#54,.F.);
#5336=EDGE_CURVE('',#5929,#6571,#757,.T.);
#5337=EDGE_CURVE('',#6572,#5928,#758,.F.);
#5338=EDGE_CURVE('',#5927,#6573,#55,.F.);
#5339=EDGE_CURVE('',#6564,#5936,#56,.F.);
#5340=EDGE_CURVE('',#5935,#6565,#759,.T.);
#5341=EDGE_CURVE('',#6566,#5934,#760,.F.);
#5342=EDGE_CURVE('',#5933,#6567,#57,.F.);
#5343=EDGE_CURVE('',#6558,#5942,#58,.F.);
#5344=EDGE_CURVE('',#5941,#6559,#761,.T.);
#5345=EDGE_CURVE('',#6560,#5940,#762,.F.);
#5346=EDGE_CURVE('',#5939,#6561,#59,.F.);
#5347=EDGE_CURVE('',#6552,#5948,#60,.F.);
#5348=EDGE_CURVE('',#5947,#6553,#763,.T.);
#5349=EDGE_CURVE('',#6554,#5946,#764,.F.);
#5350=EDGE_CURVE('',#5945,#6555,#61,.F.);
#5351=EDGE_CURVE('',#6546,#5954,#62,.F.);
#5352=EDGE_CURVE('',#5953,#6547,#765,.T.);
#5353=EDGE_CURVE('',#6548,#5952,#766,.F.);
#5354=EDGE_CURVE('',#5951,#6549,#63,.F.);
#5355=EDGE_CURVE('',#6540,#5960,#64,.F.);
#5356=EDGE_CURVE('',#5959,#6541,#767,.T.);
#5357=EDGE_CURVE('',#6542,#5958,#768,.F.);
#5358=EDGE_CURVE('',#5957,#6543,#65,.F.);
#5359=EDGE_CURVE('',#6534,#5966,#66,.F.);
#5360=EDGE_CURVE('',#5965,#6535,#769,.T.);
#5361=EDGE_CURVE('',#6536,#5964,#770,.F.);
#5362=EDGE_CURVE('',#5963,#6537,#67,.F.);
#5363=EDGE_CURVE('',#6528,#5972,#68,.F.);
#5364=EDGE_CURVE('',#5971,#6529,#771,.T.);
#5365=EDGE_CURVE('',#6530,#5970,#772,.F.);
#5366=EDGE_CURVE('',#5969,#6531,#69,.F.);
#5367=EDGE_CURVE('',#6270,#6230,#70,.F.);
#5368=EDGE_CURVE('',#6229,#6271,#773,.T.);
#5369=EDGE_CURVE('',#6272,#6228,#774,.F.);
#5370=EDGE_CURVE('',#6227,#6273,#71,.F.);
#5371=EDGE_CURVE('',#6264,#6236,#72,.F.);
#5372=EDGE_CURVE('',#6235,#6265,#775,.T.);
#5373=EDGE_CURVE('',#6266,#6234,#776,.F.);
#5374=EDGE_CURVE('',#6233,#6267,#73,.F.);
#5375=EDGE_CURVE('',#6282,#6218,#74,.F.);
#5376=EDGE_CURVE('',#6217,#6283,#777,.T.);
#5377=EDGE_CURVE('',#6284,#6216,#778,.F.);
#5378=EDGE_CURVE('',#6215,#6285,#75,.F.);
#5379=EDGE_CURVE('',#6276,#6224,#76,.F.);
#5380=EDGE_CURVE('',#6223,#6277,#779,.T.);
#5381=EDGE_CURVE('',#6278,#6222,#780,.F.);
#5382=EDGE_CURVE('',#6221,#6279,#77,.F.);
#5383=EDGE_CURVE('',#6258,#6242,#78,.F.);
#5384=EDGE_CURVE('',#6241,#6259,#781,.T.);
#5385=EDGE_CURVE('',#6260,#6240,#782,.F.);
#5386=EDGE_CURVE('',#6239,#6261,#79,.F.);
#5387=EDGE_CURVE('',#6318,#6182,#80,.F.);
#5388=EDGE_CURVE('',#6181,#6319,#783,.T.);
#5389=EDGE_CURVE('',#6320,#6180,#784,.F.);
#5390=EDGE_CURVE('',#6179,#6321,#81,.F.);
#5391=EDGE_CURVE('',#6312,#6188,#82,.F.);
#5392=EDGE_CURVE('',#6187,#6313,#785,.T.);
#5393=EDGE_CURVE('',#6314,#6186,#786,.F.);
#5394=EDGE_CURVE('',#6185,#6315,#83,.F.);
#5395=EDGE_CURVE('',#6330,#6170,#84,.F.);
#5396=EDGE_CURVE('',#6169,#6331,#787,.T.);
#5397=EDGE_CURVE('',#6332,#6168,#788,.F.);
#5398=EDGE_CURVE('',#6167,#6333,#85,.F.);
#5399=EDGE_CURVE('',#6324,#6176,#86,.F.);
#5400=EDGE_CURVE('',#6175,#6325,#789,.T.);
#5401=EDGE_CURVE('',#6326,#6174,#790,.F.);
#5402=EDGE_CURVE('',#6173,#6327,#87,.F.);
#5403=EDGE_CURVE('',#6294,#6206,#88,.F.);
#5404=EDGE_CURVE('',#6205,#6295,#791,.T.);
#5405=EDGE_CURVE('',#6296,#6204,#792,.F.);
#5406=EDGE_CURVE('',#6203,#6297,#89,.F.);
#5407=EDGE_CURVE('',#6288,#6212,#90,.F.);
#5408=EDGE_CURVE('',#6211,#6289,#793,.T.);
#5409=EDGE_CURVE('',#6290,#6210,#794,.F.);
#5410=EDGE_CURVE('',#6209,#6291,#91,.F.);
#5411=EDGE_CURVE('',#6306,#6194,#92,.F.);
#5412=EDGE_CURVE('',#6193,#6307,#795,.T.);
#5413=EDGE_CURVE('',#6308,#6192,#796,.F.);
#5414=EDGE_CURVE('',#6191,#6309,#93,.F.);
#5415=EDGE_CURVE('',#6300,#6200,#94,.F.);
#5416=EDGE_CURVE('',#6199,#6301,#797,.T.);
#5417=EDGE_CURVE('',#6302,#6198,#798,.F.);
#5418=EDGE_CURVE('',#6197,#6303,#95,.F.);
#5419=EDGE_CURVE('',#6336,#6164,#96,.F.);
#5420=EDGE_CURVE('',#6163,#6337,#799,.T.);
#5421=EDGE_CURVE('',#6338,#6162,#800,.F.);
#5422=EDGE_CURVE('',#6161,#6339,#97,.F.);
#5423=EDGE_CURVE('',#6342,#6158,#98,.F.);
#5424=EDGE_CURVE('',#6157,#6343,#801,.T.);
#5425=EDGE_CURVE('',#6344,#6156,#802,.F.);
#5426=EDGE_CURVE('',#6155,#6345,#99,.F.);
#5427=EDGE_CURVE('',#6348,#6152,#100,.F.);
#5428=EDGE_CURVE('',#6151,#6349,#803,.T.);
#5429=EDGE_CURVE('',#6350,#6150,#804,.F.);
#5430=EDGE_CURVE('',#6149,#6351,#101,.F.);
#5431=EDGE_CURVE('',#6354,#6146,#102,.F.);
#5432=EDGE_CURVE('',#6145,#6355,#805,.T.);
#5433=EDGE_CURVE('',#6356,#6144,#806,.F.);
#5434=EDGE_CURVE('',#6143,#6357,#103,.F.);
#5435=EDGE_CURVE('',#6360,#6140,#104,.F.);
#5436=EDGE_CURVE('',#6139,#6361,#807,.T.);
#5437=EDGE_CURVE('',#6362,#6138,#808,.F.);
#5438=EDGE_CURVE('',#6137,#6363,#105,.F.);
#5439=EDGE_CURVE('',#6366,#6134,#106,.F.);
#5440=EDGE_CURVE('',#6133,#6367,#809,.T.);
#5441=EDGE_CURVE('',#6368,#6132,#810,.F.);
#5442=EDGE_CURVE('',#6131,#6369,#107,.F.);
#5443=EDGE_CURVE('',#6372,#6128,#108,.F.);
#5444=EDGE_CURVE('',#6127,#6373,#811,.T.);
#5445=EDGE_CURVE('',#6374,#6126,#812,.F.);
#5446=EDGE_CURVE('',#6125,#6375,#109,.F.);
#5447=EDGE_CURVE('',#6378,#6122,#110,.F.);
#5448=EDGE_CURVE('',#6121,#6379,#813,.T.);
#5449=EDGE_CURVE('',#6380,#6120,#814,.F.);
#5450=EDGE_CURVE('',#6119,#6381,#111,.F.);
#5451=EDGE_CURVE('',#6384,#6116,#112,.F.);
#5452=EDGE_CURVE('',#6115,#6385,#815,.T.);
#5453=EDGE_CURVE('',#6386,#6114,#816,.F.);
#5454=EDGE_CURVE('',#6113,#6387,#113,.F.);
#5455=EDGE_CURVE('',#6390,#6110,#114,.F.);
#5456=EDGE_CURVE('',#6109,#6391,#817,.T.);
#5457=EDGE_CURVE('',#6392,#6108,#818,.F.);
#5458=EDGE_CURVE('',#6107,#6393,#115,.F.);
#5459=EDGE_CURVE('',#6396,#6104,#116,.F.);
#5460=EDGE_CURVE('',#6103,#6397,#819,.T.);
#5461=EDGE_CURVE('',#6398,#6102,#820,.F.);
#5462=EDGE_CURVE('',#6101,#6399,#117,.F.);
#5463=EDGE_CURVE('',#6402,#6098,#118,.F.);
#5464=EDGE_CURVE('',#6097,#6403,#821,.T.);
#5465=EDGE_CURVE('',#6404,#6096,#822,.F.);
#5466=EDGE_CURVE('',#6095,#6405,#119,.F.);
#5467=EDGE_CURVE('',#6408,#6092,#120,.F.);
#5468=EDGE_CURVE('',#6091,#6409,#823,.T.);
#5469=EDGE_CURVE('',#6410,#6090,#824,.F.);
#5470=EDGE_CURVE('',#6089,#6411,#121,.F.);
#5471=EDGE_CURVE('',#6414,#6086,#122,.F.);
#5472=EDGE_CURVE('',#6085,#6415,#825,.T.);
#5473=EDGE_CURVE('',#6416,#6084,#826,.F.);
#5474=EDGE_CURVE('',#6083,#6417,#123,.F.);
#5475=EDGE_CURVE('',#6420,#6080,#124,.F.);
#5476=EDGE_CURVE('',#6079,#6421,#827,.T.);
#5477=EDGE_CURVE('',#6422,#6078,#828,.F.);
#5478=EDGE_CURVE('',#6077,#6423,#125,.F.);
#5479=EDGE_CURVE('',#6426,#6074,#126,.F.);
#5480=EDGE_CURVE('',#6073,#6427,#829,.T.);
#5481=EDGE_CURVE('',#6428,#6072,#830,.F.);
#5482=EDGE_CURVE('',#6071,#6429,#127,.F.);
#5483=EDGE_CURVE('',#6432,#6068,#128,.F.);
#5484=EDGE_CURVE('',#6067,#6433,#831,.T.);
#5485=EDGE_CURVE('',#6434,#6066,#832,.F.);
#5486=EDGE_CURVE('',#6065,#6435,#129,.F.);
#5487=EDGE_CURVE('',#6438,#6062,#130,.F.);
#5488=EDGE_CURVE('',#6061,#6439,#833,.T.);
#5489=EDGE_CURVE('',#6440,#6060,#834,.F.);
#5490=EDGE_CURVE('',#6059,#6441,#131,.F.);
#5491=EDGE_CURVE('',#6444,#6056,#132,.F.);
#5492=EDGE_CURVE('',#6055,#6445,#835,.T.);
#5493=EDGE_CURVE('',#6446,#6054,#836,.F.);
#5494=EDGE_CURVE('',#6053,#6447,#133,.F.);
#5495=EDGE_CURVE('',#6450,#6050,#134,.F.);
#5496=EDGE_CURVE('',#6049,#6451,#837,.T.);
#5497=EDGE_CURVE('',#6452,#6048,#838,.F.);
#5498=EDGE_CURVE('',#6047,#6453,#135,.F.);
#5499=EDGE_CURVE('',#6456,#6044,#136,.F.);
#5500=EDGE_CURVE('',#6043,#6457,#839,.T.);
#5501=EDGE_CURVE('',#6458,#6042,#840,.F.);
#5502=EDGE_CURVE('',#6041,#6459,#137,.F.);
#5503=EDGE_CURVE('',#6462,#6038,#138,.F.);
#5504=EDGE_CURVE('',#6037,#6463,#841,.T.);
#5505=EDGE_CURVE('',#6464,#6036,#842,.F.);
#5506=EDGE_CURVE('',#6035,#6465,#139,.F.);
#5507=EDGE_CURVE('',#6468,#6032,#140,.F.);
#5508=EDGE_CURVE('',#6031,#6469,#843,.T.);
#5509=EDGE_CURVE('',#6470,#6030,#844,.F.);
#5510=EDGE_CURVE('',#6029,#6471,#141,.F.);
#5511=EDGE_CURVE('',#6474,#6026,#142,.F.);
#5512=EDGE_CURVE('',#6025,#6475,#845,.T.);
#5513=EDGE_CURVE('',#6476,#6024,#846,.F.);
#5514=EDGE_CURVE('',#6023,#6477,#143,.F.);
#5515=EDGE_CURVE('',#6480,#6020,#144,.F.);
#5516=EDGE_CURVE('',#6019,#6481,#847,.T.);
#5517=EDGE_CURVE('',#6482,#6018,#848,.F.);
#5518=EDGE_CURVE('',#6017,#6483,#145,.F.);
#5519=EDGE_CURVE('',#6486,#6014,#146,.F.);
#5520=EDGE_CURVE('',#6013,#6487,#849,.T.);
#5521=EDGE_CURVE('',#6488,#6012,#850,.F.);
#5522=EDGE_CURVE('',#6011,#6489,#147,.F.);
#5523=EDGE_CURVE('',#6492,#6008,#148,.F.);
#5524=EDGE_CURVE('',#6007,#6493,#851,.T.);
#5525=EDGE_CURVE('',#6494,#6006,#852,.F.);
#5526=EDGE_CURVE('',#6005,#6495,#149,.F.);
#5527=EDGE_CURVE('',#6498,#6002,#150,.F.);
#5528=EDGE_CURVE('',#6001,#6499,#853,.T.);
#5529=EDGE_CURVE('',#6500,#6000,#854,.F.);
#5530=EDGE_CURVE('',#5999,#6501,#151,.F.);
#5531=EDGE_CURVE('',#6504,#5996,#152,.F.);
#5532=EDGE_CURVE('',#5995,#6505,#855,.T.);
#5533=EDGE_CURVE('',#6506,#5994,#856,.F.);
#5534=EDGE_CURVE('',#5993,#6507,#153,.F.);
#5535=EDGE_CURVE('',#6510,#5990,#154,.F.);
#5536=EDGE_CURVE('',#5989,#6511,#857,.T.);
#5537=EDGE_CURVE('',#6512,#5988,#858,.F.);
#5538=EDGE_CURVE('',#5987,#6513,#155,.F.);
#5539=EDGE_CURVE('',#6516,#5984,#156,.F.);
#5540=EDGE_CURVE('',#5983,#6517,#859,.T.);
#5541=EDGE_CURVE('',#6518,#5982,#860,.F.);
#5542=EDGE_CURVE('',#5981,#6519,#157,.F.);
#5543=EDGE_CURVE('',#6522,#5978,#158,.F.);
#5544=EDGE_CURVE('',#5977,#6523,#861,.T.);
#5545=EDGE_CURVE('',#6524,#5976,#862,.F.);
#5546=EDGE_CURVE('',#5975,#6525,#159,.F.);
#5547=EDGE_CURVE('',#6625,#6644,#863,.F.);
#5548=EDGE_CURVE('',#6645,#6644,#7623,.F.);
#5549=EDGE_CURVE('',#6645,#6626,#864,.T.);
#5550=EDGE_CURVE('',#6254,#6246,#865,.F.);
#5551=EDGE_CURVE('',#6634,#6642,#866,.F.);
#5552=EDGE_CURVE('',#6646,#6646,#7624,.F.);
#5553=EDGE_CURVE('',#6647,#6647,#7625,.F.);
#5554=EDGE_CURVE('',#6648,#6648,#7626,.F.);
#5555=EDGE_CURVE('',#6649,#6649,#7627,.F.);
#5556=EDGE_CURVE('',#6638,#6622,#867,.T.);
#5557=EDGE_CURVE('',#6637,#6623,#868,.F.);
#5558=EDGE_CURVE('',#6650,#6651,#7628,.T.);
#5559=EDGE_CURVE('',#6650,#5883,#869,.T.);
#5560=EDGE_CURVE('',#6248,#6651,#870,.F.);
#5561=EDGE_CURVE('',#6650,#6630,#7629,.T.);
#5562=EDGE_CURVE('',#6651,#6652,#7630,.T.);
#5563=EDGE_CURVE('',#6652,#6645,#7631,.T.);
#5564=EDGE_CURVE('',#6644,#6653,#7632,.T.);
#5565=EDGE_CURVE('',#6653,#6631,#7633,.T.);
#5566=EDGE_CURVE('',#6652,#6247,#871,.T.);
#5567=EDGE_CURVE('',#6253,#6627,#872,.F.);
#5568=EDGE_CURVE('',#6633,#6653,#873,.F.);
#5569=EDGE_CURVE('',#6624,#6643,#874,.T.);
#5570=EDGE_CURVE('',#6654,#6655,#7634,.T.);
#5571=EDGE_CURVE('',#6654,#6656,#875,.T.);
#5572=EDGE_CURVE('',#6657,#6656,#7635,.T.);
#5573=EDGE_CURVE('',#6657,#6658,#876,.T.);
#5574=EDGE_CURVE('',#6659,#6658,#7636,.T.);
#5575=EDGE_CURVE('',#6659,#6655,#877,.T.);
#5576=EDGE_CURVE('',#6660,#6661,#7637,.T.);
#5577=EDGE_CURVE('',#6660,#6662,#878,.T.);
#5578=EDGE_CURVE('',#6663,#6662,#7638,.T.);
#5579=EDGE_CURVE('',#6663,#6664,#879,.T.);
#5580=EDGE_CURVE('',#6665,#6664,#7639,.T.);
#5581=EDGE_CURVE('',#6665,#6661,#880,.T.);
#5582=EDGE_CURVE('',#6666,#6667,#7640,.T.);
#5583=EDGE_CURVE('',#6666,#6668,#881,.T.);
#5584=EDGE_CURVE('',#6669,#6668,#7641,.T.);
#5585=EDGE_CURVE('',#6670,#6669,#882,.T.);
#5586=EDGE_CURVE('',#6671,#6670,#7642,.T.);
#5587=EDGE_CURVE('',#6672,#6671,#7643,.T.);
#5588=EDGE_CURVE('',#6672,#6667,#883,.T.);
#5589=EDGE_CURVE('',#6673,#6674,#7644,.T.);
#5590=EDGE_CURVE('',#6673,#6675,#884,.T.);
#5591=EDGE_CURVE('',#6676,#6675,#7645,.T.);
#5592=EDGE_CURVE('',#6676,#6677,#885,.T.);
#5593=EDGE_CURVE('',#6678,#6677,#7646,.T.);
#5594=EDGE_CURVE('',#6678,#6679,#886,.T.);
#5595=EDGE_CURVE('',#6680,#6679,#7647,.T.);
#5596=EDGE_CURVE('',#6674,#6680,#887,.T.);
#5597=EDGE_CURVE('',#6681,#6682,#7648,.T.);
#5598=EDGE_CURVE('',#6681,#6683,#888,.T.);
#5599=EDGE_CURVE('',#6684,#6683,#7649,.T.);
#5600=EDGE_CURVE('',#6684,#6685,#7650,.F.);
#5601=EDGE_CURVE('',#6686,#6685,#7651,.T.);
#5602=EDGE_CURVE('',#6686,#6687,#889,.T.);
#5603=EDGE_CURVE('',#6688,#6687,#7652,.T.);
#5604=EDGE_CURVE('',#6688,#6682,#7653,.T.);
#5605=EDGE_CURVE('',#6689,#6690,#890,.T.);
#5606=EDGE_CURVE('',#6690,#6691,#7654,.T.);
#5607=EDGE_CURVE('',#6692,#6691,#7655,.T.);
#5608=EDGE_CURVE('',#6692,#6693,#7656,.F.);
#5609=EDGE_CURVE('',#6693,#6694,#7657,.T.);
#5610=EDGE_CURVE('',#6694,#6695,#7658,.F.);
#5611=EDGE_CURVE('',#6696,#6695,#891,.T.);
#5612=EDGE_CURVE('',#6696,#6697,#7659,.F.);
#5613=EDGE_CURVE('',#6698,#6697,#892,.T.);
#5614=EDGE_CURVE('',#6698,#6699,#7660,.T.);
#5615=EDGE_CURVE('',#6700,#6699,#893,.T.);
#5616=EDGE_CURVE('',#6700,#6701,#7661,.T.);
#5617=EDGE_CURVE('',#6701,#6702,#894,.T.);
#5618=EDGE_CURVE('',#6702,#6703,#7662,.T.);
#5619=EDGE_CURVE('',#6704,#6703,#7663,.T.);
#5620=EDGE_CURVE('',#6705,#6704,#7664,.T.);
#5621=EDGE_CURVE('',#6705,#6706,#7665,.T.);
#5622=EDGE_CURVE('',#6706,#6689,#7666,.T.);
#5623=EDGE_CURVE('',#6707,#6707,#7667,.T.);
#5624=EDGE_CURVE('',#6708,#6708,#7668,.T.);
#5625=EDGE_CURVE('',#6709,#6709,#7669,.T.);
#5626=EDGE_CURVE('',#6710,#6710,#7670,.T.);
#5627=EDGE_CURVE('',#6711,#6711,#7671,.T.);
#5628=EDGE_CURVE('',#6712,#6712,#7672,.T.);
#5629=EDGE_CURVE('',#6713,#6714,#7673,.T.);
#5630=EDGE_CURVE('',#6713,#6715,#895,.T.);
#5631=EDGE_CURVE('',#6716,#6715,#7674,.T.);
#5632=EDGE_CURVE('',#6716,#6717,#896,.T.);
#5633=EDGE_CURVE('',#6718,#6717,#7675,.T.);
#5634=EDGE_CURVE('',#6718,#6714,#7676,.T.);
#5635=EDGE_CURVE('',#6719,#6720,#7677,.T.);
#5636=EDGE_CURVE('',#6719,#6721,#7678,.T.);
#5637=EDGE_CURVE('',#6722,#6721,#7679,.T.);
#5638=EDGE_CURVE('',#6722,#6723,#897,.T.);
#5639=EDGE_CURVE('',#6724,#6723,#7680,.T.);
#5640=EDGE_CURVE('',#6724,#6725,#898,.T.);
#5641=EDGE_CURVE('',#6726,#6725,#7681,.T.);
#5642=EDGE_CURVE('',#6726,#6727,#7682,.T.);
#5643=EDGE_CURVE('',#6728,#6727,#7683,.T.);
#5644=EDGE_CURVE('',#6728,#6720,#7684,.T.);
#5645=EDGE_CURVE('',#6729,#6730,#7685,.T.);
#5646=EDGE_CURVE('',#6729,#6731,#899,.T.);
#5647=EDGE_CURVE('',#6732,#6731,#7686,.T.);
#5648=EDGE_CURVE('',#6732,#6733,#7687,.T.);
#5649=EDGE_CURVE('',#6734,#6733,#7688,.T.);
#5650=EDGE_CURVE('',#6734,#6735,#900,.T.);
#5651=EDGE_CURVE('',#6736,#6735,#7689,.T.);
#5652=EDGE_CURVE('',#6736,#6737,#901,.T.);
#5653=EDGE_CURVE('',#6738,#6737,#7690,.T.);
#5654=EDGE_CURVE('',#6738,#6730,#902,.T.);
#5655=EDGE_CURVE('',#6739,#6740,#7691,.T.);
#5656=EDGE_CURVE('',#6739,#6741,#903,.T.);
#5657=EDGE_CURVE('',#6742,#6741,#7692,.T.);
#5658=EDGE_CURVE('',#6742,#6743,#904,.T.);
#5659=EDGE_CURVE('',#6744,#6743,#7693,.T.);
#5660=EDGE_CURVE('',#6745,#6744,#7694,.F.);
#5661=EDGE_CURVE('',#6745,#6746,#905,.T.);
#5662=EDGE_CURVE('',#6747,#6746,#7695,.T.);
#5663=EDGE_CURVE('',#6747,#6740,#906,.T.);
#5664=EDGE_CURVE('',#6748,#6749,#7696,.T.);
#5665=EDGE_CURVE('',#6748,#6750,#907,.T.);
#5666=EDGE_CURVE('',#6751,#6750,#7697,.T.);
#5667=EDGE_CURVE('',#6751,#6752,#908,.T.);
#5668=EDGE_CURVE('',#6753,#6752,#7698,.T.);
#5669=EDGE_CURVE('',#6753,#6754,#7699,.T.);
#5670=EDGE_CURVE('',#6755,#6754,#7700,.T.);
#5671=EDGE_CURVE('',#6755,#6756,#909,.T.);
#5672=EDGE_CURVE('',#6757,#6756,#7701,.T.);
#5673=EDGE_CURVE('',#6757,#6758,#7702,.T.);
#5674=EDGE_CURVE('',#6759,#6758,#7703,.T.);
#5675=EDGE_CURVE('',#6759,#6749,#910,.T.);
#5676=EDGE_CURVE('',#6760,#6761,#911,.T.);
#5677=EDGE_CURVE('',#6760,#6762,#7704,.T.);
#5678=EDGE_CURVE('',#6763,#6762,#912,.T.);
#5679=EDGE_CURVE('',#6763,#6764,#7705,.T.);
#5680=EDGE_CURVE('',#6765,#6764,#913,.T.);
#5681=EDGE_CURVE('',#6765,#6766,#7706,.T.);
#5682=EDGE_CURVE('',#6767,#6766,#7707,.T.);
#5683=EDGE_CURVE('',#6767,#6768,#7708,.T.);
#5684=EDGE_CURVE('',#6769,#6768,#914,.T.);
#5685=EDGE_CURVE('',#6769,#6761,#7709,.T.);
#5686=EDGE_CURVE('',#6770,#6771,#915,.T.);
#5687=EDGE_CURVE('',#6770,#6772,#7710,.T.);
#5688=EDGE_CURVE('',#6773,#6772,#7711,.T.);
#5689=EDGE_CURVE('',#6773,#6774,#7712,.T.);
#5690=EDGE_CURVE('',#6775,#6774,#916,.T.);
#5691=EDGE_CURVE('',#6775,#6771,#7713,.T.);
#5692=EDGE_CURVE('',#6776,#6777,#917,.T.);
#5693=EDGE_CURVE('',#6776,#6778,#7714,.T.);
#5694=EDGE_CURVE('',#6779,#6778,#918,.T.);
#5695=EDGE_CURVE('',#6779,#6780,#7715,.T.);
#5696=EDGE_CURVE('',#6780,#6781,#7716,.T.);
#5697=EDGE_CURVE('',#6781,#6782,#919,.T.);
#5698=EDGE_CURVE('',#6782,#6777,#7717,.T.);
#5699=EDGE_CURVE('',#6783,#6784,#920,.T.);
#5700=EDGE_CURVE('',#6783,#6785,#7718,.T.);
#5701=EDGE_CURVE('',#6786,#6785,#921,.T.);
#5702=EDGE_CURVE('',#6786,#6787,#7719,.T.);
#5703=EDGE_CURVE('',#6787,#6788,#922,.T.);
#5704=EDGE_CURVE('',#6788,#6789,#7720,.T.);
#5705=EDGE_CURVE('',#6790,#6789,#923,.T.);
#5706=EDGE_CURVE('',#6790,#6784,#7721,.T.);
#5707=EDGE_CURVE('',#6791,#6792,#7722,.F.);
#5708=EDGE_CURVE('',#6791,#6793,#7723,.T.);
#5709=EDGE_CURVE('',#6794,#6793,#924,.T.);
#5710=EDGE_CURVE('',#6794,#6795,#7724,.T.);
#5711=EDGE_CURVE('',#6796,#6795,#7725,.T.);
#5712=EDGE_CURVE('',#6796,#6797,#7726,.T.);
#5713=EDGE_CURVE('',#6798,#6797,#925,.T.);
#5714=EDGE_CURVE('',#6798,#6792,#7727,.T.);
#5715=EDGE_CURVE('',#6799,#6800,#7728,.T.);
#5716=EDGE_CURVE('',#6800,#6801,#7729,.F.);
#5717=EDGE_CURVE('',#6802,#6801,#926,.T.);
#5718=EDGE_CURVE('',#6802,#6803,#7730,.F.);
#5719=EDGE_CURVE('',#6804,#6803,#7731,.T.);
#5720=EDGE_CURVE('',#6804,#6805,#7732,.T.);
#5721=EDGE_CURVE('',#6805,#6806,#7733,.T.);
#5722=EDGE_CURVE('',#6806,#6807,#7734,.F.);
#5723=EDGE_CURVE('',#6808,#6807,#927,.T.);
#5724=EDGE_CURVE('',#6809,#6808,#7735,.T.);
#5725=EDGE_CURVE('',#6809,#6810,#928,.T.);
#5726=EDGE_CURVE('',#6810,#6811,#7736,.F.);
#5727=EDGE_CURVE('',#6811,#6812,#929,.T.);
#5728=EDGE_CURVE('',#6812,#6813,#7737,.T.);
#5729=EDGE_CURVE('',#6813,#6814,#930,.T.);
#5730=EDGE_CURVE('',#6814,#6815,#7738,.T.);
#5731=EDGE_CURVE('',#6816,#6815,#7739,.T.);
#5732=EDGE_CURVE('',#6816,#6799,#7740,.T.);
#5733=EDGE_CURVE('',#6817,#6817,#7741,.T.);
#5734=EDGE_CURVE('',#6818,#6818,#7742,.T.);
#5735=EDGE_CURVE('',#6819,#6819,#7743,.T.);
#5736=EDGE_CURVE('',#6820,#6820,#7744,.T.);
#5737=EDGE_CURVE('',#6821,#6821,#7745,.T.);
#5738=EDGE_CURVE('',#6822,#6822,#7746,.T.);
#5739=EDGE_CURVE('',#6823,#6824,#931,.T.);
#5740=EDGE_CURVE('',#6823,#6825,#7747,.T.);
#5741=EDGE_CURVE('',#6826,#6825,#932,.T.);
#5742=EDGE_CURVE('',#6826,#6827,#7748,.T.);
#5743=EDGE_CURVE('',#6828,#6827,#933,.T.);
#5744=EDGE_CURVE('',#6828,#6824,#7749,.T.);
#5745=EDGE_CURVE('',#6829,#6830,#934,.T.);
#5746=EDGE_CURVE('',#6829,#6831,#7750,.T.);
#5747=EDGE_CURVE('',#6832,#6831,#7751,.T.);
#5748=EDGE_CURVE('',#6832,#6833,#7752,.T.);
#5749=EDGE_CURVE('',#6834,#6833,#7753,.T.);
#5750=EDGE_CURVE('',#6834,#6835,#7754,.T.);
#5751=EDGE_CURVE('',#6836,#6835,#7755,.T.);
#5752=EDGE_CURVE('',#6836,#6837,#7756,.T.);
#5753=EDGE_CURVE('',#6838,#6837,#935,.T.);
#5754=EDGE_CURVE('',#6838,#6830,#7757,.T.);
#5755=EDGE_CURVE('',#6839,#6840,#936,.T.);
#5756=EDGE_CURVE('',#6839,#6841,#7758,.T.);
#5757=EDGE_CURVE('',#6842,#6841,#937,.T.);
#5758=EDGE_CURVE('',#6842,#6843,#7759,.T.);
#5759=EDGE_CURVE('',#6844,#6843,#938,.T.);
#5760=EDGE_CURVE('',#6844,#6845,#7760,.F.);
#5761=EDGE_CURVE('',#6845,#6846,#7761,.T.);
#5762=EDGE_CURVE('',#6847,#6846,#939,.T.);
#5763=EDGE_CURVE('',#6847,#6840,#7762,.T.);
#5764=EDGE_CURVE('',#6848,#6849,#7763,.T.);
#5765=EDGE_CURVE('',#6848,#6850,#7764,.T.);
#5766=EDGE_CURVE('',#6851,#6850,#940,.T.);
#5767=EDGE_CURVE('',#6851,#6852,#7765,.T.);
#5768=EDGE_CURVE('',#6853,#6852,#941,.T.);
#5769=EDGE_CURVE('',#6853,#6854,#7766,.T.);
#5770=EDGE_CURVE('',#6855,#6854,#942,.T.);
#5771=EDGE_CURVE('',#6855,#6856,#7767,.T.);
#5772=EDGE_CURVE('',#6857,#6856,#7768,.T.);
#5773=EDGE_CURVE('',#6857,#6858,#7769,.T.);
#5774=EDGE_CURVE('',#6859,#6858,#943,.T.);
#5775=EDGE_CURVE('',#6859,#6849,#7770,.T.);
#5776=EDGE_CURVE('',#6860,#6861,#944,.T.);
#5777=EDGE_CURVE('',#6860,#6862,#7771,.T.);
#5778=EDGE_CURVE('',#6863,#6862,#945,.T.);
#5779=EDGE_CURVE('',#6863,#6864,#7772,.T.);
#5780=EDGE_CURVE('',#6865,#6864,#946,.T.);
#5781=EDGE_CURVE('',#6865,#6861,#7773,.T.);
#5782=EDGE_CURVE('',#6813,#6696,#947,.F.);
#5783=EDGE_CURVE('',#6695,#6814,#948,.F.);
#5784=EDGE_CURVE('',#6697,#6812,#949,.T.);
#5785=EDGE_CURVE('',#6811,#6698,#950,.F.);
#5786=EDGE_CURVE('',#6699,#6810,#951,.T.);
#5787=EDGE_CURVE('',#6700,#6809,#952,.T.);
#5788=EDGE_CURVE('',#6701,#6808,#953,.T.);
#5789=EDGE_CURVE('',#6807,#6702,#954,.T.);
#5790=EDGE_CURVE('',#6703,#6806,#955,.T.);
#5791=EDGE_CURVE('',#6704,#6805,#956,.T.);
#5792=EDGE_CURVE('',#6705,#6804,#957,.T.);
#5793=EDGE_CURVE('',#6803,#6706,#958,.F.);
#5794=EDGE_CURVE('',#6801,#6690,#959,.T.);
#5795=EDGE_CURVE('',#6689,#6802,#960,.T.);
#5796=EDGE_CURVE('',#6691,#6800,#961,.T.);
#5797=EDGE_CURVE('',#6799,#6692,#962,.F.);
#5798=EDGE_CURVE('',#6815,#6694,#963,.F.);
#5799=EDGE_CURVE('',#6693,#6816,#964,.T.);
#5800=EDGE_CURVE('',#6682,#6795,#965,.F.);
#5801=EDGE_CURVE('',#6796,#6688,#966,.T.);
#5802=EDGE_CURVE('',#6685,#6792,#967,.F.);
#5803=EDGE_CURVE('',#6791,#6684,#968,.T.);
#5804=EDGE_CURVE('',#6683,#6793,#969,.F.);
#5805=EDGE_CURVE('',#6794,#6681,#970,.T.);
#5806=EDGE_CURVE('',#6687,#6797,#971,.F.);
#5807=EDGE_CURVE('',#6798,#6686,#972,.T.);
#5808=EDGE_CURVE('',#6674,#6787,#973,.T.);
#5809=EDGE_CURVE('',#6788,#6680,#974,.T.);
#5810=EDGE_CURVE('',#6679,#6789,#975,.F.);
#5811=EDGE_CURVE('',#6790,#6678,#976,.T.);
#5812=EDGE_CURVE('',#6675,#6785,#977,.T.);
#5813=EDGE_CURVE('',#6786,#6673,#978,.F.);
#5814=EDGE_CURVE('',#6677,#6784,#979,.F.);
#5815=EDGE_CURVE('',#6783,#6676,#980,.F.);
#5816=EDGE_CURVE('',#6781,#6670,#981,.T.);
#5817=EDGE_CURVE('',#6782,#6669,#982,.T.);
#5818=EDGE_CURVE('',#6671,#6780,#983,.F.);
#5819=EDGE_CURVE('',#6668,#6777,#984,.F.);
#5820=EDGE_CURVE('',#6776,#6666,#985,.F.);
#5821=EDGE_CURVE('',#6667,#6778,#986,.T.);
#5822=EDGE_CURVE('',#6779,#6672,#987,.F.);
#5823=EDGE_CURVE('',#6662,#6824,#988,.T.);
#5824=EDGE_CURVE('',#6823,#6660,#989,.T.);
#5825=EDGE_CURVE('',#6661,#6825,#990,.F.);
#5826=EDGE_CURVE('',#6826,#6665,#991,.T.);
#5827=EDGE_CURVE('',#6664,#6827,#992,.F.);
#5828=EDGE_CURVE('',#6828,#6663,#993,.F.);
#5829=EDGE_CURVE('',#6714,#6772,#994,.F.);
#5830=EDGE_CURVE('',#6773,#6718,#995,.T.);
#5831=EDGE_CURVE('',#6715,#6771,#996,.T.);
#5832=EDGE_CURVE('',#6770,#6713,#997,.T.);
#5833=EDGE_CURVE('',#6717,#6774,#998,.F.);
#5834=EDGE_CURVE('',#6775,#6716,#999,.F.);
#5835=EDGE_CURVE('',#6720,#6833,#1000,.F.);
#5836=EDGE_CURVE('',#6834,#6728,#1001,.T.);
#5837=EDGE_CURVE('',#6721,#6831,#1002,.F.);
#5838=EDGE_CURVE('',#6832,#6719,#1003,.T.);
#5839=EDGE_CURVE('',#6727,#6835,#1004,.F.);
#5840=EDGE_CURVE('',#6836,#6726,#1005,.T.);
#5841=EDGE_CURVE('',#6725,#6837,#1006,.F.);
#5842=EDGE_CURVE('',#6838,#6724,#1007,.F.);
#5843=EDGE_CURVE('',#6723,#6830,#1008,.T.);
#5844=EDGE_CURVE('',#6829,#6722,#1009,.T.);
#5845=EDGE_CURVE('',#6733,#6766,#1010,.F.);
#5846=EDGE_CURVE('',#6767,#6732,#1011,.T.);
#5847=EDGE_CURVE('',#6731,#6768,#1012,.F.);
#5848=EDGE_CURVE('',#6769,#6729,#1013,.T.);
#5849=EDGE_CURVE('',#6730,#6761,#1014,.F.);
#5850=EDGE_CURVE('',#6760,#6738,#1015,.F.);
#5851=EDGE_CURVE('',#6735,#6764,#1016,.T.);
#5852=EDGE_CURVE('',#6765,#6734,#1017,.T.);
#5853=EDGE_CURVE('',#6737,#6762,#1018,.T.);
#5854=EDGE_CURVE('',#6763,#6736,#1019,.F.);
#5855=EDGE_CURVE('',#6746,#6843,#1020,.F.);
#5856=EDGE_CURVE('',#6844,#6745,#1021,.F.);
#5857=EDGE_CURVE('',#6845,#6744,#1022,.T.);
#5858=EDGE_CURVE('',#6743,#6846,#1023,.T.);
#5859=EDGE_CURVE('',#6847,#6742,#1024,.T.);
#5860=EDGE_CURVE('',#6740,#6841,#1025,.T.);
#5861=EDGE_CURVE('',#6842,#6747,#1026,.T.);
#5862=EDGE_CURVE('',#6741,#6840,#1027,.F.);
#5863=EDGE_CURVE('',#6839,#6739,#1028,.F.);
#5864=EDGE_CURVE('',#6754,#6849,#1029,.F.);
#5865=EDGE_CURVE('',#6848,#6753,#1030,.T.);
#5866=EDGE_CURVE('',#6758,#6856,#1031,.F.);
#5867=EDGE_CURVE('',#6857,#6757,#1032,.T.);
#5868=EDGE_CURVE('',#6756,#6858,#1033,.F.);
#5869=EDGE_CURVE('',#6859,#6755,#1034,.T.);
#5870=EDGE_CURVE('',#6752,#6850,#1035,.F.);
#5871=EDGE_CURVE('',#6851,#6751,#1036,.T.);
#5872=EDGE_CURVE('',#6749,#6854,#1037,.F.);
#5873=EDGE_CURVE('',#6855,#6759,#1038,.T.);
#5874=EDGE_CURVE('',#6750,#6852,#1039,.F.);
#5875=EDGE_CURVE('',#6853,#6748,#1040,.T.);
#5876=EDGE_CURVE('',#6658,#6864,#1041,.F.);
#5877=EDGE_CURVE('',#6865,#6657,#1042,.F.);
#5878=EDGE_CURVE('',#6655,#6862,#1043,.F.);
#5879=EDGE_CURVE('',#6863,#6659,#1044,.T.);
#5880=EDGE_CURVE('',#6656,#6861,#1045,.T.);
#5881=EDGE_CURVE('',#6860,#6654,#1046,.T.);
#5882=VERTEX_POINT('',#14108);
#5883=VERTEX_POINT('',#14109);
#5884=VERTEX_POINT('',#14111);
#5885=VERTEX_POINT('',#14113);
#5886=VERTEX_POINT('',#14115);
#5887=VERTEX_POINT('',#14117);
#5888=VERTEX_POINT('',#14119);
#5889=VERTEX_POINT('',#14121);
#5890=VERTEX_POINT('',#14123);
#5891=VERTEX_POINT('',#14125);
#5892=VERTEX_POINT('',#14127);
#5893=VERTEX_POINT('',#14129);
#5894=VERTEX_POINT('',#14131);
#5895=VERTEX_POINT('',#14133);
#5896=VERTEX_POINT('',#14135);
#5897=VERTEX_POINT('',#14137);
#5898=VERTEX_POINT('',#14139);
#5899=VERTEX_POINT('',#14141);
#5900=VERTEX_POINT('',#14143);
#5901=VERTEX_POINT('',#14145);
#5902=VERTEX_POINT('',#14147);
#5903=VERTEX_POINT('',#14149);
#5904=VERTEX_POINT('',#14151);
#5905=VERTEX_POINT('',#14153);
#5906=VERTEX_POINT('',#14155);
#5907=VERTEX_POINT('',#14157);
#5908=VERTEX_POINT('',#14159);
#5909=VERTEX_POINT('',#14161);
#5910=VERTEX_POINT('',#14163);
#5911=VERTEX_POINT('',#14165);
#5912=VERTEX_POINT('',#14167);
#5913=VERTEX_POINT('',#14169);
#5914=VERTEX_POINT('',#14171);
#5915=VERTEX_POINT('',#14173);
#5916=VERTEX_POINT('',#14175);
#5917=VERTEX_POINT('',#14177);
#5918=VERTEX_POINT('',#14179);
#5919=VERTEX_POINT('',#14181);
#5920=VERTEX_POINT('',#14183);
#5921=VERTEX_POINT('',#14185);
#5922=VERTEX_POINT('',#14187);
#5923=VERTEX_POINT('',#14189);
#5924=VERTEX_POINT('',#14191);
#5925=VERTEX_POINT('',#14193);
#5926=VERTEX_POINT('',#14195);
#5927=VERTEX_POINT('',#14197);
#5928=VERTEX_POINT('',#14199);
#5929=VERTEX_POINT('',#14201);
#5930=VERTEX_POINT('',#14203);
#5931=VERTEX_POINT('',#14205);
#5932=VERTEX_POINT('',#14207);
#5933=VERTEX_POINT('',#14209);
#5934=VERTEX_POINT('',#14211);
#5935=VERTEX_POINT('',#14213);
#5936=VERTEX_POINT('',#14215);
#5937=VERTEX_POINT('',#14217);
#5938=VERTEX_POINT('',#14219);
#5939=VERTEX_POINT('',#14221);
#5940=VERTEX_POINT('',#14223);
#5941=VERTEX_POINT('',#14225);
#5942=VERTEX_POINT('',#14227);
#5943=VERTEX_POINT('',#14229);
#5944=VERTEX_POINT('',#14231);
#5945=VERTEX_POINT('',#14233);
#5946=VERTEX_POINT('',#14235);
#5947=VERTEX_POINT('',#14237);
#5948=VERTEX_POINT('',#14239);
#5949=VERTEX_POINT('',#14241);
#5950=VERTEX_POINT('',#14243);
#5951=VERTEX_POINT('',#14245);
#5952=VERTEX_POINT('',#14247);
#5953=VERTEX_POINT('',#14249);
#5954=VERTEX_POINT('',#14251);
#5955=VERTEX_POINT('',#14253);
#5956=VERTEX_POINT('',#14255);
#5957=VERTEX_POINT('',#14257);
#5958=VERTEX_POINT('',#14259);
#5959=VERTEX_POINT('',#14261);
#5960=VERTEX_POINT('',#14263);
#5961=VERTEX_POINT('',#14265);
#5962=VERTEX_POINT('',#14267);
#5963=VERTEX_POINT('',#14269);
#5964=VERTEX_POINT('',#14271);
#5965=VERTEX_POINT('',#14273);
#5966=VERTEX_POINT('',#14275);
#5967=VERTEX_POINT('',#14277);
#5968=VERTEX_POINT('',#14279);
#5969=VERTEX_POINT('',#14281);
#5970=VERTEX_POINT('',#14283);
#5971=VERTEX_POINT('',#14285);
#5972=VERTEX_POINT('',#14287);
#5973=VERTEX_POINT('',#14289);
#5974=VERTEX_POINT('',#14291);
#5975=VERTEX_POINT('',#14293);
#5976=VERTEX_POINT('',#14295);
#5977=VERTEX_POINT('',#14297);
#5978=VERTEX_POINT('',#14299);
#5979=VERTEX_POINT('',#14301);
#5980=VERTEX_POINT('',#14303);
#5981=VERTEX_POINT('',#14305);
#5982=VERTEX_POINT('',#14307);
#5983=VERTEX_POINT('',#14309);
#5984=VERTEX_POINT('',#14311);
#5985=VERTEX_POINT('',#14313);
#5986=VERTEX_POINT('',#14315);
#5987=VERTEX_POINT('',#14317);
#5988=VERTEX_POINT('',#14319);
#5989=VERTEX_POINT('',#14321);
#5990=VERTEX_POINT('',#14323);
#5991=VERTEX_POINT('',#14325);
#5992=VERTEX_POINT('',#14327);
#5993=VERTEX_POINT('',#14329);
#5994=VERTEX_POINT('',#14331);
#5995=VERTEX_POINT('',#14333);
#5996=VERTEX_POINT('',#14335);
#5997=VERTEX_POINT('',#14337);
#5998=VERTEX_POINT('',#14339);
#5999=VERTEX_POINT('',#14341);
#6000=VERTEX_POINT('',#14343);
#6001=VERTEX_POINT('',#14345);
#6002=VERTEX_POINT('',#14347);
#6003=VERTEX_POINT('',#14349);
#6004=VERTEX_POINT('',#14351);
#6005=VERTEX_POINT('',#14353);
#6006=VERTEX_POINT('',#14355);
#6007=VERTEX_POINT('',#14357);
#6008=VERTEX_POINT('',#14359);
#6009=VERTEX_POINT('',#14361);
#6010=VERTEX_POINT('',#14363);
#6011=VERTEX_POINT('',#14365);
#6012=VERTEX_POINT('',#14367);
#6013=VERTEX_POINT('',#14369);
#6014=VERTEX_POINT('',#14371);
#6015=VERTEX_POINT('',#14373);
#6016=VERTEX_POINT('',#14375);
#6017=VERTEX_POINT('',#14377);
#6018=VERTEX_POINT('',#14379);
#6019=VERTEX_POINT('',#14381);
#6020=VERTEX_POINT('',#14383);
#6021=VERTEX_POINT('',#14385);
#6022=VERTEX_POINT('',#14387);
#6023=VERTEX_POINT('',#14389);
#6024=VERTEX_POINT('',#14391);
#6025=VERTEX_POINT('',#14393);
#6026=VERTEX_POINT('',#14395);
#6027=VERTEX_POINT('',#14397);
#6028=VERTEX_POINT('',#14399);
#6029=VERTEX_POINT('',#14401);
#6030=VERTEX_POINT('',#14403);
#6031=VERTEX_POINT('',#14405);
#6032=VERTEX_POINT('',#14407);
#6033=VERTEX_POINT('',#14409);
#6034=VERTEX_POINT('',#14411);
#6035=VERTEX_POINT('',#14413);
#6036=VERTEX_POINT('',#14415);
#6037=VERTEX_POINT('',#14417);
#6038=VERTEX_POINT('',#14419);
#6039=VERTEX_POINT('',#14421);
#6040=VERTEX_POINT('',#14423);
#6041=VERTEX_POINT('',#14425);
#6042=VERTEX_POINT('',#14427);
#6043=VERTEX_POINT('',#14429);
#6044=VERTEX_POINT('',#14431);
#6045=VERTEX_POINT('',#14433);
#6046=VERTEX_POINT('',#14435);
#6047=VERTEX_POINT('',#14437);
#6048=VERTEX_POINT('',#14439);
#6049=VERTEX_POINT('',#14441);
#6050=VERTEX_POINT('',#14443);
#6051=VERTEX_POINT('',#14445);
#6052=VERTEX_POINT('',#14447);
#6053=VERTEX_POINT('',#14449);
#6054=VERTEX_POINT('',#14451);
#6055=VERTEX_POINT('',#14453);
#6056=VERTEX_POINT('',#14455);
#6057=VERTEX_POINT('',#14457);
#6058=VERTEX_POINT('',#14459);
#6059=VERTEX_POINT('',#14461);
#6060=VERTEX_POINT('',#14463);
#6061=VERTEX_POINT('',#14465);
#6062=VERTEX_POINT('',#14467);
#6063=VERTEX_POINT('',#14469);
#6064=VERTEX_POINT('',#14471);
#6065=VERTEX_POINT('',#14473);
#6066=VERTEX_POINT('',#14475);
#6067=VERTEX_POINT('',#14477);
#6068=VERTEX_POINT('',#14479);
#6069=VERTEX_POINT('',#14481);
#6070=VERTEX_POINT('',#14483);
#6071=VERTEX_POINT('',#14485);
#6072=VERTEX_POINT('',#14487);
#6073=VERTEX_POINT('',#14489);
#6074=VERTEX_POINT('',#14491);
#6075=VERTEX_POINT('',#14493);
#6076=VERTEX_POINT('',#14495);
#6077=VERTEX_POINT('',#14497);
#6078=VERTEX_POINT('',#14499);
#6079=VERTEX_POINT('',#14501);
#6080=VERTEX_POINT('',#14503);
#6081=VERTEX_POINT('',#14505);
#6082=VERTEX_POINT('',#14507);
#6083=VERTEX_POINT('',#14509);
#6084=VERTEX_POINT('',#14511);
#6085=VERTEX_POINT('',#14513);
#6086=VERTEX_POINT('',#14515);
#6087=VERTEX_POINT('',#14517);
#6088=VERTEX_POINT('',#14519);
#6089=VERTEX_POINT('',#14521);
#6090=VERTEX_POINT('',#14523);
#6091=VERTEX_POINT('',#14525);
#6092=VERTEX_POINT('',#14527);
#6093=VERTEX_POINT('',#14529);
#6094=VERTEX_POINT('',#14531);
#6095=VERTEX_POINT('',#14533);
#6096=VERTEX_POINT('',#14535);
#6097=VERTEX_POINT('',#14537);
#6098=VERTEX_POINT('',#14539);
#6099=VERTEX_POINT('',#14541);
#6100=VERTEX_POINT('',#14543);
#6101=VERTEX_POINT('',#14545);
#6102=VERTEX_POINT('',#14547);
#6103=VERTEX_POINT('',#14549);
#6104=VERTEX_POINT('',#14551);
#6105=VERTEX_POINT('',#14553);
#6106=VERTEX_POINT('',#14555);
#6107=VERTEX_POINT('',#14557);
#6108=VERTEX_POINT('',#14559);
#6109=VERTEX_POINT('',#14561);
#6110=VERTEX_POINT('',#14563);
#6111=VERTEX_POINT('',#14565);
#6112=VERTEX_POINT('',#14567);
#6113=VERTEX_POINT('',#14569);
#6114=VERTEX_POINT('',#14571);
#6115=VERTEX_POINT('',#14573);
#6116=VERTEX_POINT('',#14575);
#6117=VERTEX_POINT('',#14577);
#6118=VERTEX_POINT('',#14579);
#6119=VERTEX_POINT('',#14581);
#6120=VERTEX_POINT('',#14583);
#6121=VERTEX_POINT('',#14585);
#6122=VERTEX_POINT('',#14587);
#6123=VERTEX_POINT('',#14589);
#6124=VERTEX_POINT('',#14591);
#6125=VERTEX_POINT('',#14593);
#6126=VERTEX_POINT('',#14595);
#6127=VERTEX_POINT('',#14597);
#6128=VERTEX_POINT('',#14599);
#6129=VERTEX_POINT('',#14601);
#6130=VERTEX_POINT('',#14603);
#6131=VERTEX_POINT('',#14605);
#6132=VERTEX_POINT('',#14607);
#6133=VERTEX_POINT('',#14609);
#6134=VERTEX_POINT('',#14611);
#6135=VERTEX_POINT('',#14613);
#6136=VERTEX_POINT('',#14615);
#6137=VERTEX_POINT('',#14617);
#6138=VERTEX_POINT('',#14619);
#6139=VERTEX_POINT('',#14621);
#6140=VERTEX_POINT('',#14623);
#6141=VERTEX_POINT('',#14625);
#6142=VERTEX_POINT('',#14627);
#6143=VERTEX_POINT('',#14629);
#6144=VERTEX_POINT('',#14631);
#6145=VERTEX_POINT('',#14633);
#6146=VERTEX_POINT('',#14635);
#6147=VERTEX_POINT('',#14637);
#6148=VERTEX_POINT('',#14639);
#6149=VERTEX_POINT('',#14641);
#6150=VERTEX_POINT('',#14643);
#6151=VERTEX_POINT('',#14645);
#6152=VERTEX_POINT('',#14647);
#6153=VERTEX_POINT('',#14649);
#6154=VERTEX_POINT('',#14651);
#6155=VERTEX_POINT('',#14653);
#6156=VERTEX_POINT('',#14655);
#6157=VERTEX_POINT('',#14657);
#6158=VERTEX_POINT('',#14659);
#6159=VERTEX_POINT('',#14661);
#6160=VERTEX_POINT('',#14663);
#6161=VERTEX_POINT('',#14665);
#6162=VERTEX_POINT('',#14667);
#6163=VERTEX_POINT('',#14669);
#6164=VERTEX_POINT('',#14671);
#6165=VERTEX_POINT('',#14673);
#6166=VERTEX_POINT('',#14675);
#6167=VERTEX_POINT('',#14677);
#6168=VERTEX_POINT('',#14679);
#6169=VERTEX_POINT('',#14681);
#6170=VERTEX_POINT('',#14683);
#6171=VERTEX_POINT('',#14685);
#6172=VERTEX_POINT('',#14687);
#6173=VERTEX_POINT('',#14689);
#6174=VERTEX_POINT('',#14691);
#6175=VERTEX_POINT('',#14693);
#6176=VERTEX_POINT('',#14695);
#6177=VERTEX_POINT('',#14697);
#6178=VERTEX_POINT('',#14699);
#6179=VERTEX_POINT('',#14701);
#6180=VERTEX_POINT('',#14703);
#6181=VERTEX_POINT('',#14705);
#6182=VERTEX_POINT('',#14707);
#6183=VERTEX_POINT('',#14709);
#6184=VERTEX_POINT('',#14711);
#6185=VERTEX_POINT('',#14713);
#6186=VERTEX_POINT('',#14715);
#6187=VERTEX_POINT('',#14717);
#6188=VERTEX_POINT('',#14719);
#6189=VERTEX_POINT('',#14721);
#6190=VERTEX_POINT('',#14723);
#6191=VERTEX_POINT('',#14725);
#6192=VERTEX_POINT('',#14727);
#6193=VERTEX_POINT('',#14729);
#6194=VERTEX_POINT('',#14731);
#6195=VERTEX_POINT('',#14733);
#6196=VERTEX_POINT('',#14735);
#6197=VERTEX_POINT('',#14737);
#6198=VERTEX_POINT('',#14739);
#6199=VERTEX_POINT('',#14741);
#6200=VERTEX_POINT('',#14743);
#6201=VERTEX_POINT('',#14745);
#6202=VERTEX_POINT('',#14747);
#6203=VERTEX_POINT('',#14749);
#6204=VERTEX_POINT('',#14751);
#6205=VERTEX_POINT('',#14753);
#6206=VERTEX_POINT('',#14755);
#6207=VERTEX_POINT('',#14757);
#6208=VERTEX_POINT('',#14759);
#6209=VERTEX_POINT('',#14761);
#6210=VERTEX_POINT('',#14763);
#6211=VERTEX_POINT('',#14765);
#6212=VERTEX_POINT('',#14767);
#6213=VERTEX_POINT('',#14769);
#6214=VERTEX_POINT('',#14771);
#6215=VERTEX_POINT('',#14773);
#6216=VERTEX_POINT('',#14775);
#6217=VERTEX_POINT('',#14777);
#6218=VERTEX_POINT('',#14779);
#6219=VERTEX_POINT('',#14781);
#6220=VERTEX_POINT('',#14783);
#6221=VERTEX_POINT('',#14785);
#6222=VERTEX_POINT('',#14787);
#6223=VERTEX_POINT('',#14789);
#6224=VERTEX_POINT('',#14791);
#6225=VERTEX_POINT('',#14793);
#6226=VERTEX_POINT('',#14795);
#6227=VERTEX_POINT('',#14797);
#6228=VERTEX_POINT('',#14799);
#6229=VERTEX_POINT('',#14801);
#6230=VERTEX_POINT('',#14803);
#6231=VERTEX_POINT('',#14805);
#6232=VERTEX_POINT('',#14807);
#6233=VERTEX_POINT('',#14809);
#6234=VERTEX_POINT('',#14811);
#6235=VERTEX_POINT('',#14813);
#6236=VERTEX_POINT('',#14815);
#6237=VERTEX_POINT('',#14817);
#6238=VERTEX_POINT('',#14819);
#6239=VERTEX_POINT('',#14821);
#6240=VERTEX_POINT('',#14823);
#6241=VERTEX_POINT('',#14825);
#6242=VERTEX_POINT('',#14827);
#6243=VERTEX_POINT('',#14829);
#6244=VERTEX_POINT('',#14831);
#6245=VERTEX_POINT('',#14833);
#6246=VERTEX_POINT('',#14835);
#6247=VERTEX_POINT('',#14837);
#6248=VERTEX_POINT('',#14839);
#6249=VERTEX_POINT('',#14843);
#6250=VERTEX_POINT('',#14844);
#6251=VERTEX_POINT('',#14846);
#6252=VERTEX_POINT('',#14848);
#6253=VERTEX_POINT('',#14850);
#6254=VERTEX_POINT('',#14852);
#6255=VERTEX_POINT('',#14854);
#6256=VERTEX_POINT('',#14856);
#6257=VERTEX_POINT('',#14858);
#6258=VERTEX_POINT('',#14860);
#6259=VERTEX_POINT('',#14862);
#6260=VERTEX_POINT('',#14864);
#6261=VERTEX_POINT('',#14866);
#6262=VERTEX_POINT('',#14868);
#6263=VERTEX_POINT('',#14870);
#6264=VERTEX_POINT('',#14872);
#6265=VERTEX_POINT('',#14874);
#6266=VERTEX_POINT('',#14876);
#6267=VERTEX_POINT('',#14878);
#6268=VERTEX_POINT('',#14880);
#6269=VERTEX_POINT('',#14882);
#6270=VERTEX_POINT('',#14884);
#6271=VERTEX_POINT('',#14886);
#6272=VERTEX_POINT('',#14888);
#6273=VERTEX_POINT('',#14890);
#6274=VERTEX_POINT('',#14892);
#6275=VERTEX_POINT('',#14894);
#6276=VERTEX_POINT('',#14896);
#6277=VERTEX_POINT('',#14898);
#6278=VERTEX_POINT('',#14900);
#6279=VERTEX_POINT('',#14902);
#6280=VERTEX_POINT('',#14904);
#6281=VERTEX_POINT('',#14906);
#6282=VERTEX_POINT('',#14908);
#6283=VERTEX_POINT('',#14910);
#6284=VERTEX_POINT('',#14912);
#6285=VERTEX_POINT('',#14914);
#6286=VERTEX_POINT('',#14916);
#6287=VERTEX_POINT('',#14918);
#6288=VERTEX_POINT('',#14920);
#6289=VERTEX_POINT('',#14922);
#6290=VERTEX_POINT('',#14924);
#6291=VERTEX_POINT('',#14926);
#6292=VERTEX_POINT('',#14928);
#6293=VERTEX_POINT('',#14930);
#6294=VERTEX_POINT('',#14932);
#6295=VERTEX_POINT('',#14934);
#6296=VERTEX_POINT('',#14936);
#6297=VERTEX_POINT('',#14938);
#6298=VERTEX_POINT('',#14940);
#6299=VERTEX_POINT('',#14942);
#6300=VERTEX_POINT('',#14944);
#6301=VERTEX_POINT('',#14946);
#6302=VERTEX_POINT('',#14948);
#6303=VERTEX_POINT('',#14950);
#6304=VERTEX_POINT('',#14952);
#6305=VERTEX_POINT('',#14954);
#6306=VERTEX_POINT('',#14956);
#6307=VERTEX_POINT('',#14958);
#6308=VERTEX_POINT('',#14960);
#6309=VERTEX_POINT('',#14962);
#6310=VERTEX_POINT('',#14964);
#6311=VERTEX_POINT('',#14966);
#6312=VERTEX_POINT('',#14968);
#6313=VERTEX_POINT('',#14970);
#6314=VERTEX_POINT('',#14972);
#6315=VERTEX_POINT('',#14974);
#6316=VERTEX_POINT('',#14976);
#6317=VERTEX_POINT('',#14978);
#6318=VERTEX_POINT('',#14980);
#6319=VERTEX_POINT('',#14982);
#6320=VERTEX_POINT('',#14984);
#6321=VERTEX_POINT('',#14986);
#6322=VERTEX_POINT('',#14988);
#6323=VERTEX_POINT('',#14990);
#6324=VERTEX_POINT('',#14992);
#6325=VERTEX_POINT('',#14994);
#6326=VERTEX_POINT('',#14996);
#6327=VERTEX_POINT('',#14998);
#6328=VERTEX_POINT('',#15000);
#6329=VERTEX_POINT('',#15002);
#6330=VERTEX_POINT('',#15004);
#6331=VERTEX_POINT('',#15006);
#6332=VERTEX_POINT('',#15008);
#6333=VERTEX_POINT('',#15010);
#6334=VERTEX_POINT('',#15012);
#6335=VERTEX_POINT('',#15014);
#6336=VERTEX_POINT('',#15016);
#6337=VERTEX_POINT('',#15018);
#6338=VERTEX_POINT('',#15020);
#6339=VERTEX_POINT('',#15022);
#6340=VERTEX_POINT('',#15024);
#6341=VERTEX_POINT('',#15026);
#6342=VERTEX_POINT('',#15028);
#6343=VERTEX_POINT('',#15030);
#6344=VERTEX_POINT('',#15032);
#6345=VERTEX_POINT('',#15034);
#6346=VERTEX_POINT('',#15036);
#6347=VERTEX_POINT('',#15038);
#6348=VERTEX_POINT('',#15040);
#6349=VERTEX_POINT('',#15042);
#6350=VERTEX_POINT('',#15044);
#6351=VERTEX_POINT('',#15046);
#6352=VERTEX_POINT('',#15048);
#6353=VERTEX_POINT('',#15050);
#6354=VERTEX_POINT('',#15052);
#6355=VERTEX_POINT('',#15054);
#6356=VERTEX_POINT('',#15056);
#6357=VERTEX_POINT('',#15058);
#6358=VERTEX_POINT('',#15060);
#6359=VERTEX_POINT('',#15062);
#6360=VERTEX_POINT('',#15064);
#6361=VERTEX_POINT('',#15066);
#6362=VERTEX_POINT('',#15068);
#6363=VERTEX_POINT('',#15070);
#6364=VERTEX_POINT('',#15072);
#6365=VERTEX_POINT('',#15074);
#6366=VERTEX_POINT('',#15076);
#6367=VERTEX_POINT('',#15078);
#6368=VERTEX_POINT('',#15080);
#6369=VERTEX_POINT('',#15082);
#6370=VERTEX_POINT('',#15084);
#6371=VERTEX_POINT('',#15086);
#6372=VERTEX_POINT('',#15088);
#6373=VERTEX_POINT('',#15090);
#6374=VERTEX_POINT('',#15092);
#6375=VERTEX_POINT('',#15094);
#6376=VERTEX_POINT('',#15096);
#6377=VERTEX_POINT('',#15098);
#6378=VERTEX_POINT('',#15100);
#6379=VERTEX_POINT('',#15102);
#6380=VERTEX_POINT('',#15104);
#6381=VERTEX_POINT('',#15106);
#6382=VERTEX_POINT('',#15108);
#6383=VERTEX_POINT('',#15110);
#6384=VERTEX_POINT('',#15112);
#6385=VERTEX_POINT('',#15114);
#6386=VERTEX_POINT('',#15116);
#6387=VERTEX_POINT('',#15118);
#6388=VERTEX_POINT('',#15120);
#6389=VERTEX_POINT('',#15122);
#6390=VERTEX_POINT('',#15124);
#6391=VERTEX_POINT('',#15126);
#6392=VERTEX_POINT('',#15128);
#6393=VERTEX_POINT('',#15130);
#6394=VERTEX_POINT('',#15132);
#6395=VERTEX_POINT('',#15134);
#6396=VERTEX_POINT('',#15136);
#6397=VERTEX_POINT('',#15138);
#6398=VERTEX_POINT('',#15140);
#6399=VERTEX_POINT('',#15142);
#6400=VERTEX_POINT('',#15144);
#6401=VERTEX_POINT('',#15146);
#6402=VERTEX_POINT('',#15148);
#6403=VERTEX_POINT('',#15150);
#6404=VERTEX_POINT('',#15152);
#6405=VERTEX_POINT('',#15154);
#6406=VERTEX_POINT('',#15156);
#6407=VERTEX_POINT('',#15158);
#6408=VERTEX_POINT('',#15160);
#6409=VERTEX_POINT('',#15162);
#6410=VERTEX_POINT('',#15164);
#6411=VERTEX_POINT('',#15166);
#6412=VERTEX_POINT('',#15168);
#6413=VERTEX_POINT('',#15170);
#6414=VERTEX_POINT('',#15172);
#6415=VERTEX_POINT('',#15174);
#6416=VERTEX_POINT('',#15176);
#6417=VERTEX_POINT('',#15178);
#6418=VERTEX_POINT('',#15180);
#6419=VERTEX_POINT('',#15182);
#6420=VERTEX_POINT('',#15184);
#6421=VERTEX_POINT('',#15186);
#6422=VERTEX_POINT('',#15188);
#6423=VERTEX_POINT('',#15190);
#6424=VERTEX_POINT('',#15192);
#6425=VERTEX_POINT('',#15194);
#6426=VERTEX_POINT('',#15196);
#6427=VERTEX_POINT('',#15198);
#6428=VERTEX_POINT('',#15200);
#6429=VERTEX_POINT('',#15202);
#6430=VERTEX_POINT('',#15204);
#6431=VERTEX_POINT('',#15206);
#6432=VERTEX_POINT('',#15208);
#6433=VERTEX_POINT('',#15210);
#6434=VERTEX_POINT('',#15212);
#6435=VERTEX_POINT('',#15214);
#6436=VERTEX_POINT('',#15216);
#6437=VERTEX_POINT('',#15218);
#6438=VERTEX_POINT('',#15220);
#6439=VERTEX_POINT('',#15222);
#6440=VERTEX_POINT('',#15224);
#6441=VERTEX_POINT('',#15226);
#6442=VERTEX_POINT('',#15228);
#6443=VERTEX_POINT('',#15230);
#6444=VERTEX_POINT('',#15232);
#6445=VERTEX_POINT('',#15234);
#6446=VERTEX_POINT('',#15236);
#6447=VERTEX_POINT('',#15238);
#6448=VERTEX_POINT('',#15240);
#6449=VERTEX_POINT('',#15242);
#6450=VERTEX_POINT('',#15244);
#6451=VERTEX_POINT('',#15246);
#6452=VERTEX_POINT('',#15248);
#6453=VERTEX_POINT('',#15250);
#6454=VERTEX_POINT('',#15252);
#6455=VERTEX_POINT('',#15254);
#6456=VERTEX_POINT('',#15256);
#6457=VERTEX_POINT('',#15258);
#6458=VERTEX_POINT('',#15260);
#6459=VERTEX_POINT('',#15262);
#6460=VERTEX_POINT('',#15264);
#6461=VERTEX_POINT('',#15266);
#6462=VERTEX_POINT('',#15268);
#6463=VERTEX_POINT('',#15270);
#6464=VERTEX_POINT('',#15272);
#6465=VERTEX_POINT('',#15274);
#6466=VERTEX_POINT('',#15276);
#6467=VERTEX_POINT('',#15278);
#6468=VERTEX_POINT('',#15280);
#6469=VERTEX_POINT('',#15282);
#6470=VERTEX_POINT('',#15284);
#6471=VERTEX_POINT('',#15286);
#6472=VERTEX_POINT('',#15288);
#6473=VERTEX_POINT('',#15290);
#6474=VERTEX_POINT('',#15292);
#6475=VERTEX_POINT('',#15294);
#6476=VERTEX_POINT('',#15296);
#6477=VERTEX_POINT('',#15298);
#6478=VERTEX_POINT('',#15300);
#6479=VERTEX_POINT('',#15302);
#6480=VERTEX_POINT('',#15304);
#6481=VERTEX_POINT('',#15306);
#6482=VERTEX_POINT('',#15308);
#6483=VERTEX_POINT('',#15310);
#6484=VERTEX_POINT('',#15312);
#6485=VERTEX_POINT('',#15314);
#6486=VERTEX_POINT('',#15316);
#6487=VERTEX_POINT('',#15318);
#6488=VERTEX_POINT('',#15320);
#6489=VERTEX_POINT('',#15322);
#6490=VERTEX_POINT('',#15324);
#6491=VERTEX_POINT('',#15326);
#6492=VERTEX_POINT('',#15328);
#6493=VERTEX_POINT('',#15330);
#6494=VERTEX_POINT('',#15332);
#6495=VERTEX_POINT('',#15334);
#6496=VERTEX_POINT('',#15336);
#6497=VERTEX_POINT('',#15338);
#6498=VERTEX_POINT('',#15340);
#6499=VERTEX_POINT('',#15342);
#6500=VERTEX_POINT('',#15344);
#6501=VERTEX_POINT('',#15346);
#6502=VERTEX_POINT('',#15348);
#6503=VERTEX_POINT('',#15350);
#6504=VERTEX_POINT('',#15352);
#6505=VERTEX_POINT('',#15354);
#6506=VERTEX_POINT('',#15356);
#6507=VERTEX_POINT('',#15358);
#6508=VERTEX_POINT('',#15360);
#6509=VERTEX_POINT('',#15362);
#6510=VERTEX_POINT('',#15364);
#6511=VERTEX_POINT('',#15366);
#6512=VERTEX_POINT('',#15368);
#6513=VERTEX_POINT('',#15370);
#6514=VERTEX_POINT('',#15372);
#6515=VERTEX_POINT('',#15374);
#6516=VERTEX_POINT('',#15376);
#6517=VERTEX_POINT('',#15378);
#6518=VERTEX_POINT('',#15380);
#6519=VERTEX_POINT('',#15382);
#6520=VERTEX_POINT('',#15384);
#6521=VERTEX_POINT('',#15386);
#6522=VERTEX_POINT('',#15388);
#6523=VERTEX_POINT('',#15390);
#6524=VERTEX_POINT('',#15392);
#6525=VERTEX_POINT('',#15394);
#6526=VERTEX_POINT('',#15396);
#6527=VERTEX_POINT('',#15398);
#6528=VERTEX_POINT('',#15400);
#6529=VERTEX_POINT('',#15402);
#6530=VERTEX_POINT('',#15404);
#6531=VERTEX_POINT('',#15406);
#6532=VERTEX_POINT('',#15408);
#6533=VERTEX_POINT('',#15410);
#6534=VERTEX_POINT('',#15412);
#6535=VERTEX_POINT('',#15414);
#6536=VERTEX_POINT('',#15416);
#6537=VERTEX_POINT('',#15418);
#6538=VERTEX_POINT('',#15420);
#6539=VERTEX_POINT('',#15422);
#6540=VERTEX_POINT('',#15424);
#6541=VERTEX_POINT('',#15426);
#6542=VERTEX_POINT('',#15428);
#6543=VERTEX_POINT('',#15430);
#6544=VERTEX_POINT('',#15432);
#6545=VERTEX_POINT('',#15434);
#6546=VERTEX_POINT('',#15436);
#6547=VERTEX_POINT('',#15438);
#6548=VERTEX_POINT('',#15440);
#6549=VERTEX_POINT('',#15442);
#6550=VERTEX_POINT('',#15444);
#6551=VERTEX_POINT('',#15446);
#6552=VERTEX_POINT('',#15448);
#6553=VERTEX_POINT('',#15450);
#6554=VERTEX_POINT('',#15452);
#6555=VERTEX_POINT('',#15454);
#6556=VERTEX_POINT('',#15456);
#6557=VERTEX_POINT('',#15458);
#6558=VERTEX_POINT('',#15460);
#6559=VERTEX_POINT('',#15462);
#6560=VERTEX_POINT('',#15464);
#6561=VERTEX_POINT('',#15466);
#6562=VERTEX_POINT('',#15468);
#6563=VERTEX_POINT('',#15470);
#6564=VERTEX_POINT('',#15472);
#6565=VERTEX_POINT('',#15474);
#6566=VERTEX_POINT('',#15476);
#6567=VERTEX_POINT('',#15478);
#6568=VERTEX_POINT('',#15480);
#6569=VERTEX_POINT('',#15482);
#6570=VERTEX_POINT('',#15484);
#6571=VERTEX_POINT('',#15486);
#6572=VERTEX_POINT('',#15488);
#6573=VERTEX_POINT('',#15490);
#6574=VERTEX_POINT('',#15492);
#6575=VERTEX_POINT('',#15494);
#6576=VERTEX_POINT('',#15496);
#6577=VERTEX_POINT('',#15498);
#6578=VERTEX_POINT('',#15500);
#6579=VERTEX_POINT('',#15502);
#6580=VERTEX_POINT('',#15504);
#6581=VERTEX_POINT('',#15506);
#6582=VERTEX_POINT('',#15508);
#6583=VERTEX_POINT('',#15510);
#6584=VERTEX_POINT('',#15512);
#6585=VERTEX_POINT('',#15514);
#6586=VERTEX_POINT('',#15516);
#6587=VERTEX_POINT('',#15518);
#6588=VERTEX_POINT('',#15520);
#6589=VERTEX_POINT('',#15522);
#6590=VERTEX_POINT('',#15524);
#6591=VERTEX_POINT('',#15526);
#6592=VERTEX_POINT('',#15528);
#6593=VERTEX_POINT('',#15530);
#6594=VERTEX_POINT('',#15532);
#6595=VERTEX_POINT('',#15534);
#6596=VERTEX_POINT('',#15536);
#6597=VERTEX_POINT('',#15538);
#6598=VERTEX_POINT('',#15540);
#6599=VERTEX_POINT('',#15542);
#6600=VERTEX_POINT('',#15544);
#6601=VERTEX_POINT('',#15546);
#6602=VERTEX_POINT('',#15548);
#6603=VERTEX_POINT('',#15550);
#6604=VERTEX_POINT('',#15552);
#6605=VERTEX_POINT('',#15554);
#6606=VERTEX_POINT('',#15556);
#6607=VERTEX_POINT('',#15558);
#6608=VERTEX_POINT('',#15560);
#6609=VERTEX_POINT('',#15562);
#6610=VERTEX_POINT('',#15564);
#6611=VERTEX_POINT('',#15566);
#6612=VERTEX_POINT('',#15568);
#6613=VERTEX_POINT('',#15570);
#6614=VERTEX_POINT('',#15572);
#6615=VERTEX_POINT('',#15574);
#6616=VERTEX_POINT('',#15578);
#6617=VERTEX_POINT('',#15580);
#6618=VERTEX_POINT('',#15584);
#6619=VERTEX_POINT('',#15586);
#6620=VERTEX_POINT('',#15588);
#6621=VERTEX_POINT('',#15590);
#6622=VERTEX_POINT('',#15592);
#6623=VERTEX_POINT('',#15594);
#6624=VERTEX_POINT('',#15596);
#6625=VERTEX_POINT('',#15598);
#6626=VERTEX_POINT('',#15600);
#6627=VERTEX_POINT('',#15602);
#6628=VERTEX_POINT('',#15606);
#6629=VERTEX_POINT('',#15607);
#6630=VERTEX_POINT('',#15609);
#6631=VERTEX_POINT('',#15611);
#6632=VERTEX_POINT('',#15615);
#6633=VERTEX_POINT('',#15617);
#6634=VERTEX_POINT('',#15619);
#6635=VERTEX_POINT('',#15621);
#6636=VERTEX_POINT('',#15623);
#6637=VERTEX_POINT('',#15627);
#6638=VERTEX_POINT('',#15628);
#6639=VERTEX_POINT('',#15630);
#6640=VERTEX_POINT('',#15632);
#6641=VERTEX_POINT('',#15634);
#6642=VERTEX_POINT('',#15636);
#6643=VERTEX_POINT('',#15638);
#6644=VERTEX_POINT('',#16735);
#6645=VERTEX_POINT('',#16737);
#6646=VERTEX_POINT('',#16745);
#6647=VERTEX_POINT('',#16748);
#6648=VERTEX_POINT('',#16751);
#6649=VERTEX_POINT('',#16754);
#6650=VERTEX_POINT('',#16760);
#6651=VERTEX_POINT('',#16761);
#6652=VERTEX_POINT('',#16767);
#6653=VERTEX_POINT('',#16770);
#6654=VERTEX_POINT('',#16786);
#6655=VERTEX_POINT('',#16787);
#6656=VERTEX_POINT('',#16789);
#6657=VERTEX_POINT('',#16791);
#6658=VERTEX_POINT('',#16793);
#6659=VERTEX_POINT('',#16795);
#6660=VERTEX_POINT('',#16798);
#6661=VERTEX_POINT('',#16799);
#6662=VERTEX_POINT('',#16801);
#6663=VERTEX_POINT('',#16803);
#6664=VERTEX_POINT('',#16805);
#6665=VERTEX_POINT('',#16807);
#6666=VERTEX_POINT('',#16810);
#6667=VERTEX_POINT('',#16811);
#6668=VERTEX_POINT('',#16813);
#6669=VERTEX_POINT('',#16815);
#6670=VERTEX_POINT('',#16817);
#6671=VERTEX_POINT('',#16819);
#6672=VERTEX_POINT('',#16821);
#6673=VERTEX_POINT('',#16824);
#6674=VERTEX_POINT('',#16825);
#6675=VERTEX_POINT('',#16827);
#6676=VERTEX_POINT('',#16829);
#6677=VERTEX_POINT('',#16831);
#6678=VERTEX_POINT('',#16833);
#6679=VERTEX_POINT('',#16835);
#6680=VERTEX_POINT('',#16837);
#6681=VERTEX_POINT('',#16840);
#6682=VERTEX_POINT('',#16841);
#6683=VERTEX_POINT('',#16843);
#6684=VERTEX_POINT('',#16845);
#6685=VERTEX_POINT('',#16847);
#6686=VERTEX_POINT('',#16849);
#6687=VERTEX_POINT('',#16851);
#6688=VERTEX_POINT('',#16853);
#6689=VERTEX_POINT('',#16856);
#6690=VERTEX_POINT('',#16857);
#6691=VERTEX_POINT('',#16859);
#6692=VERTEX_POINT('',#16861);
#6693=VERTEX_POINT('',#16863);
#6694=VERTEX_POINT('',#16865);
#6695=VERTEX_POINT('',#16867);
#6696=VERTEX_POINT('',#16869);
#6697=VERTEX_POINT('',#16871);
#6698=VERTEX_POINT('',#16873);
#6699=VERTEX_POINT('',#16875);
#6700=VERTEX_POINT('',#16877);
#6701=VERTEX_POINT('',#16879);
#6702=VERTEX_POINT('',#16881);
#6703=VERTEX_POINT('',#16883);
#6704=VERTEX_POINT('',#16885);
#6705=VERTEX_POINT('',#16887);
#6706=VERTEX_POINT('',#16889);
#6707=VERTEX_POINT('',#16892);
#6708=VERTEX_POINT('',#16894);
#6709=VERTEX_POINT('',#16896);
#6710=VERTEX_POINT('',#16898);
#6711=VERTEX_POINT('',#16900);
#6712=VERTEX_POINT('',#16902);
#6713=VERTEX_POINT('',#16904);
#6714=VERTEX_POINT('',#16905);
#6715=VERTEX_POINT('',#16907);
#6716=VERTEX_POINT('',#16909);
#6717=VERTEX_POINT('',#16911);
#6718=VERTEX_POINT('',#16913);
#6719=VERTEX_POINT('',#16916);
#6720=VERTEX_POINT('',#16917);
#6721=VERTEX_POINT('',#16919);
#6722=VERTEX_POINT('',#16921);
#6723=VERTEX_POINT('',#16923);
#6724=VERTEX_POINT('',#16925);
#6725=VERTEX_POINT('',#16927);
#6726=VERTEX_POINT('',#16929);
#6727=VERTEX_POINT('',#16931);
#6728=VERTEX_POINT('',#16933);
#6729=VERTEX_POINT('',#16936);
#6730=VERTEX_POINT('',#16937);
#6731=VERTEX_POINT('',#16939);
#6732=VERTEX_POINT('',#16941);
#6733=VERTEX_POINT('',#16943);
#6734=VERTEX_POINT('',#16945);
#6735=VERTEX_POINT('',#16947);
#6736=VERTEX_POINT('',#16949);
#6737=VERTEX_POINT('',#16951);
#6738=VERTEX_POINT('',#16953);
#6739=VERTEX_POINT('',#16956);
#6740=VERTEX_POINT('',#16957);
#6741=VERTEX_POINT('',#16959);
#6742=VERTEX_POINT('',#16961);
#6743=VERTEX_POINT('',#16963);
#6744=VERTEX_POINT('',#16965);
#6745=VERTEX_POINT('',#16967);
#6746=VERTEX_POINT('',#16969);
#6747=VERTEX_POINT('',#16971);
#6748=VERTEX_POINT('',#16974);
#6749=VERTEX_POINT('',#16975);
#6750=VERTEX_POINT('',#16977);
#6751=VERTEX_POINT('',#16979);
#6752=VERTEX_POINT('',#16981);
#6753=VERTEX_POINT('',#16983);
#6754=VERTEX_POINT('',#16985);
#6755=VERTEX_POINT('',#16987);
#6756=VERTEX_POINT('',#16989);
#6757=VERTEX_POINT('',#16991);
#6758=VERTEX_POINT('',#16993);
#6759=VERTEX_POINT('',#16995);
#6760=VERTEX_POINT('',#16999);
#6761=VERTEX_POINT('',#17000);
#6762=VERTEX_POINT('',#17002);
#6763=VERTEX_POINT('',#17004);
#6764=VERTEX_POINT('',#17006);
#6765=VERTEX_POINT('',#17008);
#6766=VERTEX_POINT('',#17010);
#6767=VERTEX_POINT('',#17012);
#6768=VERTEX_POINT('',#17014);
#6769=VERTEX_POINT('',#17016);
#6770=VERTEX_POINT('',#17019);
#6771=VERTEX_POINT('',#17020);
#6772=VERTEX_POINT('',#17022);
#6773=VERTEX_POINT('',#17024);
#6774=VERTEX_POINT('',#17026);
#6775=VERTEX_POINT('',#17028);
#6776=VERTEX_POINT('',#17031);
#6777=VERTEX_POINT('',#17032);
#6778=VERTEX_POINT('',#17034);
#6779=VERTEX_POINT('',#17036);
#6780=VERTEX_POINT('',#17038);
#6781=VERTEX_POINT('',#17040);
#6782=VERTEX_POINT('',#17042);
#6783=VERTEX_POINT('',#17045);
#6784=VERTEX_POINT('',#17046);
#6785=VERTEX_POINT('',#17048);
#6786=VERTEX_POINT('',#17050);
#6787=VERTEX_POINT('',#17052);
#6788=VERTEX_POINT('',#17054);
#6789=VERTEX_POINT('',#17056);
#6790=VERTEX_POINT('',#17058);
#6791=VERTEX_POINT('',#17061);
#6792=VERTEX_POINT('',#17062);
#6793=VERTEX_POINT('',#17064);
#6794=VERTEX_POINT('',#17066);
#6795=VERTEX_POINT('',#17068);
#6796=VERTEX_POINT('',#17070);
#6797=VERTEX_POINT('',#17072);
#6798=VERTEX_POINT('',#17074);
#6799=VERTEX_POINT('',#17077);
#6800=VERTEX_POINT('',#17078);
#6801=VERTEX_POINT('',#17080);
#6802=VERTEX_POINT('',#17082);
#6803=VERTEX_POINT('',#17084);
#6804=VERTEX_POINT('',#17086);
#6805=VERTEX_POINT('',#17088);
#6806=VERTEX_POINT('',#17090);
#6807=VERTEX_POINT('',#17092);
#6808=VERTEX_POINT('',#17094);
#6809=VERTEX_POINT('',#17096);
#6810=VERTEX_POINT('',#17098);
#6811=VERTEX_POINT('',#17100);
#6812=VERTEX_POINT('',#17102);
#6813=VERTEX_POINT('',#17104);
#6814=VERTEX_POINT('',#17106);
#6815=VERTEX_POINT('',#17108);
#6816=VERTEX_POINT('',#17110);
#6817=VERTEX_POINT('',#17113);
#6818=VERTEX_POINT('',#17115);
#6819=VERTEX_POINT('',#17117);
#6820=VERTEX_POINT('',#17119);
#6821=VERTEX_POINT('',#17121);
#6822=VERTEX_POINT('',#17123);
#6823=VERTEX_POINT('',#17125);
#6824=VERTEX_POINT('',#17126);
#6825=VERTEX_POINT('',#17128);
#6826=VERTEX_POINT('',#17130);
#6827=VERTEX_POINT('',#17132);
#6828=VERTEX_POINT('',#17134);
#6829=VERTEX_POINT('',#17137);
#6830=VERTEX_POINT('',#17138);
#6831=VERTEX_POINT('',#17140);
#6832=VERTEX_POINT('',#17142);
#6833=VERTEX_POINT('',#17144);
#6834=VERTEX_POINT('',#17146);
#6835=VERTEX_POINT('',#17148);
#6836=VERTEX_POINT('',#17150);
#6837=VERTEX_POINT('',#17152);
#6838=VERTEX_POINT('',#17154);
#6839=VERTEX_POINT('',#17157);
#6840=VERTEX_POINT('',#17158);
#6841=VERTEX_POINT('',#17160);
#6842=VERTEX_POINT('',#17162);
#6843=VERTEX_POINT('',#17164);
#6844=VERTEX_POINT('',#17166);
#6845=VERTEX_POINT('',#17168);
#6846=VERTEX_POINT('',#17170);
#6847=VERTEX_POINT('',#17172);
#6848=VERTEX_POINT('',#17175);
#6849=VERTEX_POINT('',#17176);
#6850=VERTEX_POINT('',#17178);
#6851=VERTEX_POINT('',#17180);
#6852=VERTEX_POINT('',#17182);
#6853=VERTEX_POINT('',#17184);
#6854=VERTEX_POINT('',#17186);
#6855=VERTEX_POINT('',#17188);
#6856=VERTEX_POINT('',#17190);
#6857=VERTEX_POINT('',#17192);
#6858=VERTEX_POINT('',#17194);
#6859=VERTEX_POINT('',#17196);
#6860=VERTEX_POINT('',#17199);
#6861=VERTEX_POINT('',#17200);
#6862=VERTEX_POINT('',#17202);
#6863=VERTEX_POINT('',#17204);
#6864=VERTEX_POINT('',#17206);
#6865=VERTEX_POINT('',#17208);
#6866=CIRCLE('',#9437,0.009525);
#6867=CIRCLE('',#9438,0.23749);
#6868=CIRCLE('',#9439,0.0797558363718417);
#6869=CIRCLE('',#9440,0.000405043635679138);
#6870=CIRCLE('',#9441,0.2346324999886);
#6871=CIRCLE('',#9442,0.000405043635679138);
#6872=CIRCLE('',#9443,0.079755836371072);
#6873=CIRCLE('',#9444,0.23749);
#6874=CIRCLE('',#9445,0.0797558363703153);
#6875=CIRCLE('',#9446,0.000405043635679138);
#6876=CIRCLE('',#9447,0.2346324999886);
#6877=CIRCLE('',#9448,0.000405043635679138);
#6878=CIRCLE('',#9449,0.0797558363698751);
#6879=CIRCLE('',#9450,0.23749);
#6880=CIRCLE('',#9451,0.0797558363707897);
#6881=CIRCLE('',#9452,0.000405043635679138);
#6882=CIRCLE('',#9453,0.2346324999886);
#6883=CIRCLE('',#9454,0.000405043635679138);
#6884=CIRCLE('',#9455,0.0797558363732071);
#6885=CIRCLE('',#9456,0.23749);
#6886=CIRCLE('',#9457,0.0797558363718052);
#6887=CIRCLE('',#9458,0.000405043635679138);
#6888=CIRCLE('',#9459,0.2346324999886);
#6889=CIRCLE('',#9460,0.000405043635679138);
#6890=CIRCLE('',#9461,0.0797558363734139);
#6891=CIRCLE('',#9462,0.23749);
#6892=CIRCLE('',#9463,0.079755836372332);
#6893=CIRCLE('',#9464,0.000405043635679138);
#6894=CIRCLE('',#9465,0.2346324999886);
#6895=CIRCLE('',#9466,0.000405043635679138);
#6896=CIRCLE('',#9467,0.0797558363729634);
#6897=CIRCLE('',#9468,0.23749);
#6898=CIRCLE('',#9469,0.0797558363694684);
#6899=CIRCLE('',#9470,0.000405043635679138);
#6900=CIRCLE('',#9471,0.2346324999886);
#6901=CIRCLE('',#9472,0.000405043635679138);
#6902=CIRCLE('',#9473,0.0797558363741275);
#6903=CIRCLE('',#9474,0.23749);
#6904=CIRCLE('',#9475,0.0797558363715349);
#6905=CIRCLE('',#9476,0.000405043635679138);
#6906=CIRCLE('',#9477,0.2346324999886);
#6907=CIRCLE('',#9478,0.000405043635679138);
#6908=CIRCLE('',#9479,0.0797558363723588);
#6909=CIRCLE('',#9480,0.23749);
#6910=CIRCLE('',#9481,0.0797558363714936);
#6911=CIRCLE('',#9482,0.000405043635679138);
#6912=CIRCLE('',#9483,0.2346324999886);
#6913=CIRCLE('',#9484,0.000405043635679138);
#6914=CIRCLE('',#9485,0.0797558363737109);
#6915=CIRCLE('',#9486,0.23749);
#6916=CIRCLE('',#9487,0.0797558363699514);
#6917=CIRCLE('',#9488,0.000405043635679138);
#6918=CIRCLE('',#9489,0.2346324999886);
#6919=CIRCLE('',#9490,0.000405043635679138);
#6920=CIRCLE('',#9491,0.0797558363740142);
#6921=CIRCLE('',#9492,0.23749);
#6922=CIRCLE('',#9493,0.0797558363742116);
#6923=CIRCLE('',#9494,0.000405043635679138);
#6924=CIRCLE('',#9495,0.2346324999886);
#6925=CIRCLE('',#9496,0.000405043635679138);
#6926=CIRCLE('',#9497,0.0797558363729999);
#6927=CIRCLE('',#9498,0.23749);
#6928=CIRCLE('',#9499,0.0797558363713187);
#6929=CIRCLE('',#9500,0.000405043635679138);
#6930=CIRCLE('',#9501,0.2346324999886);
#6931=CIRCLE('',#9502,0.000405043635679138);
#6932=CIRCLE('',#9503,0.079755836373069);
#6933=CIRCLE('',#9504,0.23749);
#6934=CIRCLE('',#9505,0.0797558363713294);
#6935=CIRCLE('',#9506,0.000405043635679138);
#6936=CIRCLE('',#9507,0.2346324999886);
#6937=CIRCLE('',#9508,0.000405043635679138);
#6938=CIRCLE('',#9509,0.0797558363705175);
#6939=CIRCLE('',#9510,0.23749);
#6940=CIRCLE('',#9511,0.0797558363721912);
#6941=CIRCLE('',#9512,0.000405043635679138);
#6942=CIRCLE('',#9513,0.2346324999886);
#6943=CIRCLE('',#9514,0.000405043635679138);
#6944=CIRCLE('',#9515,0.0797558363723055);
#6945=CIRCLE('',#9516,0.23749);
#6946=CIRCLE('',#9517,0.0797558363737456);
#6947=CIRCLE('',#9518,0.000405043635679138);
#6948=CIRCLE('',#9519,0.2346324999886);
#6949=CIRCLE('',#9520,0.000405043635679138);
#6950=CIRCLE('',#9521,0.0797558363721865);
#6951=CIRCLE('',#9522,0.23749);
#6952=CIRCLE('',#9523,0.0797558361533342);
#6953=CIRCLE('',#9524,0.000405043635679138);
#6954=CIRCLE('',#9525,0.2346324999886);
#6955=CIRCLE('',#9526,0.000405043635679138);
#6956=CIRCLE('',#9527,0.0797558363720512);
#6957=CIRCLE('',#9528,0.23749);
#6958=CIRCLE('',#9529,0.0797558363723628);
#6959=CIRCLE('',#9530,0.000405043635679138);
#6960=CIRCLE('',#9531,0.2346324999886);
#6961=CIRCLE('',#9532,0.000405043635679138);
#6962=CIRCLE('',#9533,0.0797558363731594);
#6963=CIRCLE('',#9534,0.23749);
#6964=CIRCLE('',#9535,0.0797558363702429);
#6965=CIRCLE('',#9536,0.000405043635679138);
#6966=CIRCLE('',#9537,0.2346324999886);
#6967=CIRCLE('',#9538,0.000405043635679138);
#6968=CIRCLE('',#9539,0.0797558363723085);
#6969=CIRCLE('',#9540,0.23749);
#6970=CIRCLE('',#9541,0.0797558363717377);
#6971=CIRCLE('',#9542,0.000405043635679138);
#6972=CIRCLE('',#9543,0.2346324999886);
#6973=CIRCLE('',#9544,0.000405043635679138);
#6974=CIRCLE('',#9545,0.0797558363745264);
#6975=CIRCLE('',#9546,0.23749);
#6976=CIRCLE('',#9547,0.079755836369337);
#6977=CIRCLE('',#9548,0.000405043635679138);
#6978=CIRCLE('',#9549,0.2346324999886);
#6979=CIRCLE('',#9550,0.000405043635679138);
#6980=CIRCLE('',#9551,0.0797558363729069);
#6981=CIRCLE('',#9552,0.23749);
#6982=CIRCLE('',#9553,0.0797558363738934);
#6983=CIRCLE('',#9554,0.000405043635679138);
#6984=CIRCLE('',#9555,0.2346324999886);
#6985=CIRCLE('',#9556,0.000405043635679138);
#6986=CIRCLE('',#9557,0.07975583637135);
#6987=CIRCLE('',#9558,0.23749);
#6988=CIRCLE('',#9559,0.0797558363719099);
#6989=CIRCLE('',#9560,0.000405043635679138);
#6990=CIRCLE('',#9561,0.2346324999886);
#6991=CIRCLE('',#9562,0.000405043635679138);
#6992=CIRCLE('',#9563,0.0797558363703859);
#6993=CIRCLE('',#9564,0.23749);
#6994=CIRCLE('',#9565,0.079755836372399);
#6995=CIRCLE('',#9566,0.000405043635679138);
#6996=CIRCLE('',#9567,0.2346324999886);
#6997=CIRCLE('',#9568,0.000405043635679138);
#6998=CIRCLE('',#9569,0.0797558363705126);
#6999=CIRCLE('',#9570,0.23749);
#7000=CIRCLE('',#9571,0.0797558363699186);
#7001=CIRCLE('',#9572,0.000405043635679138);
#7002=CIRCLE('',#9573,0.2346324999886);
#7003=CIRCLE('',#9574,0.000405043635679138);
#7004=CIRCLE('',#9575,0.0797558363727878);
#7005=CIRCLE('',#9576,0.23749);
#7006=CIRCLE('',#9577,0.0797558363742115);
#7007=CIRCLE('',#9578,0.000405043635679138);
#7008=CIRCLE('',#9579,0.2346324999886);
#7009=CIRCLE('',#9580,0.000405043635679138);
#7010=CIRCLE('',#9581,0.0797558363730302);
#7011=CIRCLE('',#9582,0.23749);
#7012=CIRCLE('',#9583,0.0797558354627787);
#7013=CIRCLE('',#9584,0.000405043635679138);
#7014=CIRCLE('',#9585,0.2346324999886);
#7015=CIRCLE('',#9586,0.000405043635679138);
#7016=CIRCLE('',#9587,0.0797558363738971);
#7017=CIRCLE('',#9588,0.23749);
#7018=CIRCLE('',#9589,0.0797558363733678);
#7019=CIRCLE('',#9590,0.000405043635679138);
#7020=CIRCLE('',#9591,0.2346324999886);
#7021=CIRCLE('',#9592,0.000405043635679138);
#7022=CIRCLE('',#9593,0.0797558363717618);
#7023=CIRCLE('',#9594,0.23749);
#7024=CIRCLE('',#9595,0.0797558363733136);
#7025=CIRCLE('',#9596,0.000405043635679138);
#7026=CIRCLE('',#9597,0.2346324999886);
#7027=CIRCLE('',#9598,0.000405043635679138);
#7028=CIRCLE('',#9599,0.0797558363727142);
#7029=CIRCLE('',#9600,0.23749);
#7030=CIRCLE('',#9601,0.0797558359686478);
#7031=CIRCLE('',#9602,0.000405043635679138);
#7032=CIRCLE('',#9603,0.2346324999886);
#7033=CIRCLE('',#9604,0.000405043635679138);
#7034=CIRCLE('',#9605,0.0797558363746215);
#7035=CIRCLE('',#9606,0.23749);
#7036=CIRCLE('',#9607,0.0797558363719873);
#7037=CIRCLE('',#9608,0.000405043635679138);
#7038=CIRCLE('',#9609,0.2346324999886);
#7039=CIRCLE('',#9610,0.000405043635679138);
#7040=CIRCLE('',#9611,0.0797558363713338);
#7041=CIRCLE('',#9612,0.23749);
#7042=CIRCLE('',#9613,0.0797558362807548);
#7043=CIRCLE('',#9614,0.000405043635679138);
#7044=CIRCLE('',#9615,0.2346324999886);
#7045=CIRCLE('',#9616,0.000405043635679138);
#7046=CIRCLE('',#9617,0.0797558363739892);
#7047=CIRCLE('',#9618,0.23749);
#7048=CIRCLE('',#9619,0.0797558363713855);
#7049=CIRCLE('',#9620,0.000405043635679138);
#7050=CIRCLE('',#9621,0.2346324999886);
#7051=CIRCLE('',#9622,0.000405043635679138);
#7052=CIRCLE('',#9623,0.079755836372389);
#7053=CIRCLE('',#9624,0.23749);
#7054=CIRCLE('',#9625,0.0797558362650036);
#7055=CIRCLE('',#9626,0.000405043635679138);
#7056=CIRCLE('',#9627,0.2346324999886);
#7057=CIRCLE('',#9628,0.000405043635679138);
#7058=CIRCLE('',#9629,0.0797558363712808);
#7059=CIRCLE('',#9630,0.23749);
#7060=CIRCLE('',#9631,0.0797558363737541);
#7061=CIRCLE('',#9632,0.000405043635679138);
#7062=CIRCLE('',#9633,0.2346324999886);
#7063=CIRCLE('',#9634,0.000405043635679138);
#7064=CIRCLE('',#9635,0.0797558363701983);
#7065=CIRCLE('',#9636,0.23749);
#7066=CIRCLE('',#9637,0.0797558363709905);
#7067=CIRCLE('',#9638,0.000405043635679138);
#7068=CIRCLE('',#9639,0.2346324999886);
#7069=CIRCLE('',#9640,0.000405043635679138);
#7070=CIRCLE('',#9641,0.079755836370689);
#7071=CIRCLE('',#9642,0.23749);
#7072=CIRCLE('',#9643,0.0797558363710806);
#7073=CIRCLE('',#9644,0.000405043635679138);
#7074=CIRCLE('',#9645,0.2346324999886);
#7075=CIRCLE('',#9646,0.000405043635679138);
#7076=CIRCLE('',#9647,0.0797558363710574);
#7077=CIRCLE('',#9648,0.23749);
#7078=CIRCLE('',#9649,0.0797558363733464);
#7079=CIRCLE('',#9650,0.000405043635679138);
#7080=CIRCLE('',#9651,0.2346324999886);
#7081=CIRCLE('',#9652,0.000405043635679138);
#7082=CIRCLE('',#9653,0.0797558363715897);
#7083=CIRCLE('',#9654,0.23749);
#7084=CIRCLE('',#9655,0.0797558352480398);
#7085=CIRCLE('',#9656,0.000405043635679138);
#7086=CIRCLE('',#9657,0.2346324999886);
#7087=CIRCLE('',#9658,0.000405043635679138);
#7088=CIRCLE('',#9659,0.0797558363735371);
#7089=CIRCLE('',#9660,0.23749);
#7090=CIRCLE('',#9661,0.0797558363722858);
#7091=CIRCLE('',#9662,0.000405043635679138);
#7092=CIRCLE('',#9663,0.2346324999886);
#7093=CIRCLE('',#9664,0.000405043635679138);
#7094=CIRCLE('',#9665,0.0797558363723256);
#7095=CIRCLE('',#9666,0.23749);
#7096=CIRCLE('',#9667,0.0797558358009079);
#7097=CIRCLE('',#9668,0.000405043635679138);
#7098=CIRCLE('',#9669,0.2346324999886);
#7099=CIRCLE('',#9670,0.000405043635679138);
#7100=CIRCLE('',#9671,0.079755836372028);
#7101=CIRCLE('',#9672,0.23749);
#7102=CIRCLE('',#9673,0.0797558363734681);
#7103=CIRCLE('',#9674,0.000405043635679138);
#7104=CIRCLE('',#9675,0.2346324999886);
#7105=CIRCLE('',#9676,0.000405043635679138);
#7106=CIRCLE('',#9677,0.0797558363722493);
#7107=CIRCLE('',#9678,0.23749);
#7108=CIRCLE('',#9679,0.0797558363708298);
#7109=CIRCLE('',#9680,0.000405043635679138);
#7110=CIRCLE('',#9681,0.2346324999886);
#7111=CIRCLE('',#9682,0.000405043635679138);
#7112=CIRCLE('',#9683,0.0797558355999675);
#7113=CIRCLE('',#9684,0.23749);
#7114=CIRCLE('',#9685,0.0797558363699296);
#7115=CIRCLE('',#9686,0.000405043635679138);
#7116=CIRCLE('',#9687,0.2346324999886);
#7117=CIRCLE('',#9688,0.000405043635679138);
#7118=CIRCLE('',#9689,0.0797558363725683);
#7119=CIRCLE('',#9690,0.23749);
#7120=CIRCLE('',#9691,0.0797558363713326);
#7121=CIRCLE('',#9692,0.000405043635679138);
#7122=CIRCLE('',#9693,0.2346324999886);
#7123=CIRCLE('',#9694,0.000405043635679138);
#7124=CIRCLE('',#9695,0.079755836371958);
#7125=CIRCLE('',#9696,0.23749);
#7126=CIRCLE('',#9697,0.0797558363722116);
#7127=CIRCLE('',#9698,0.000405043635679138);
#7128=CIRCLE('',#9699,0.2346324999886);
#7129=CIRCLE('',#9700,0.000405043635679138);
#7130=CIRCLE('',#9701,0.0797558363729169);
#7131=CIRCLE('',#9702,0.23749);
#7132=CIRCLE('',#9703,0.0797558363708727);
#7133=CIRCLE('',#9704,0.000405043635679138);
#7134=CIRCLE('',#9705,0.2346324999886);
#7135=CIRCLE('',#9706,0.000405043635679138);
#7136=CIRCLE('',#9707,0.0797558363723482);
#7137=CIRCLE('',#9708,0.23749);
#7138=CIRCLE('',#9709,0.0797558363726302);
#7139=CIRCLE('',#9710,0.000405043635679138);
#7140=CIRCLE('',#9711,0.2346324999886);
#7141=CIRCLE('',#9712,0.000405043635679138);
#7142=CIRCLE('',#9713,0.0797558363728819);
#7143=CIRCLE('',#9714,0.23749);
#7144=CIRCLE('',#9715,0.079755836373124);
#7145=CIRCLE('',#9716,0.000405043635679138);
#7146=CIRCLE('',#9717,0.2346324999886);
#7147=CIRCLE('',#9718,0.000405043635679138);
#7148=CIRCLE('',#9719,0.079755836372438);
#7149=CIRCLE('',#9720,0.23749);
#7150=CIRCLE('',#9721,0.0797558363725423);
#7151=CIRCLE('',#9722,0.000405043635679138);
#7152=CIRCLE('',#9723,0.2346324999886);
#7153=CIRCLE('',#9724,0.000405043635679138);
#7154=CIRCLE('',#9725,0.0797558356569);
#7155=CIRCLE('',#9726,0.23749);
#7156=CIRCLE('',#9727,0.0797558363727487);
#7157=CIRCLE('',#9728,0.000405043635679138);
#7158=CIRCLE('',#9729,0.2346324999886);
#7159=CIRCLE('',#9730,0.000405043635679138);
#7160=CIRCLE('',#9731,0.0797558363723589);
#7161=CIRCLE('',#9732,0.23749);
#7162=CIRCLE('',#9733,0.0797558363720202);
#7163=CIRCLE('',#9734,0.000405043635679138);
#7164=CIRCLE('',#9735,0.2346324999886);
#7165=CIRCLE('',#9736,0.000405043635679138);
#7166=CIRCLE('',#9737,0.0797558363722802);
#7167=CIRCLE('',#9738,0.23749);
#7168=CIRCLE('',#9739,0.0797558363720687);
#7169=CIRCLE('',#9740,0.000405043635679138);
#7170=CIRCLE('',#9741,0.2346324999886);
#7171=CIRCLE('',#9742,0.000405043635679138);
#7172=CIRCLE('',#9743,0.0797558363723488);
#7173=CIRCLE('',#9744,0.23749);
#7174=CIRCLE('',#9745,0.079755836373058);
#7175=CIRCLE('',#9746,0.000405043635679138);
#7176=CIRCLE('',#9747,0.2346324999886);
#7177=CIRCLE('',#9748,0.000405043635679138);
#7178=CIRCLE('',#9749,0.0797558363729324);
#7179=CIRCLE('',#9750,0.23749);
#7180=CIRCLE('',#9751,0.0797558363710516);
#7181=CIRCLE('',#9752,0.000405043635679138);
#7182=CIRCLE('',#9753,0.2346324999886);
#7183=CIRCLE('',#9754,0.000405043635679138);
#7184=CIRCLE('',#9755,0.0797558363727636);
#7185=CIRCLE('',#9756,0.23749);
#7186=CIRCLE('',#9757,0.0797558363726215);
#7187=CIRCLE('',#9758,0.000405043635679138);
#7188=CIRCLE('',#9759,0.2346324999886);
#7189=CIRCLE('',#9760,0.000405043635679138);
#7190=CIRCLE('',#9761,0.0797558363727653);
#7191=CIRCLE('',#9762,0.23749);
#7192=CIRCLE('',#9763,0.0797558348980228);
#7193=CIRCLE('',#9764,0.000405043635679138);
#7194=CIRCLE('',#9765,0.2346324999886);
#7195=CIRCLE('',#9766,0.000405043635679138);
#7196=CIRCLE('',#9767,0.0797558363726012);
#7197=CIRCLE('',#9768,0.23749);
#7198=CIRCLE('',#9769,0.0797558363717182);
#7199=CIRCLE('',#9770,0.000405043635679138);
#7200=CIRCLE('',#9771,0.2346324999886);
#7201=CIRCLE('',#9772,0.000405043635679138);
#7202=CIRCLE('',#9773,0.0797558359455476);
#7203=CIRCLE('',#9774,0.23749);
#7204=CIRCLE('',#9775,0.0797558363717019);
#7205=CIRCLE('',#9776,0.000405043635679138);
#7206=CIRCLE('',#9777,0.2346324999886);
#7207=CIRCLE('',#9778,0.000405043635679138);
#7208=CIRCLE('',#9779,0.0797558363726566);
#7209=CIRCLE('',#9780,0.23749);
#7210=CIRCLE('',#9781,0.0797558363723733);
#7211=CIRCLE('',#9782,0.000405043635679138);
#7212=CIRCLE('',#9783,0.2346324999886);
#7213=CIRCLE('',#9784,0.000405043635679138);
#7214=CIRCLE('',#9785,0.0797558349589446);
#7215=CIRCLE('',#9786,0.23749);
#7216=CIRCLE('',#9787,0.0797558363728531);
#7217=CIRCLE('',#9788,0.000405043635679138);
#7218=CIRCLE('',#9789,0.2346324999886);
#7219=CIRCLE('',#9790,0.000405043635679138);
#7220=CIRCLE('',#9791,0.0797558363726609);
#7221=CIRCLE('',#9792,0.23749);
#7222=CIRCLE('',#9793,0.0797558348986378);
#7223=CIRCLE('',#9794,0.000405043635679138);
#7224=CIRCLE('',#9795,0.2346324999886);
#7225=CIRCLE('',#9796,0.000405043635679138);
#7226=CIRCLE('',#9797,0.079755835406882);
#7227=CIRCLE('',#9798,0.23749);
#7228=CIRCLE('',#9799,0.0797558363716161);
#7229=CIRCLE('',#9800,0.00508);
#7230=CIRCLE('',#9801,0.00508);
#7231=CIRCLE('',#9802,0.231648);
#7232=CIRCLE('',#9804,0.23749);
#7233=CIRCLE('',#9805,0.009525);
#7234=CIRCLE('',#9806,0.231648);
#7235=CIRCLE('',#9807,0.00508);
#7236=CIRCLE('',#9808,0.00508);
#7237=CIRCLE('',#9809,0.0797558363716161);
#7238=CIRCLE('',#9810,0.23749);
#7239=CIRCLE('',#9811,0.079755835406882);
#7240=CIRCLE('',#9812,0.000405043635679138);
#7241=CIRCLE('',#9813,0.2346324999886);
#7242=CIRCLE('',#9814,0.000405043635679138);
#7243=CIRCLE('',#9815,0.0797558348986378);
#7244=CIRCLE('',#9816,0.23749);
#7245=CIRCLE('',#9817,0.0797558363726609);
#7246=CIRCLE('',#9818,0.000405043635679138);
#7247=CIRCLE('',#9819,0.2346324999886);
#7248=CIRCLE('',#9820,0.000405043635679138);
#7249=CIRCLE('',#9821,0.0797558363728531);
#7250=CIRCLE('',#9822,0.23749);
#7251=CIRCLE('',#9823,0.0797558349589446);
#7252=CIRCLE('',#9824,0.000405043635679138);
#7253=CIRCLE('',#9825,0.2346324999886);
#7254=CIRCLE('',#9826,0.000405043635679138);
#7255=CIRCLE('',#9827,0.0797558363723733);
#7256=CIRCLE('',#9828,0.23749);
#7257=CIRCLE('',#9829,0.0797558363726566);
#7258=CIRCLE('',#9830,0.000405043635679138);
#7259=CIRCLE('',#9831,0.2346324999886);
#7260=CIRCLE('',#9832,0.000405043635679138);
#7261=CIRCLE('',#9833,0.0797558363717019);
#7262=CIRCLE('',#9834,0.23749);
#7263=CIRCLE('',#9835,0.0797558359455476);
#7264=CIRCLE('',#9836,0.000405043635679138);
#7265=CIRCLE('',#9837,0.2346324999886);
#7266=CIRCLE('',#9838,0.000405043635679138);
#7267=CIRCLE('',#9839,0.0797558363717182);
#7268=CIRCLE('',#9840,0.23749);
#7269=CIRCLE('',#9841,0.0797558363726012);
#7270=CIRCLE('',#9842,0.000405043635679138);
#7271=CIRCLE('',#9843,0.2346324999886);
#7272=CIRCLE('',#9844,0.000405043635679138);
#7273=CIRCLE('',#9845,0.0797558348980228);
#7274=CIRCLE('',#9846,0.23749);
#7275=CIRCLE('',#9847,0.0797558363727653);
#7276=CIRCLE('',#9848,0.000405043635679138);
#7277=CIRCLE('',#9849,0.2346324999886);
#7278=CIRCLE('',#9850,0.000405043635679138);
#7279=CIRCLE('',#9851,0.0797558363726215);
#7280=CIRCLE('',#9852,0.23749);
#7281=CIRCLE('',#9853,0.0797558363727636);
#7282=CIRCLE('',#9854,0.000405043635679138);
#7283=CIRCLE('',#9855,0.2346324999886);
#7284=CIRCLE('',#9856,0.000405043635679138);
#7285=CIRCLE('',#9857,0.0797558363710516);
#7286=CIRCLE('',#9858,0.23749);
#7287=CIRCLE('',#9859,0.0797558363729324);
#7288=CIRCLE('',#9860,0.000405043635679138);
#7289=CIRCLE('',#9861,0.2346324999886);
#7290=CIRCLE('',#9862,0.000405043635679138);
#7291=CIRCLE('',#9863,0.079755836373058);
#7292=CIRCLE('',#9864,0.23749);
#7293=CIRCLE('',#9865,0.0797558363723488);
#7294=CIRCLE('',#9866,0.000405043635679138);
#7295=CIRCLE('',#9867,0.2346324999886);
#7296=CIRCLE('',#9868,0.000405043635679138);
#7297=CIRCLE('',#9869,0.0797558363720687);
#7298=CIRCLE('',#9870,0.23749);
#7299=CIRCLE('',#9871,0.0797558363722802);
#7300=CIRCLE('',#9872,0.000405043635679138);
#7301=CIRCLE('',#9873,0.2346324999886);
#7302=CIRCLE('',#9874,0.000405043635679138);
#7303=CIRCLE('',#9875,0.0797558363720202);
#7304=CIRCLE('',#9876,0.23749);
#7305=CIRCLE('',#9877,0.0797558363723589);
#7306=CIRCLE('',#9878,0.000405043635679138);
#7307=CIRCLE('',#9879,0.2346324999886);
#7308=CIRCLE('',#9880,0.000405043635679138);
#7309=CIRCLE('',#9881,0.0797558363727487);
#7310=CIRCLE('',#9882,0.23749);
#7311=CIRCLE('',#9883,0.0797558356569);
#7312=CIRCLE('',#9884,0.000405043635679138);
#7313=CIRCLE('',#9885,0.2346324999886);
#7314=CIRCLE('',#9886,0.000405043635679138);
#7315=CIRCLE('',#9887,0.0797558363725423);
#7316=CIRCLE('',#9888,0.23749);
#7317=CIRCLE('',#9889,0.079755836372438);
#7318=CIRCLE('',#9890,0.000405043635679138);
#7319=CIRCLE('',#9891,0.2346324999886);
#7320=CIRCLE('',#9892,0.000405043635679138);
#7321=CIRCLE('',#9893,0.079755836373124);
#7322=CIRCLE('',#9894,0.23749);
#7323=CIRCLE('',#9895,0.0797558363728819);
#7324=CIRCLE('',#9896,0.000405043635679138);
#7325=CIRCLE('',#9897,0.2346324999886);
#7326=CIRCLE('',#9898,0.000405043635679138);
#7327=CIRCLE('',#9899,0.0797558363726302);
#7328=CIRCLE('',#9900,0.23749);
#7329=CIRCLE('',#9901,0.0797558363723482);
#7330=CIRCLE('',#9902,0.000405043635679138);
#7331=CIRCLE('',#9903,0.2346324999886);
#7332=CIRCLE('',#9904,0.000405043635679138);
#7333=CIRCLE('',#9905,0.0797558363708727);
#7334=CIRCLE('',#9906,0.23749);
#7335=CIRCLE('',#9907,0.0797558363729169);
#7336=CIRCLE('',#9908,0.000405043635679138);
#7337=CIRCLE('',#9909,0.2346324999886);
#7338=CIRCLE('',#9910,0.000405043635679138);
#7339=CIRCLE('',#9911,0.0797558363722116);
#7340=CIRCLE('',#9912,0.23749);
#7341=CIRCLE('',#9913,0.079755836371958);
#7342=CIRCLE('',#9914,0.000405043635679138);
#7343=CIRCLE('',#9915,0.2346324999886);
#7344=CIRCLE('',#9916,0.000405043635679138);
#7345=CIRCLE('',#9917,0.0797558363713326);
#7346=CIRCLE('',#9918,0.23749);
#7347=CIRCLE('',#9919,0.0797558363725683);
#7348=CIRCLE('',#9920,0.000405043635679138);
#7349=CIRCLE('',#9921,0.2346324999886);
#7350=CIRCLE('',#9922,0.000405043635679138);
#7351=CIRCLE('',#9923,0.0797558363699296);
#7352=CIRCLE('',#9924,0.23749);
#7353=CIRCLE('',#9925,0.0797558355999675);
#7354=CIRCLE('',#9926,0.000405043635679138);
#7355=CIRCLE('',#9927,0.2346324999886);
#7356=CIRCLE('',#9928,0.000405043635679138);
#7357=CIRCLE('',#9929,0.0797558363708298);
#7358=CIRCLE('',#9930,0.23749);
#7359=CIRCLE('',#9931,0.0797558363722493);
#7360=CIRCLE('',#9932,0.000405043635679138);
#7361=CIRCLE('',#9933,0.2346324999886);
#7362=CIRCLE('',#9934,0.000405043635679138);
#7363=CIRCLE('',#9935,0.0797558363734681);
#7364=CIRCLE('',#9936,0.23749);
#7365=CIRCLE('',#9937,0.079755836372028);
#7366=CIRCLE('',#9938,0.000405043635679138);
#7367=CIRCLE('',#9939,0.2346324999886);
#7368=CIRCLE('',#9940,0.000405043635679138);
#7369=CIRCLE('',#9941,0.0797558358009079);
#7370=CIRCLE('',#9942,0.23749);
#7371=CIRCLE('',#9943,0.0797558363723256);
#7372=CIRCLE('',#9944,0.000405043635679138);
#7373=CIRCLE('',#9945,0.2346324999886);
#7374=CIRCLE('',#9946,0.000405043635679138);
#7375=CIRCLE('',#9947,0.0797558363722858);
#7376=CIRCLE('',#9948,0.23749);
#7377=CIRCLE('',#9949,0.0797558363735371);
#7378=CIRCLE('',#9950,0.000405043635679138);
#7379=CIRCLE('',#9951,0.2346324999886);
#7380=CIRCLE('',#9952,0.000405043635679138);
#7381=CIRCLE('',#9953,0.0797558352480398);
#7382=CIRCLE('',#9954,0.23749);
#7383=CIRCLE('',#9955,0.0797558363715897);
#7384=CIRCLE('',#9956,0.000405043635679138);
#7385=CIRCLE('',#9957,0.2346324999886);
#7386=CIRCLE('',#9958,0.000405043635679138);
#7387=CIRCLE('',#9959,0.0797558363733464);
#7388=CIRCLE('',#9960,0.23749);
#7389=CIRCLE('',#9961,0.0797558363710574);
#7390=CIRCLE('',#9962,0.000405043635679138);
#7391=CIRCLE('',#9963,0.2346324999886);
#7392=CIRCLE('',#9964,0.000405043635679138);
#7393=CIRCLE('',#9965,0.0797558363710806);
#7394=CIRCLE('',#9966,0.23749);
#7395=CIRCLE('',#9967,0.079755836370689);
#7396=CIRCLE('',#9968,0.000405043635679138);
#7397=CIRCLE('',#9969,0.2346324999886);
#7398=CIRCLE('',#9970,0.000405043635679138);
#7399=CIRCLE('',#9971,0.0797558363709905);
#7400=CIRCLE('',#9972,0.23749);
#7401=CIRCLE('',#9973,0.0797558363701983);
#7402=CIRCLE('',#9974,0.000405043635679138);
#7403=CIRCLE('',#9975,0.2346324999886);
#7404=CIRCLE('',#9976,0.000405043635679138);
#7405=CIRCLE('',#9977,0.0797558363737541);
#7406=CIRCLE('',#9978,0.23749);
#7407=CIRCLE('',#9979,0.0797558363712808);
#7408=CIRCLE('',#9980,0.000405043635679138);
#7409=CIRCLE('',#9981,0.2346324999886);
#7410=CIRCLE('',#9982,0.000405043635679138);
#7411=CIRCLE('',#9983,0.0797558362650036);
#7412=CIRCLE('',#9984,0.23749);
#7413=CIRCLE('',#9985,0.079755836372389);
#7414=CIRCLE('',#9986,0.000405043635679138);
#7415=CIRCLE('',#9987,0.2346324999886);
#7416=CIRCLE('',#9988,0.000405043635679138);
#7417=CIRCLE('',#9989,0.0797558363713855);
#7418=CIRCLE('',#9990,0.23749);
#7419=CIRCLE('',#9991,0.0797558363739892);
#7420=CIRCLE('',#9992,0.000405043635679138);
#7421=CIRCLE('',#9993,0.2346324999886);
#7422=CIRCLE('',#9994,0.000405043635679138);
#7423=CIRCLE('',#9995,0.0797558362807548);
#7424=CIRCLE('',#9996,0.23749);
#7425=CIRCLE('',#9997,0.0797558363713338);
#7426=CIRCLE('',#9998,0.000405043635679138);
#7427=CIRCLE('',#9999,0.2346324999886);
#7428=CIRCLE('',#10000,0.000405043635679138);
#7429=CIRCLE('',#10001,0.0797558363719873);
#7430=CIRCLE('',#10002,0.23749);
#7431=CIRCLE('',#10003,0.0797558363746215);
#7432=CIRCLE('',#10004,0.000405043635679138);
#7433=CIRCLE('',#10005,0.2346324999886);
#7434=CIRCLE('',#10006,0.000405043635679138);
#7435=CIRCLE('',#10007,0.0797558359686478);
#7436=CIRCLE('',#10008,0.23749);
#7437=CIRCLE('',#10009,0.0797558363727142);
#7438=CIRCLE('',#10010,0.000405043635679138);
#7439=CIRCLE('',#10011,0.2346324999886);
#7440=CIRCLE('',#10012,0.000405043635679138);
#7441=CIRCLE('',#10013,0.0797558363733136);
#7442=CIRCLE('',#10014,0.23749);
#7443=CIRCLE('',#10015,0.0797558363717618);
#7444=CIRCLE('',#10016,0.000405043635679138);
#7445=CIRCLE('',#10017,0.2346324999886);
#7446=CIRCLE('',#10018,0.000405043635679138);
#7447=CIRCLE('',#10019,0.0797558363733678);
#7448=CIRCLE('',#10020,0.23749);
#7449=CIRCLE('',#10021,0.0797558363738971);
#7450=CIRCLE('',#10022,0.000405043635679138);
#7451=CIRCLE('',#10023,0.2346324999886);
#7452=CIRCLE('',#10024,0.000405043635679138);
#7453=CIRCLE('',#10025,0.0797558354627787);
#7454=CIRCLE('',#10026,0.23749);
#7455=CIRCLE('',#10027,0.0797558363730302);
#7456=CIRCLE('',#10028,0.000405043635679138);
#7457=CIRCLE('',#10029,0.2346324999886);
#7458=CIRCLE('',#10030,0.000405043635679138);
#7459=CIRCLE('',#10031,0.0797558363742115);
#7460=CIRCLE('',#10032,0.23749);
#7461=CIRCLE('',#10033,0.0797558363727878);
#7462=CIRCLE('',#10034,0.000405043635679138);
#7463=CIRCLE('',#10035,0.2346324999886);
#7464=CIRCLE('',#10036,0.000405043635679138);
#7465=CIRCLE('',#10037,0.0797558363699186);
#7466=CIRCLE('',#10038,0.23749);
#7467=CIRCLE('',#10039,0.0797558363705126);
#7468=CIRCLE('',#10040,0.000405043635679138);
#7469=CIRCLE('',#10041,0.2346324999886);
#7470=CIRCLE('',#10042,0.000405043635679138);
#7471=CIRCLE('',#10043,0.079755836372399);
#7472=CIRCLE('',#10044,0.23749);
#7473=CIRCLE('',#10045,0.0797558363703859);
#7474=CIRCLE('',#10046,0.000405043635679138);
#7475=CIRCLE('',#10047,0.2346324999886);
#7476=CIRCLE('',#10048,0.000405043635679138);
#7477=CIRCLE('',#10049,0.0797558363719099);
#7478=CIRCLE('',#10050,0.23749);
#7479=CIRCLE('',#10051,0.07975583637135);
#7480=CIRCLE('',#10052,0.000405043635679138);
#7481=CIRCLE('',#10053,0.2346324999886);
#7482=CIRCLE('',#10054,0.000405043635679138);
#7483=CIRCLE('',#10055,0.0797558363738934);
#7484=CIRCLE('',#10056,0.23749);
#7485=CIRCLE('',#10057,0.0797558363729069);
#7486=CIRCLE('',#10058,0.000405043635679138);
#7487=CIRCLE('',#10059,0.2346324999886);
#7488=CIRCLE('',#10060,0.000405043635679138);
#7489=CIRCLE('',#10061,0.079755836369337);
#7490=CIRCLE('',#10062,0.23749);
#7491=CIRCLE('',#10063,0.0797558363745264);
#7492=CIRCLE('',#10064,0.000405043635679138);
#7493=CIRCLE('',#10065,0.2346324999886);
#7494=CIRCLE('',#10066,0.000405043635679138);
#7495=CIRCLE('',#10067,0.0797558363717377);
#7496=CIRCLE('',#10068,0.23749);
#7497=CIRCLE('',#10069,0.0797558363723085);
#7498=CIRCLE('',#10070,0.000405043635679138);
#7499=CIRCLE('',#10071,0.2346324999886);
#7500=CIRCLE('',#10072,0.000405043635679138);
#7501=CIRCLE('',#10073,0.0797558363702429);
#7502=CIRCLE('',#10074,0.23749);
#7503=CIRCLE('',#10075,0.0797558363731594);
#7504=CIRCLE('',#10076,0.000405043635679138);
#7505=CIRCLE('',#10077,0.2346324999886);
#7506=CIRCLE('',#10078,0.000405043635679138);
#7507=CIRCLE('',#10079,0.0797558363723628);
#7508=CIRCLE('',#10080,0.23749);
#7509=CIRCLE('',#10081,0.0797558363720512);
#7510=CIRCLE('',#10082,0.000405043635679138);
#7511=CIRCLE('',#10083,0.2346324999886);
#7512=CIRCLE('',#10084,0.000405043635679138);
#7513=CIRCLE('',#10085,0.0797558361533342);
#7514=CIRCLE('',#10086,0.23749);
#7515=CIRCLE('',#10087,0.0797558363721865);
#7516=CIRCLE('',#10088,0.000405043635679138);
#7517=CIRCLE('',#10089,0.2346324999886);
#7518=CIRCLE('',#10090,0.000405043635679138);
#7519=CIRCLE('',#10091,0.0797558363737456);
#7520=CIRCLE('',#10092,0.23749);
#7521=CIRCLE('',#10093,0.0797558363723055);
#7522=CIRCLE('',#10094,0.000405043635679138);
#7523=CIRCLE('',#10095,0.2346324999886);
#7524=CIRCLE('',#10096,0.000405043635679138);
#7525=CIRCLE('',#10097,0.0797558363721912);
#7526=CIRCLE('',#10098,0.23749);
#7527=CIRCLE('',#10099,0.0797558363705175);
#7528=CIRCLE('',#10100,0.000405043635679138);
#7529=CIRCLE('',#10101,0.2346324999886);
#7530=CIRCLE('',#10102,0.000405043635679138);
#7531=CIRCLE('',#10103,0.0797558363713294);
#7532=CIRCLE('',#10104,0.23749);
#7533=CIRCLE('',#10105,0.079755836373069);
#7534=CIRCLE('',#10106,0.000405043635679138);
#7535=CIRCLE('',#10107,0.2346324999886);
#7536=CIRCLE('',#10108,0.000405043635679138);
#7537=CIRCLE('',#10109,0.0797558363713187);
#7538=CIRCLE('',#10110,0.23749);
#7539=CIRCLE('',#10111,0.0797558363729999);
#7540=CIRCLE('',#10112,0.000405043635679138);
#7541=CIRCLE('',#10113,0.2346324999886);
#7542=CIRCLE('',#10114,0.000405043635679138);
#7543=CIRCLE('',#10115,0.0797558363742116);
#7544=CIRCLE('',#10116,0.23749);
#7545=CIRCLE('',#10117,0.0797558363740142);
#7546=CIRCLE('',#10118,0.000405043635679138);
#7547=CIRCLE('',#10119,0.2346324999886);
#7548=CIRCLE('',#10120,0.000405043635679138);
#7549=CIRCLE('',#10121,0.0797558363699514);
#7550=CIRCLE('',#10122,0.23749);
#7551=CIRCLE('',#10123,0.0797558363737109);
#7552=CIRCLE('',#10124,0.000405043635679138);
#7553=CIRCLE('',#10125,0.2346324999886);
#7554=CIRCLE('',#10126,0.000405043635679138);
#7555=CIRCLE('',#10127,0.0797558363714936);
#7556=CIRCLE('',#10128,0.23749);
#7557=CIRCLE('',#10129,0.0797558363723588);
#7558=CIRCLE('',#10130,0.000405043635679138);
#7559=CIRCLE('',#10131,0.2346324999886);
#7560=CIRCLE('',#10132,0.000405043635679138);
#7561=CIRCLE('',#10133,0.0797558363715349);
#7562=CIRCLE('',#10134,0.23749);
#7563=CIRCLE('',#10135,0.0797558363741275);
#7564=CIRCLE('',#10136,0.000405043635679138);
#7565=CIRCLE('',#10137,0.2346324999886);
#7566=CIRCLE('',#10138,0.000405043635679138);
#7567=CIRCLE('',#10139,0.0797558363694684);
#7568=CIRCLE('',#10140,0.23749);
#7569=CIRCLE('',#10141,0.0797558363729634);
#7570=CIRCLE('',#10142,0.000405043635679138);
#7571=CIRCLE('',#10143,0.2346324999886);
#7572=CIRCLE('',#10144,0.000405043635679138);
#7573=CIRCLE('',#10145,0.079755836372332);
#7574=CIRCLE('',#10146,0.23749);
#7575=CIRCLE('',#10147,0.0797558363734139);
#7576=CIRCLE('',#10148,0.000405043635679138);
#7577=CIRCLE('',#10149,0.2346324999886);
#7578=CIRCLE('',#10150,0.000405043635679138);
#7579=CIRCLE('',#10151,0.0797558363718052);
#7580=CIRCLE('',#10152,0.23749);
#7581=CIRCLE('',#10153,0.0797558363732071);
#7582=CIRCLE('',#10154,0.000405043635679138);
#7583=CIRCLE('',#10155,0.2346324999886);
#7584=CIRCLE('',#10156,0.000405043635679138);
#7585=CIRCLE('',#10157,0.0797558363707897);
#7586=CIRCLE('',#10158,0.23749);
#7587=CIRCLE('',#10159,0.0797558363698751);
#7588=CIRCLE('',#10160,0.000405043635679138);
#7589=CIRCLE('',#10161,0.2346324999886);
#7590=CIRCLE('',#10162,0.000405043635679138);
#7591=CIRCLE('',#10163,0.0797558363703153);
#7592=CIRCLE('',#10164,0.23749);
#7593=CIRCLE('',#10165,0.079755836371072);
#7594=CIRCLE('',#10166,0.000405043635679138);
#7595=CIRCLE('',#10167,0.2346324999886);
#7596=CIRCLE('',#10168,0.000405043635679138);
#7597=CIRCLE('',#10169,0.0797558363718417);
#7598=CIRCLE('',#10171,0.231648);
#7599=CIRCLE('',#10173,0.00254);
#7600=CIRCLE('',#10174,0.00254);
#7601=CIRCLE('',#10175,0.00254);
#7602=CIRCLE('',#10176,0.00254);
#7603=CIRCLE('',#10177,0.009525);
#7604=CIRCLE('',#10178,0.231648);
#7605=CIRCLE('',#10179,0.00508);
#7606=CIRCLE('',#10180,0.00508);
#7607=CIRCLE('',#10181,0.221742);
#7608=CIRCLE('',#10182,0.00508);
#7609=CIRCLE('',#10183,0.00508);
#7610=CIRCLE('',#10185,0.231648);
#7611=CIRCLE('',#10186,0.231648);
#7612=CIRCLE('',#10188,0.009525);
#7613=CIRCLE('',#10189,0.00508);
#7614=CIRCLE('',#10190,0.00508);
#7615=CIRCLE('',#10191,0.000405043635679138);
#7616=CIRCLE('',#10192,0.079755836373374);
#7617=CIRCLE('',#10194,0.231648);
#7618=CIRCLE('',#10195,0.009525);
#7619=CIRCLE('',#10196,0.079755836373374);
#7620=CIRCLE('',#10197,0.000405043635679138);
#7621=CIRCLE('',#10198,0.00508);
#7622=CIRCLE('',#10199,0.00508);
#7623=CIRCLE('',#10565,0.221742);
#7624=CIRCLE('',#10569,0.00254);
#7625=CIRCLE('',#10571,0.00254);
#7626=CIRCLE('',#10573,0.00254);
#7627=CIRCLE('',#10575,0.00254);
#7628=CIRCLE('',#10578,0.231648);
#7629=CIRCLE('',#10580,0.009525);
#7630=CIRCLE('',#10581,0.00508);
#7631=CIRCLE('',#10582,0.00508);
#7632=CIRCLE('',#10583,0.00508);
#7633=CIRCLE('',#10584,0.00508);
#7634=CIRCLE('',#10594,0.003429);
#7635=CIRCLE('',#10595,0.003429);
#7636=CIRCLE('',#10596,0.003429);
#7637=CIRCLE('',#10597,0.003429);
#7638=CIRCLE('',#10598,0.003429);
#7639=CIRCLE('',#10599,0.003429);
#7640=CIRCLE('',#10600,0.003429);
#7641=CIRCLE('',#10601,0.003429);
#7642=CIRCLE('',#10602,0.0101629464);
#7643=CIRCLE('',#10603,0.003429);
#7644=CIRCLE('',#10604,0.003429);
#7645=CIRCLE('',#10605,0.003429);
#7646=CIRCLE('',#10606,0.003429);
#7647=CIRCLE('',#10607,0.003429);
#7648=CIRCLE('',#10608,0.003429);
#7649=CIRCLE('',#10609,0.003429);
#7650=CIRCLE('',#10610,0.0221973364897435);
#7651=CIRCLE('',#10611,0.003429);
#7652=CIRCLE('',#10612,0.003429);
#7653=CIRCLE('',#10613,0.013462);
#7654=CIRCLE('',#10614,0.003175);
#7655=CIRCLE('',#10615,0.23622);
#7656=CIRCLE('',#10616,0.003175);
#7657=CIRCLE('',#10617,0.0079375000000003);
#7658=CIRCLE('',#10618,0.003175);
#7659=CIRCLE('',#10619,0.0165129464);
#7660=CIRCLE('',#10620,0.0165129464);
#7661=CIRCLE('',#10621,0.0254);
#7662=CIRCLE('',#10622,0.003175);
#7663=CIRCLE('',#10623,0.0285473364897435);
#7664=CIRCLE('',#10624,0.00889);
#7665=CIRCLE('',#10625,0.0463273364897436);
#7666=CIRCLE('',#10626,0.0165129464);
#7667=CIRCLE('',#10627,0.00254);
#7668=CIRCLE('',#10628,0.00254);
#7669=CIRCLE('',#10629,0.00254);
#7670=CIRCLE('',#10630,0.00254);
#7671=CIRCLE('',#10631,0.007112);
#7672=CIRCLE('',#10632,0.00254);
#7673=CIRCLE('',#10633,0.003429);
#7674=CIRCLE('',#10634,0.003429);
#7675=CIRCLE('',#10635,0.003429);
#7676=CIRCLE('',#10636,0.013462);
#7677=CIRCLE('',#10637,0.003429);
#7678=CIRCLE('',#10638,0.00889);
#7679=CIRCLE('',#10639,0.003429);
#7680=CIRCLE('',#10640,0.003429);
#7681=CIRCLE('',#10641,0.003429);
#7682=CIRCLE('',#10642,0.00889);
#7683=CIRCLE('',#10643,0.003429);
#7684=CIRCLE('',#10644,0.00889);
#7685=CIRCLE('',#10645,0.003429);
#7686=CIRCLE('',#10646,0.003429);
#7687=CIRCLE('',#10647,0.01524);
#7688=CIRCLE('',#10648,0.003429);
#7689=CIRCLE('',#10649,0.003429);
#7690=CIRCLE('',#10650,0.003429);
#7691=CIRCLE('',#10651,0.003429);
#7692=CIRCLE('',#10652,0.003429);
#7693=CIRCLE('',#10653,0.003429);
#7694=CIRCLE('',#10654,0.0228629464);
#7695=CIRCLE('',#10655,0.003429);
#7696=CIRCLE('',#10656,0.003429);
#7697=CIRCLE('',#10657,0.003429);
#7698=CIRCLE('',#10658,0.003429);
#7699=CIRCLE('',#10659,0.01524);
#7700=CIRCLE('',#10660,0.003429);
#7701=CIRCLE('',#10661,0.003429);
#7702=CIRCLE('',#10662,0.013462);
#7703=CIRCLE('',#10663,0.003429);
#7704=CIRCLE('',#10665,0.003429);
#7705=CIRCLE('',#10666,0.003429);
#7706=CIRCLE('',#10667,0.003429);
#7707=CIRCLE('',#10668,0.01524);
#7708=CIRCLE('',#10669,0.003429);
#7709=CIRCLE('',#10670,0.003429);
#7710=CIRCLE('',#10671,0.003429);
#7711=CIRCLE('',#10672,0.013462);
#7712=CIRCLE('',#10673,0.003429);
#7713=CIRCLE('',#10674,0.003429);
#7714=CIRCLE('',#10675,0.003429);
#7715=CIRCLE('',#10676,0.003429);
#7716=CIRCLE('',#10677,0.0101629464);
#7717=CIRCLE('',#10678,0.003429);
#7718=CIRCLE('',#10679,0.003429);
#7719=CIRCLE('',#10680,0.003429);
#7720=CIRCLE('',#10681,0.003429);
#7721=CIRCLE('',#10682,0.003429);
#7722=CIRCLE('',#10683,0.0221973364897435);
#7723=CIRCLE('',#10684,0.003429);
#7724=CIRCLE('',#10685,0.003429);
#7725=CIRCLE('',#10686,0.013462);
#7726=CIRCLE('',#10687,0.003429);
#7727=CIRCLE('',#10688,0.003429);
#7728=CIRCLE('',#10689,0.23622);
#7729=CIRCLE('',#10690,0.003175);
#7730=CIRCLE('',#10691,0.0165129464);
#7731=CIRCLE('',#10692,0.0463273364897436);
#7732=CIRCLE('',#10693,0.00889);
#7733=CIRCLE('',#10694,0.0285473364897435);
#7734=CIRCLE('',#10695,0.003175);
#7735=CIRCLE('',#10696,0.0254);
#7736=CIRCLE('',#10697,0.0165129464);
#7737=CIRCLE('',#10698,0.0165129464);
#7738=CIRCLE('',#10699,0.003175);
#7739=CIRCLE('',#10700,0.0079375000000003);
#7740=CIRCLE('',#10701,0.003175);
#7741=CIRCLE('',#10702,0.00254);
#7742=CIRCLE('',#10703,0.00254);
#7743=CIRCLE('',#10704,0.00254);
#7744=CIRCLE('',#10705,0.00254);
#7745=CIRCLE('',#10706,0.007112);
#7746=CIRCLE('',#10707,0.00254);
#7747=CIRCLE('',#10708,0.003429);
#7748=CIRCLE('',#10709,0.003429);
#7749=CIRCLE('',#10710,0.003429);
#7750=CIRCLE('',#10711,0.003429);
#7751=CIRCLE('',#10712,0.00889);
#7752=CIRCLE('',#10713,0.003429);
#7753=CIRCLE('',#10714,0.00889);
#7754=CIRCLE('',#10715,0.003429);
#7755=CIRCLE('',#10716,0.00889);
#7756=CIRCLE('',#10717,0.003429);
#7757=CIRCLE('',#10718,0.003429);
#7758=CIRCLE('',#10719,0.003429);
#7759=CIRCLE('',#10720,0.003429);
#7760=CIRCLE('',#10721,0.0228629464);
#7761=CIRCLE('',#10722,0.003429);
#7762=CIRCLE('',#10723,0.003429);
#7763=CIRCLE('',#10724,0.01524);
#7764=CIRCLE('',#10725,0.003429);
#7765=CIRCLE('',#10726,0.003429);
#7766=CIRCLE('',#10727,0.003429);
#7767=CIRCLE('',#10728,0.003429);
#7768=CIRCLE('',#10729,0.013462);
#7769=CIRCLE('',#10730,0.003429);
#7770=CIRCLE('',#10731,0.003429);
#7771=CIRCLE('',#10732,0.003429);
#7772=CIRCLE('',#10733,0.003429);
#7773=CIRCLE('',#10734,0.003429);
#7774=EDGE_LOOP('',(#1484,#1485,#1486,#1487,#1488,#1489,#1490,#1491,#1492,#1493,#1494,#1495,#1496,#1497,#1498,#1499,#1500,#1501,#1502,#1503,#1504,#1505,#1506,#1507,#1508,#1509,#1510,#1511,#1512,#1513,#1514,#1515,#1516,#1517,#1518,#1519,#1520,#1521,#1522,#1523,#1524,#1525,#1526,#1527,#1528,#1529,#1530,#1531,#1532,#1533,#1534,#1535,#1536,#1537,#1538,#1539,#1540,#1541,#1542,#1543,#1544,#1545,#1546,#1547,#1548,#1549,#1550,#1551,#1552,#1553,#1554,#1555,#1556,#1557,#1558,#1559,#1560,#1561,#1562,#1563,#1564,#1565,#1566,#1567,#1568,#1569,#1570,#1571,#1572,#1573,#1574,#1575,#1576,#1577,#1578,#1579,#1580,#1581,#1582,#1583,#1584,#1585,#1586,#1587,#1588,#1589,#1590,#1591,#1592,#1593,#1594,#1595,#1596,#1597,#1598,#1599,#1600,#1601,#1602,#1603,#1604,#1605,#1606,#1607,#1608,#1609,#1610,#1611,#1612,#1613,#1614,#1615,#1616,#1617,#1618,#1619,#1620,#1621,#1622,#1623,#1624,#1625,#1626,#1627,#1628,#1629,#1630,#1631,#1632,#1633,#1634,#1635,#1636,#1637,#1638,#1639,#1640,#1641,#1642,#1643,#1644,#1645,#1646,#1647,#1648,#1649,#1650,#1651,#1652,#1653,#1654,#1655,#1656,#1657,#1658,#1659,#1660,#1661,#1662,#1663,#1664,#1665,#1666,#1667,#1668,#1669,#1670,#1671,#1672,#1673,#1674,#1675,#1676,#1677,#1678,#1679,#1680,#1681,#1682,#1683,#1684,#1685,#1686,#1687,#1688,#1689,#1690,#1691,#1692,#1693,#1694,#1695,#1696,#1697,#1698,#1699,#1700,#1701,#1702,#1703,#1704,#1705,#1706,#1707,#1708,#1709,#1710,#1711,#1712,#1713,#1714,#1715,#1716,#1717,#1718,#1719,#1720,#1721,#1722,#1723,#1724,#1725,#1726,#1727,#1728,#1729,#1730,#1731,#1732,#1733,#1734,#1735,#1736,#1737,#1738,#1739,#1740,#1741,#1742,#1743,#1744,#1745,#1746,#1747,#1748,#1749,#1750,#1751,#1752,#1753,#1754,#1755,#1756,#1757,#1758,#1759,#1760,#1761,#1762,#1763,#1764,#1765,#1766,#1767,#1768,#1769,#1770,#1771,#1772,#1773,#1774,#1775,#1776,#1777,#1778,#1779,#1780,#1781,#1782,#1783,#1784,#1785,#1786,#1787,#1788,#1789,#1790,#1791,#1792,#1793,#1794,#1795,#1796,#1797,#1798,#1799,#1800,#1801,#1802,#1803,#1804,#1805,#1806,#1807,#1808,#1809,#1810,#1811,#1812,#1813,#1814,#1815,#1816,#1817,#1818,#1819,#1820,#1821,#1822,#1823,#1824,#1825,#1826,#1827,#1828,#1829,#1830,#1831,#1832,#1833,#1834,#1835,#1836,#1837,#1838,#1839,#1840,#1841,#1842,#1843,#1844,#1845,#1846,#1847,#1848,#1849,#1850));
#7775=EDGE_LOOP('',(#1851,#1852,#1853,#1854,#1855,#1856,#1857,#1858,#1859,#1860,#1861,#1862,#1863,#1864,#1865,#1866,#1867,#1868,#1869,#1870,#1871,#1872,#1873,#1874,#1875,#1876,#1877,#1878,#1879,#1880,#1881,#1882,#1883,#1884,#1885,#1886,#1887,#1888,#1889,#1890,#1891,#1892,#1893,#1894,#1895,#1896,#1897,#1898,#1899,#1900,#1901,#1902,#1903,#1904,#1905,#1906,#1907,#1908,#1909,#1910,#1911,#1912,#1913,#1914,#1915,#1916,#1917,#1918,#1919,#1920,#1921,#1922,#1923,#1924,#1925,#1926,#1927,#1928,#1929,#1930,#1931,#1932,#1933,#1934,#1935,#1936,#1937,#1938,#1939,#1940,#1941,#1942,#1943,#1944,#1945,#1946,#1947,#1948,#1949,#1950,#1951,#1952,#1953,#1954,#1955,#1956,#1957,#1958,#1959,#1960,#1961,#1962,#1963,#1964,#1965,#1966,#1967,#1968,#1969,#1970,#1971,#1972,#1973,#1974,#1975,#1976,#1977,#1978,#1979,#1980,#1981,#1982,#1983,#1984,#1985,#1986,#1987,#1988,#1989,#1990,#1991,#1992,#1993,#1994,#1995,#1996,#1997,#1998,#1999,#2000,#2001,#2002,#2003,#2004,#2005,#2006,#2007,#2008,#2009,#2010,#2011,#2012,#2013,#2014,#2015,#2016,#2017,#2018,#2019,#2020,#2021,#2022,#2023,#2024,#2025,#2026,#2027,#2028,#2029,#2030,#2031,#2032,#2033,#2034,#2035,#2036,#2037,#2038,#2039,#2040,#2041,#2042,#2043,#2044,#2045,#2046,#2047,#2048,#2049,#2050,#2051,#2052,#2053,#2054,#2055,#2056,#2057,#2058,#2059,#2060,#2061,#2062,#2063,#2064,#2065,#2066,#2067,#2068,#2069,#2070,#2071,#2072,#2073,#2074,#2075,#2076,#2077,#2078,#2079,#2080,#2081,#2082,#2083,#2084,#2085,#2086,#2087,#2088,#2089,#2090,#2091,#2092,#2093,#2094,#2095,#2096,#2097,#2098,#2099,#2100,#2101,#2102,#2103,#2104,#2105,#2106,#2107,#2108,#2109,#2110,#2111,#2112,#2113,#2114,#2115,#2116,#2117,#2118,#2119,#2120,#2121,#2122,#2123,#2124,#2125,#2126,#2127,#2128,#2129,#2130,#2131,#2132,#2133,#2134,#2135,#2136,#2137,#2138,#2139,#2140,#2141,#2142,#2143,#2144,#2145,#2146,#2147,#2148,#2149,#2150,#2151,#2152,#2153,#2154,#2155,#2156,#2157,#2158,#2159,#2160,#2161,#2162,#2163,#2164,#2165,#2166,#2167,#2168,#2169,#2170,#2171,#2172,#2173,#2174,#2175,#2176,#2177,#2178,#2179,#2180,#2181,#2182,#2183,#2184,#2185,#2186,#2187,#2188,#2189,#2190,#2191,#2192,#2193,#2194,#2195,#2196,#2197,#2198,#2199,#2200,#2201,#2202,#2203,#2204,#2205,#2206,#2207,#2208,#2209,#2210,#2211,#2212,#2213,#2214,#2215,#2216,#2217));
#7776=EDGE_LOOP('',(#2218,#2219,#2220,#2221));
#7777=EDGE_LOOP('',(#2222));
#7778=EDGE_LOOP('',(#2223));
#7779=EDGE_LOOP('',(#2224));
#7780=EDGE_LOOP('',(#2225));
#7781=EDGE_LOOP('',(#2226,#2227,#2228,#2229,#2230,#2231,#2232,#2233));
#7782=EDGE_LOOP('',(#2234,#2235,#2236,#2237));
#7783=EDGE_LOOP('',(#2238,#2239,#2240,#2241,#2242,#2243,#2244));
#7784=EDGE_LOOP('',(#2245,#2246,#2247,#2248,#2249,#2250,#2251));
#7785=EDGE_LOOP('',(#2252,#2253,#2254,#2255));
#7786=EDGE_LOOP('',(#2256,#2257,#2258,#2259));
#7787=EDGE_LOOP('',(#2260,#2261,#2262,#2263));
#7788=EDGE_LOOP('',(#2264,#2265,#2266,#2267));
#7789=EDGE_LOOP('',(#2268,#2269,#2270,#2271));
#7790=EDGE_LOOP('',(#2272,#2273,#2274,#2275));
#7791=EDGE_LOOP('',(#2276,#2277,#2278,#2279));
#7792=EDGE_LOOP('',(#2280,#2281,#2282,#2283));
#7793=EDGE_LOOP('',(#2284,#2285,#2286,#2287));
#7794=EDGE_LOOP('',(#2288,#2289,#2290,#2291));
#7795=EDGE_LOOP('',(#2292,#2293,#2294,#2295));
#7796=EDGE_LOOP('',(#2296,#2297,#2298,#2299));
#7797=EDGE_LOOP('',(#2300,#2301,#2302,#2303));
#7798=EDGE_LOOP('',(#2304,#2305,#2306,#2307));
#7799=EDGE_LOOP('',(#2308,#2309,#2310,#2311));
#7800=EDGE_LOOP('',(#2312,#2313,#2314,#2315));
#7801=EDGE_LOOP('',(#2316,#2317,#2318,#2319));
#7802=EDGE_LOOP('',(#2320,#2321,#2322,#2323));
#7803=EDGE_LOOP('',(#2324,#2325,#2326,#2327));
#7804=EDGE_LOOP('',(#2328,#2329,#2330,#2331));
#7805=EDGE_LOOP('',(#2332,#2333,#2334,#2335));
#7806=EDGE_LOOP('',(#2336,#2337,#2338,#2339));
#7807=EDGE_LOOP('',(#2340,#2341,#2342,#2343));
#7808=EDGE_LOOP('',(#2344,#2345,#2346,#2347));
#7809=EDGE_LOOP('',(#2348,#2349,#2350,#2351));
#7810=EDGE_LOOP('',(#2352,#2353,#2354,#2355));
#7811=EDGE_LOOP('',(#2356,#2357,#2358,#2359));
#7812=EDGE_LOOP('',(#2360,#2361,#2362,#2363));
#7813=EDGE_LOOP('',(#2364,#2365,#2366,#2367));
#7814=EDGE_LOOP('',(#2368,#2369,#2370,#2371));
#7815=EDGE_LOOP('',(#2372,#2373,#2374,#2375));
#7816=EDGE_LOOP('',(#2376,#2377,#2378,#2379));
#7817=EDGE_LOOP('',(#2380,#2381,#2382,#2383));
#7818=EDGE_LOOP('',(#2384,#2385,#2386,#2387));
#7819=EDGE_LOOP('',(#2388,#2389,#2390,#2391));
#7820=EDGE_LOOP('',(#2392,#2393,#2394,#2395));
#7821=EDGE_LOOP('',(#2396,#2397,#2398,#2399));
#7822=EDGE_LOOP('',(#2400,#2401,#2402,#2403));
#7823=EDGE_LOOP('',(#2404,#2405,#2406,#2407));
#7824=EDGE_LOOP('',(#2408,#2409,#2410,#2411));
#7825=EDGE_LOOP('',(#2412,#2413,#2414,#2415));
#7826=EDGE_LOOP('',(#2416,#2417,#2418,#2419));
#7827=EDGE_LOOP('',(#2420,#2421,#2422,#2423));
#7828=EDGE_LOOP('',(#2424,#2425,#2426,#2427));
#7829=EDGE_LOOP('',(#2428,#2429,#2430,#2431));
#7830=EDGE_LOOP('',(#2432,#2433,#2434,#2435));
#7831=EDGE_LOOP('',(#2436,#2437,#2438,#2439));
#7832=EDGE_LOOP('',(#2440,#2441,#2442,#2443));
#7833=EDGE_LOOP('',(#2444,#2445,#2446,#2447));
#7834=EDGE_LOOP('',(#2448,#2449,#2450,#2451));
#7835=EDGE_LOOP('',(#2452,#2453,#2454,#2455));
#7836=EDGE_LOOP('',(#2456,#2457,#2458,#2459));
#7837=EDGE_LOOP('',(#2460,#2461,#2462,#2463));
#7838=EDGE_LOOP('',(#2464,#2465,#2466,#2467));
#7839=EDGE_LOOP('',(#2468,#2469,#2470,#2471));
#7840=EDGE_LOOP('',(#2472,#2473,#2474,#2475));
#7841=EDGE_LOOP('',(#2476,#2477,#2478,#2479));
#7842=EDGE_LOOP('',(#2480,#2481,#2482,#2483));
#7843=EDGE_LOOP('',(#2484,#2485,#2486,#2487));
#7844=EDGE_LOOP('',(#2488,#2489,#2490,#2491));
#7845=EDGE_LOOP('',(#2492,#2493,#2494,#2495));
#7846=EDGE_LOOP('',(#2496,#2497,#2498,#2499));
#7847=EDGE_LOOP('',(#2500,#2501,#2502,#2503));
#7848=EDGE_LOOP('',(#2504,#2505,#2506,#2507));
#7849=EDGE_LOOP('',(#2508,#2509,#2510,#2511));
#7850=EDGE_LOOP('',(#2512,#2513,#2514,#2515));
#7851=EDGE_LOOP('',(#2516,#2517,#2518,#2519));
#7852=EDGE_LOOP('',(#2520,#2521,#2522,#2523));
#7853=EDGE_LOOP('',(#2524,#2525,#2526,#2527));
#7854=EDGE_LOOP('',(#2528,#2529,#2530,#2531));
#7855=EDGE_LOOP('',(#2532,#2533,#2534,#2535));
#7856=EDGE_LOOP('',(#2536,#2537,#2538,#2539));
#7857=EDGE_LOOP('',(#2540,#2541,#2542,#2543));
#7858=EDGE_LOOP('',(#2544,#2545,#2546,#2547));
#7859=EDGE_LOOP('',(#2548,#2549,#2550,#2551));
#7860=EDGE_LOOP('',(#2552,#2553,#2554,#2555));
#7861=EDGE_LOOP('',(#2556,#2557,#2558,#2559));
#7862=EDGE_LOOP('',(#2560,#2561,#2562,#2563));
#7863=EDGE_LOOP('',(#2564,#2565,#2566,#2567));
#7864=EDGE_LOOP('',(#2568,#2569,#2570,#2571));
#7865=EDGE_LOOP('',(#2572,#2573,#2574,#2575));
#7866=EDGE_LOOP('',(#2576,#2577,#2578,#2579));
#7867=EDGE_LOOP('',(#2580,#2581,#2582,#2583));
#7868=EDGE_LOOP('',(#2584,#2585,#2586,#2587));
#7869=EDGE_LOOP('',(#2588,#2589,#2590,#2591));
#7870=EDGE_LOOP('',(#2592,#2593,#2594,#2595));
#7871=EDGE_LOOP('',(#2596,#2597,#2598,#2599));
#7872=EDGE_LOOP('',(#2600,#2601,#2602,#2603));
#7873=EDGE_LOOP('',(#2604,#2605,#2606,#2607));
#7874=EDGE_LOOP('',(#2608,#2609,#2610,#2611));
#7875=EDGE_LOOP('',(#2612,#2613,#2614,#2615));
#7876=EDGE_LOOP('',(#2616,#2617,#2618,#2619));
#7877=EDGE_LOOP('',(#2620,#2621,#2622,#2623));
#7878=EDGE_LOOP('',(#2624,#2625,#2626,#2627));
#7879=EDGE_LOOP('',(#2628,#2629,#2630,#2631));
#7880=EDGE_LOOP('',(#2632,#2633,#2634,#2635));
#7881=EDGE_LOOP('',(#2636,#2637,#2638,#2639));
#7882=EDGE_LOOP('',(#2640,#2641,#2642,#2643));
#7883=EDGE_LOOP('',(#2644,#2645,#2646,#2647));
#7884=EDGE_LOOP('',(#2648,#2649,#2650,#2651));
#7885=EDGE_LOOP('',(#2652,#2653,#2654,#2655));
#7886=EDGE_LOOP('',(#2656,#2657,#2658,#2659));
#7887=EDGE_LOOP('',(#2660,#2661,#2662,#2663));
#7888=EDGE_LOOP('',(#2664,#2665,#2666,#2667));
#7889=EDGE_LOOP('',(#2668,#2669,#2670,#2671));
#7890=EDGE_LOOP('',(#2672,#2673,#2674,#2675));
#7891=EDGE_LOOP('',(#2676,#2677,#2678,#2679));
#7892=EDGE_LOOP('',(#2680,#2681,#2682,#2683));
#7893=EDGE_LOOP('',(#2684,#2685,#2686,#2687));
#7894=EDGE_LOOP('',(#2688,#2689,#2690,#2691));
#7895=EDGE_LOOP('',(#2692,#2693,#2694,#2695));
#7896=EDGE_LOOP('',(#2696,#2697,#2698,#2699));
#7897=EDGE_LOOP('',(#2700,#2701,#2702,#2703));
#7898=EDGE_LOOP('',(#2704,#2705,#2706,#2707));
#7899=EDGE_LOOP('',(#2708,#2709,#2710,#2711));
#7900=EDGE_LOOP('',(#2712,#2713,#2714,#2715));
#7901=EDGE_LOOP('',(#2716,#2717,#2718,#2719));
#7902=EDGE_LOOP('',(#2720,#2721,#2722,#2723));
#7903=EDGE_LOOP('',(#2724,#2725,#2726,#2727));
#7904=EDGE_LOOP('',(#2728,#2729,#2730,#2731));
#7905=EDGE_LOOP('',(#2732,#2733,#2734,#2735));
#7906=EDGE_LOOP('',(#2736,#2737,#2738,#2739));
#7907=EDGE_LOOP('',(#2740,#2741,#2742,#2743));
#7908=EDGE_LOOP('',(#2744,#2745,#2746,#2747));
#7909=EDGE_LOOP('',(#2748,#2749,#2750,#2751));
#7910=EDGE_LOOP('',(#2752,#2753,#2754,#2755));
#7911=EDGE_LOOP('',(#2756,#2757,#2758,#2759));
#7912=EDGE_LOOP('',(#2760,#2761,#2762,#2763));
#7913=EDGE_LOOP('',(#2764,#2765,#2766,#2767));
#7914=EDGE_LOOP('',(#2768,#2769,#2770,#2771));
#7915=EDGE_LOOP('',(#2772,#2773,#2774,#2775));
#7916=EDGE_LOOP('',(#2776,#2777,#2778,#2779));
#7917=EDGE_LOOP('',(#2780,#2781,#2782,#2783));
#7918=EDGE_LOOP('',(#2784,#2785,#2786,#2787));
#7919=EDGE_LOOP('',(#2788,#2789,#2790,#2791));
#7920=EDGE_LOOP('',(#2792,#2793,#2794,#2795));
#7921=EDGE_LOOP('',(#2796,#2797,#2798,#2799));
#7922=EDGE_LOOP('',(#2800,#2801,#2802,#2803));
#7923=EDGE_LOOP('',(#2804,#2805,#2806,#2807));
#7924=EDGE_LOOP('',(#2808,#2809,#2810,#2811));
#7925=EDGE_LOOP('',(#2812,#2813,#2814,#2815));
#7926=EDGE_LOOP('',(#2816,#2817,#2818,#2819));
#7927=EDGE_LOOP('',(#2820,#2821,#2822,#2823));
#7928=EDGE_LOOP('',(#2824,#2825,#2826,#2827));
#7929=EDGE_LOOP('',(#2828,#2829,#2830,#2831));
#7930=EDGE_LOOP('',(#2832,#2833,#2834,#2835));
#7931=EDGE_LOOP('',(#2836,#2837,#2838,#2839));
#7932=EDGE_LOOP('',(#2840,#2841,#2842,#2843));
#7933=EDGE_LOOP('',(#2844,#2845,#2846,#2847));
#7934=EDGE_LOOP('',(#2848,#2849,#2850,#2851));
#7935=EDGE_LOOP('',(#2852,#2853,#2854,#2855));
#7936=EDGE_LOOP('',(#2856,#2857,#2858,#2859));
#7937=EDGE_LOOP('',(#2860,#2861,#2862,#2863));
#7938=EDGE_LOOP('',(#2864,#2865,#2866,#2867));
#7939=EDGE_LOOP('',(#2868,#2869,#2870,#2871));
#7940=EDGE_LOOP('',(#2872,#2873,#2874,#2875));
#7941=EDGE_LOOP('',(#2876,#2877,#2878,#2879));
#7942=EDGE_LOOP('',(#2880,#2881,#2882,#2883));
#7943=EDGE_LOOP('',(#2884,#2885,#2886,#2887));
#7944=EDGE_LOOP('',(#2888,#2889,#2890,#2891));
#7945=EDGE_LOOP('',(#2892,#2893,#2894,#2895));
#7946=EDGE_LOOP('',(#2896,#2897,#2898,#2899));
#7947=EDGE_LOOP('',(#2900,#2901,#2902,#2903));
#7948=EDGE_LOOP('',(#2904,#2905,#2906,#2907));
#7949=EDGE_LOOP('',(#2908,#2909,#2910,#2911));
#7950=EDGE_LOOP('',(#2912,#2913,#2914,#2915));
#7951=EDGE_LOOP('',(#2916,#2917,#2918,#2919));
#7952=EDGE_LOOP('',(#2920,#2921,#2922,#2923));
#7953=EDGE_LOOP('',(#2924,#2925,#2926,#2927));
#7954=EDGE_LOOP('',(#2928,#2929,#2930,#2931));
#7955=EDGE_LOOP('',(#2932,#2933,#2934,#2935));
#7956=EDGE_LOOP('',(#2936,#2937,#2938,#2939));
#7957=EDGE_LOOP('',(#2940,#2941,#2942,#2943));
#7958=EDGE_LOOP('',(#2944,#2945,#2946,#2947));
#7959=EDGE_LOOP('',(#2948,#2949,#2950,#2951));
#7960=EDGE_LOOP('',(#2952,#2953,#2954,#2955));
#7961=EDGE_LOOP('',(#2956,#2957,#2958,#2959));
#7962=EDGE_LOOP('',(#2960,#2961,#2962,#2963));
#7963=EDGE_LOOP('',(#2964,#2965,#2966,#2967));
#7964=EDGE_LOOP('',(#2968,#2969,#2970,#2971));
#7965=EDGE_LOOP('',(#2972,#2973,#2974,#2975));
#7966=EDGE_LOOP('',(#2976,#2977,#2978,#2979));
#7967=EDGE_LOOP('',(#2980,#2981,#2982,#2983));
#7968=EDGE_LOOP('',(#2984,#2985,#2986,#2987));
#7969=EDGE_LOOP('',(#2988,#2989,#2990,#2991));
#7970=EDGE_LOOP('',(#2992,#2993,#2994,#2995));
#7971=EDGE_LOOP('',(#2996,#2997,#2998,#2999));
#7972=EDGE_LOOP('',(#3000,#3001,#3002,#3003));
#7973=EDGE_LOOP('',(#3004,#3005,#3006,#3007));
#7974=EDGE_LOOP('',(#3008,#3009,#3010,#3011));
#7975=EDGE_LOOP('',(#3012,#3013,#3014,#3015));
#7976=EDGE_LOOP('',(#3016,#3017,#3018,#3019));
#7977=EDGE_LOOP('',(#3020,#3021,#3022,#3023));
#7978=EDGE_LOOP('',(#3024,#3025,#3026,#3027));
#7979=EDGE_LOOP('',(#3028,#3029,#3030,#3031));
#7980=EDGE_LOOP('',(#3032,#3033,#3034,#3035));
#7981=EDGE_LOOP('',(#3036,#3037,#3038,#3039));
#7982=EDGE_LOOP('',(#3040,#3041,#3042,#3043));
#7983=EDGE_LOOP('',(#3044,#3045,#3046,#3047));
#7984=EDGE_LOOP('',(#3048,#3049,#3050,#3051));
#7985=EDGE_LOOP('',(#3052,#3053,#3054,#3055));
#7986=EDGE_LOOP('',(#3056,#3057,#3058,#3059));
#7987=EDGE_LOOP('',(#3060,#3061,#3062,#3063));
#7988=EDGE_LOOP('',(#3064,#3065,#3066,#3067));
#7989=EDGE_LOOP('',(#3068,#3069,#3070,#3071));
#7990=EDGE_LOOP('',(#3072,#3073,#3074,#3075));
#7991=EDGE_LOOP('',(#3076,#3077,#3078,#3079));
#7992=EDGE_LOOP('',(#3080,#3081,#3082,#3083));
#7993=EDGE_LOOP('',(#3084,#3085,#3086,#3087));
#7994=EDGE_LOOP('',(#3088,#3089,#3090,#3091));
#7995=EDGE_LOOP('',(#3092,#3093,#3094,#3095));
#7996=EDGE_LOOP('',(#3096,#3097,#3098,#3099));
#7997=EDGE_LOOP('',(#3100,#3101,#3102,#3103));
#7998=EDGE_LOOP('',(#3104,#3105,#3106,#3107));
#7999=EDGE_LOOP('',(#3108,#3109,#3110,#3111));
#8000=EDGE_LOOP('',(#3112,#3113,#3114,#3115));
#8001=EDGE_LOOP('',(#3116,#3117,#3118,#3119));
#8002=EDGE_LOOP('',(#3120,#3121,#3122,#3123));
#8003=EDGE_LOOP('',(#3124,#3125,#3126,#3127));
#8004=EDGE_LOOP('',(#3128,#3129,#3130,#3131));
#8005=EDGE_LOOP('',(#3132,#3133,#3134,#3135));
#8006=EDGE_LOOP('',(#3136,#3137,#3138,#3139));
#8007=EDGE_LOOP('',(#3140,#3141,#3142,#3143));
#8008=EDGE_LOOP('',(#3144,#3145,#3146,#3147));
#8009=EDGE_LOOP('',(#3148,#3149,#3150,#3151));
#8010=EDGE_LOOP('',(#3152,#3153,#3154,#3155));
#8011=EDGE_LOOP('',(#3156,#3157,#3158,#3159));
#8012=EDGE_LOOP('',(#3160,#3161,#3162,#3163));
#8013=EDGE_LOOP('',(#3164,#3165,#3166,#3167));
#8014=EDGE_LOOP('',(#3168,#3169,#3170,#3171));
#8015=EDGE_LOOP('',(#3172,#3173,#3174,#3175));
#8016=EDGE_LOOP('',(#3176,#3177,#3178,#3179));
#8017=EDGE_LOOP('',(#3180,#3181,#3182,#3183));
#8018=EDGE_LOOP('',(#3184,#3185,#3186,#3187));
#8019=EDGE_LOOP('',(#3188,#3189,#3190,#3191));
#8020=EDGE_LOOP('',(#3192,#3193,#3194,#3195));
#8021=EDGE_LOOP('',(#3196,#3197,#3198,#3199));
#8022=EDGE_LOOP('',(#3200,#3201,#3202,#3203));
#8023=EDGE_LOOP('',(#3204,#3205,#3206,#3207));
#8024=EDGE_LOOP('',(#3208,#3209,#3210,#3211));
#8025=EDGE_LOOP('',(#3212,#3213,#3214,#3215));
#8026=EDGE_LOOP('',(#3216,#3217,#3218,#3219));
#8027=EDGE_LOOP('',(#3220,#3221,#3222,#3223));
#8028=EDGE_LOOP('',(#3224,#3225,#3226,#3227));
#8029=EDGE_LOOP('',(#3228,#3229,#3230,#3231));
#8030=EDGE_LOOP('',(#3232,#3233,#3234,#3235));
#8031=EDGE_LOOP('',(#3236,#3237,#3238,#3239));
#8032=EDGE_LOOP('',(#3240,#3241,#3242,#3243));
#8033=EDGE_LOOP('',(#3244,#3245,#3246,#3247));
#8034=EDGE_LOOP('',(#3248,#3249,#3250,#3251));
#8035=EDGE_LOOP('',(#3252,#3253,#3254,#3255));
#8036=EDGE_LOOP('',(#3256,#3257,#3258,#3259));
#8037=EDGE_LOOP('',(#3260,#3261,#3262,#3263));
#8038=EDGE_LOOP('',(#3264,#3265,#3266,#3267));
#8039=EDGE_LOOP('',(#3268,#3269,#3270,#3271));
#8040=EDGE_LOOP('',(#3272,#3273,#3274,#3275));
#8041=EDGE_LOOP('',(#3276,#3277,#3278,#3279));
#8042=EDGE_LOOP('',(#3280,#3281,#3282,#3283));
#8043=EDGE_LOOP('',(#3284,#3285,#3286,#3287));
#8044=EDGE_LOOP('',(#3288,#3289,#3290,#3291));
#8045=EDGE_LOOP('',(#3292,#3293,#3294,#3295));
#8046=EDGE_LOOP('',(#3296,#3297,#3298,#3299));
#8047=EDGE_LOOP('',(#3300,#3301,#3302,#3303));
#8048=EDGE_LOOP('',(#3304,#3305,#3306,#3307));
#8049=EDGE_LOOP('',(#3308,#3309,#3310,#3311));
#8050=EDGE_LOOP('',(#3312,#3313,#3314,#3315));
#8051=EDGE_LOOP('',(#3316,#3317,#3318,#3319));
#8052=EDGE_LOOP('',(#3320,#3321,#3322,#3323));
#8053=EDGE_LOOP('',(#3324,#3325,#3326,#3327));
#8054=EDGE_LOOP('',(#3328,#3329,#3330,#3331));
#8055=EDGE_LOOP('',(#3332,#3333,#3334,#3335));
#8056=EDGE_LOOP('',(#3336,#3337,#3338,#3339));
#8057=EDGE_LOOP('',(#3340,#3341,#3342,#3343));
#8058=EDGE_LOOP('',(#3344,#3345,#3346,#3347));
#8059=EDGE_LOOP('',(#3348,#3349,#3350,#3351));
#8060=EDGE_LOOP('',(#3352,#3353,#3354,#3355));
#8061=EDGE_LOOP('',(#3356,#3357,#3358,#3359));
#8062=EDGE_LOOP('',(#3360,#3361,#3362,#3363));
#8063=EDGE_LOOP('',(#3364,#3365,#3366,#3367));
#8064=EDGE_LOOP('',(#3368,#3369,#3370,#3371));
#8065=EDGE_LOOP('',(#3372,#3373,#3374,#3375));
#8066=EDGE_LOOP('',(#3376,#3377,#3378,#3379));
#8067=EDGE_LOOP('',(#3380,#3381,#3382,#3383));
#8068=EDGE_LOOP('',(#3384,#3385,#3386,#3387));
#8069=EDGE_LOOP('',(#3388,#3389,#3390,#3391));
#8070=EDGE_LOOP('',(#3392,#3393,#3394,#3395));
#8071=EDGE_LOOP('',(#3396,#3397,#3398,#3399));
#8072=EDGE_LOOP('',(#3400,#3401,#3402,#3403));
#8073=EDGE_LOOP('',(#3404,#3405,#3406,#3407));
#8074=EDGE_LOOP('',(#3408,#3409,#3410,#3411));
#8075=EDGE_LOOP('',(#3412,#3413,#3414,#3415));
#8076=EDGE_LOOP('',(#3416,#3417,#3418,#3419));
#8077=EDGE_LOOP('',(#3420,#3421,#3422,#3423));
#8078=EDGE_LOOP('',(#3424,#3425,#3426,#3427));
#8079=EDGE_LOOP('',(#3428,#3429,#3430,#3431));
#8080=EDGE_LOOP('',(#3432,#3433,#3434,#3435));
#8081=EDGE_LOOP('',(#3436,#3437,#3438,#3439));
#8082=EDGE_LOOP('',(#3440,#3441,#3442,#3443));
#8083=EDGE_LOOP('',(#3444,#3445,#3446,#3447));
#8084=EDGE_LOOP('',(#3448,#3449,#3450,#3451));
#8085=EDGE_LOOP('',(#3452,#3453,#3454,#3455));
#8086=EDGE_LOOP('',(#3456,#3457,#3458,#3459));
#8087=EDGE_LOOP('',(#3460,#3461,#3462,#3463));
#8088=EDGE_LOOP('',(#3464,#3465,#3466,#3467));
#8089=EDGE_LOOP('',(#3468,#3469,#3470,#3471));
#8090=EDGE_LOOP('',(#3472,#3473,#3474,#3475));
#8091=EDGE_LOOP('',(#3476,#3477,#3478,#3479));
#8092=EDGE_LOOP('',(#3480,#3481,#3482,#3483));
#8093=EDGE_LOOP('',(#3484,#3485,#3486,#3487));
#8094=EDGE_LOOP('',(#3488,#3489,#3490,#3491));
#8095=EDGE_LOOP('',(#3492,#3493,#3494,#3495));
#8096=EDGE_LOOP('',(#3496,#3497,#3498,#3499));
#8097=EDGE_LOOP('',(#3500,#3501,#3502,#3503));
#8098=EDGE_LOOP('',(#3504,#3505,#3506,#3507));
#8099=EDGE_LOOP('',(#3508,#3509,#3510,#3511));
#8100=EDGE_LOOP('',(#3512,#3513,#3514,#3515));
#8101=EDGE_LOOP('',(#3516,#3517,#3518,#3519));
#8102=EDGE_LOOP('',(#3520,#3521,#3522,#3523));
#8103=EDGE_LOOP('',(#3524,#3525,#3526,#3527));
#8104=EDGE_LOOP('',(#3528,#3529,#3530,#3531));
#8105=EDGE_LOOP('',(#3532,#3533,#3534,#3535));
#8106=EDGE_LOOP('',(#3536,#3537,#3538,#3539));
#8107=EDGE_LOOP('',(#3540,#3541,#3542,#3543));
#8108=EDGE_LOOP('',(#3544,#3545,#3546,#3547));
#8109=EDGE_LOOP('',(#3548,#3549,#3550,#3551));
#8110=EDGE_LOOP('',(#3552,#3553,#3554,#3555));
#8111=EDGE_LOOP('',(#3556,#3557,#3558,#3559));
#8112=EDGE_LOOP('',(#3560,#3561,#3562,#3563));
#8113=EDGE_LOOP('',(#3564,#3565,#3566,#3567));
#8114=EDGE_LOOP('',(#3568,#3569,#3570,#3571));
#8115=EDGE_LOOP('',(#3572,#3573,#3574,#3575));
#8116=EDGE_LOOP('',(#3576,#3577,#3578,#3579));
#8117=EDGE_LOOP('',(#3580,#3581,#3582,#3583));
#8118=EDGE_LOOP('',(#3584,#3585,#3586,#3587));
#8119=EDGE_LOOP('',(#3588,#3589,#3590,#3591));
#8120=EDGE_LOOP('',(#3592,#3593,#3594,#3595));
#8121=EDGE_LOOP('',(#3596,#3597,#3598,#3599));
#8122=EDGE_LOOP('',(#3600,#3601,#3602,#3603));
#8123=EDGE_LOOP('',(#3604,#3605,#3606,#3607));
#8124=EDGE_LOOP('',(#3608,#3609,#3610,#3611));
#8125=EDGE_LOOP('',(#3612,#3613,#3614,#3615));
#8126=EDGE_LOOP('',(#3616,#3617,#3618,#3619));
#8127=EDGE_LOOP('',(#3620,#3621,#3622,#3623));
#8128=EDGE_LOOP('',(#3624,#3625,#3626,#3627));
#8129=EDGE_LOOP('',(#3628,#3629,#3630,#3631));
#8130=EDGE_LOOP('',(#3632,#3633,#3634,#3635));
#8131=EDGE_LOOP('',(#3636,#3637,#3638,#3639));
#8132=EDGE_LOOP('',(#3640,#3641,#3642,#3643));
#8133=EDGE_LOOP('',(#3644,#3645,#3646,#3647));
#8134=EDGE_LOOP('',(#3648,#3649,#3650,#3651));
#8135=EDGE_LOOP('',(#3652,#3653,#3654,#3655));
#8136=EDGE_LOOP('',(#3656,#3657,#3658,#3659));
#8137=EDGE_LOOP('',(#3660,#3661,#3662,#3663));
#8138=EDGE_LOOP('',(#3664,#3665,#3666,#3667));
#8139=EDGE_LOOP('',(#3668,#3669,#3670,#3671));
#8140=EDGE_LOOP('',(#3672,#3673,#3674,#3675));
#8141=EDGE_LOOP('',(#3676,#3677,#3678,#3679));
#8142=EDGE_LOOP('',(#3680,#3681,#3682,#3683));
#8143=EDGE_LOOP('',(#3684,#3685,#3686,#3687));
#8144=EDGE_LOOP('',(#3688,#3689,#3690,#3691));
#8145=EDGE_LOOP('',(#3692,#3693,#3694,#3695));
#8146=EDGE_LOOP('',(#3696,#3697,#3698,#3699));
#8147=EDGE_LOOP('',(#3700,#3701,#3702,#3703));
#8148=EDGE_LOOP('',(#3704,#3705,#3706,#3707));
#8149=EDGE_LOOP('',(#3708,#3709,#3710,#3711));
#8150=EDGE_LOOP('',(#3712,#3713,#3714,#3715));
#8151=EDGE_LOOP('',(#3716,#3717,#3718,#3719));
#8152=EDGE_LOOP('',(#3720));
#8153=EDGE_LOOP('',(#3721));
#8154=EDGE_LOOP('',(#3722));
#8155=EDGE_LOOP('',(#3723));
#8156=EDGE_LOOP('',(#3724));
#8157=EDGE_LOOP('',(#3725));
#8158=EDGE_LOOP('',(#3726));
#8159=EDGE_LOOP('',(#3727));
#8160=EDGE_LOOP('',(#3728,#3729,#3730,#3731));
#8161=EDGE_LOOP('',(#3732,#3733,#3734,#3735));
#8162=EDGE_LOOP('',(#3736,#3737,#3738,#3739,#3740,#3741,#3742,#3743));
#8163=EDGE_LOOP('',(#3744));
#8164=EDGE_LOOP('',(#3745));
#8165=EDGE_LOOP('',(#3746));
#8166=EDGE_LOOP('',(#3747));
#8167=EDGE_LOOP('',(#3748,#3749,#3750,#3751,#3752,#3753,#3754,#3755));
#8168=EDGE_LOOP('',(#3756,#3757,#3758,#3759,#3760,#3761,#3762,#3763));
#8169=EDGE_LOOP('',(#3764,#3765,#3766,#3767));
#8170=EDGE_LOOP('',(#3768,#3769,#3770,#3771));
#8171=EDGE_LOOP('',(#3772,#3773,#3774,#3775));
#8172=EDGE_LOOP('',(#3776,#3777,#3778,#3779));
#8173=EDGE_LOOP('',(#3780,#3781,#3782,#3783,#3784,#3785,#3786,#3787,#3788,#3789,#3790,#3791));
#8174=EDGE_LOOP('',(#3792,#3793,#3794,#3795,#3796,#3797));
#8175=EDGE_LOOP('',(#3798,#3799,#3800,#3801,#3802,#3803));
#8176=EDGE_LOOP('',(#3804,#3805,#3806,#3807,#3808,#3809,#3810));
#8177=EDGE_LOOP('',(#3811,#3812,#3813,#3814,#3815,#3816,#3817,#3818));
#8178=EDGE_LOOP('',(#3819,#3820,#3821,#3822,#3823,#3824,#3825,#3826));
#8179=EDGE_LOOP('',(#3827,#3828,#3829,#3830,#3831,#3832,#3833,#3834,#3835,#3836,#3837,#3838,#3839,#3840,#3841,#3842,#3843,#3844));
#8180=EDGE_LOOP('',(#3845));
#8181=EDGE_LOOP('',(#3846));
#8182=EDGE_LOOP('',(#3847));
#8183=EDGE_LOOP('',(#3848));
#8184=EDGE_LOOP('',(#3849));
#8185=EDGE_LOOP('',(#3850));
#8186=EDGE_LOOP('',(#3851,#3852,#3853,#3854,#3855,#3856));
#8187=EDGE_LOOP('',(#3857,#3858,#3859,#3860,#3861,#3862,#3863,#3864,#3865,#3866));
#8188=EDGE_LOOP('',(#3867,#3868,#3869,#3870,#3871,#3872,#3873,#3874,#3875,#3876));
#8189=EDGE_LOOP('',(#3877,#3878,#3879,#3880,#3881,#3882,#3883,#3884,#3885));
#8190=EDGE_LOOP('',(#3886,#3887,#3888,#3889,#3890,#3891,#3892,#3893,#3894,#3895,#3896,#3897));
#8191=EDGE_LOOP('',(#3898,#3899,#3900,#3901,#3902,#3903,#3904,#3905,#3906,#3907));
#8192=EDGE_LOOP('',(#3908,#3909,#3910,#3911,#3912,#3913));
#8193=EDGE_LOOP('',(#3914,#3915,#3916,#3917,#3918,#3919,#3920));
#8194=EDGE_LOOP('',(#3921,#3922,#3923,#3924,#3925,#3926,#3927,#3928));
#8195=EDGE_LOOP('',(#3929,#3930,#3931,#3932,#3933,#3934,#3935,#3936));
#8196=EDGE_LOOP('',(#3937,#3938,#3939,#3940,#3941,#3942,#3943,#3944,#3945,#3946,#3947,#3948,#3949,#3950,#3951,#3952,#3953,#3954));
#8197=EDGE_LOOP('',(#3955));
#8198=EDGE_LOOP('',(#3956));
#8199=EDGE_LOOP('',(#3957));
#8200=EDGE_LOOP('',(#3958));
#8201=EDGE_LOOP('',(#3959));
#8202=EDGE_LOOP('',(#3960));
#8203=EDGE_LOOP('',(#3961,#3962,#3963,#3964,#3965,#3966));
#8204=EDGE_LOOP('',(#3967,#3968,#3969,#3970,#3971,#3972,#3973,#3974,#3975,#3976));
#8205=EDGE_LOOP('',(#3977,#3978,#3979,#3980,#3981,#3982,#3983,#3984,#3985));
#8206=EDGE_LOOP('',(#3986,#3987,#3988,#3989,#3990,#3991,#3992,#3993,#3994,#3995,#3996,#3997));
#8207=EDGE_LOOP('',(#3998,#3999,#4000,#4001,#4002,#4003));
#8208=EDGE_LOOP('',(#4004,#4005,#4006,#4007));
#8209=EDGE_LOOP('',(#4008,#4009,#4010,#4011));
#8210=EDGE_LOOP('',(#4012,#4013,#4014,#4015));
#8211=EDGE_LOOP('',(#4016,#4017,#4018,#4019));
#8212=EDGE_LOOP('',(#4020,#4021,#4022,#4023));
#8213=EDGE_LOOP('',(#4024,#4025,#4026,#4027));
#8214=EDGE_LOOP('',(#4028,#4029,#4030,#4031));
#8215=EDGE_LOOP('',(#4032,#4033,#4034,#4035));
#8216=EDGE_LOOP('',(#4036,#4037,#4038,#4039));
#8217=EDGE_LOOP('',(#4040,#4041,#4042,#4043));
#8218=EDGE_LOOP('',(#4044,#4045,#4046,#4047));
#8219=EDGE_LOOP('',(#4048));
#8220=EDGE_LOOP('',(#4049));
#8221=EDGE_LOOP('',(#4050));
#8222=EDGE_LOOP('',(#4051));
#8223=EDGE_LOOP('',(#4052));
#8224=EDGE_LOOP('',(#4053));
#8225=EDGE_LOOP('',(#4054));
#8226=EDGE_LOOP('',(#4055));
#8227=EDGE_LOOP('',(#4056));
#8228=EDGE_LOOP('',(#4057));
#8229=EDGE_LOOP('',(#4058));
#8230=EDGE_LOOP('',(#4059));
#8231=EDGE_LOOP('',(#4060,#4061,#4062,#4063));
#8232=EDGE_LOOP('',(#4064,#4065,#4066,#4067));
#8233=EDGE_LOOP('',(#4068,#4069,#4070,#4071));
#8234=EDGE_LOOP('',(#4072,#4073,#4074,#4075));
#8235=EDGE_LOOP('',(#4076,#4077,#4078,#4079));
#8236=EDGE_LOOP('',(#4080,#4081,#4082,#4083));
#8237=EDGE_LOOP('',(#4084,#4085,#4086,#4087));
#8238=EDGE_LOOP('',(#4088,#4089,#4090,#4091));
#8239=EDGE_LOOP('',(#4092,#4093,#4094,#4095));
#8240=EDGE_LOOP('',(#4096,#4097,#4098,#4099));
#8241=EDGE_LOOP('',(#4100,#4101,#4102,#4103));
#8242=EDGE_LOOP('',(#4104,#4105,#4106,#4107));
#8243=EDGE_LOOP('',(#4108,#4109,#4110,#4111));
#8244=EDGE_LOOP('',(#4112,#4113,#4114,#4115));
#8245=EDGE_LOOP('',(#4116,#4117,#4118,#4119));
#8246=EDGE_LOOP('',(#4120,#4121,#4122,#4123));
#8247=EDGE_LOOP('',(#4124,#4125,#4126,#4127));
#8248=EDGE_LOOP('',(#4128,#4129,#4130,#4131));
#8249=EDGE_LOOP('',(#4132,#4133,#4134,#4135));
#8250=EDGE_LOOP('',(#4136,#4137,#4138,#4139));
#8251=EDGE_LOOP('',(#4140,#4141,#4142,#4143));
#8252=EDGE_LOOP('',(#4144,#4145,#4146,#4147));
#8253=EDGE_LOOP('',(#4148,#4149,#4150,#4151));
#8254=EDGE_LOOP('',(#4152,#4153,#4154,#4155));
#8255=EDGE_LOOP('',(#4156,#4157,#4158,#4159));
#8256=EDGE_LOOP('',(#4160,#4161,#4162,#4163));
#8257=EDGE_LOOP('',(#4164,#4165,#4166,#4167));
#8258=EDGE_LOOP('',(#4168,#4169,#4170,#4171));
#8259=EDGE_LOOP('',(#4172,#4173,#4174,#4175));
#8260=EDGE_LOOP('',(#4176,#4177,#4178,#4179));
#8261=EDGE_LOOP('',(#4180,#4181,#4182,#4183));
#8262=EDGE_LOOP('',(#4184,#4185,#4186,#4187));
#8263=EDGE_LOOP('',(#4188,#4189,#4190,#4191));
#8264=EDGE_LOOP('',(#4192,#4193,#4194,#4195));
#8265=EDGE_LOOP('',(#4196,#4197,#4198,#4199));
#8266=EDGE_LOOP('',(#4200,#4201,#4202,#4203));
#8267=EDGE_LOOP('',(#4204,#4205,#4206,#4207));
#8268=EDGE_LOOP('',(#4208,#4209,#4210,#4211));
#8269=EDGE_LOOP('',(#4212,#4213,#4214,#4215));
#8270=EDGE_LOOP('',(#4216,#4217,#4218,#4219));
#8271=EDGE_LOOP('',(#4220,#4221,#4222,#4223));
#8272=EDGE_LOOP('',(#4224,#4225,#4226,#4227));
#8273=EDGE_LOOP('',(#4228,#4229,#4230,#4231));
#8274=EDGE_LOOP('',(#4232,#4233,#4234,#4235));
#8275=EDGE_LOOP('',(#4236,#4237,#4238,#4239));
#8276=EDGE_LOOP('',(#4240,#4241,#4242,#4243));
#8277=EDGE_LOOP('',(#4244,#4245,#4246,#4247));
#8278=EDGE_LOOP('',(#4248,#4249,#4250,#4251));
#8279=EDGE_LOOP('',(#4252,#4253,#4254,#4255));
#8280=EDGE_LOOP('',(#4256,#4257,#4258,#4259));
#8281=EDGE_LOOP('',(#4260,#4261,#4262,#4263));
#8282=EDGE_LOOP('',(#4264,#4265,#4266,#4267));
#8283=EDGE_LOOP('',(#4268,#4269,#4270,#4271));
#8284=EDGE_LOOP('',(#4272,#4273,#4274,#4275));
#8285=EDGE_LOOP('',(#4276,#4277,#4278,#4279));
#8286=EDGE_LOOP('',(#4280,#4281,#4282,#4283));
#8287=EDGE_LOOP('',(#4284,#4285,#4286,#4287));
#8288=EDGE_LOOP('',(#4288,#4289,#4290,#4291));
#8289=EDGE_LOOP('',(#4292,#4293,#4294,#4295));
#8290=EDGE_LOOP('',(#4296,#4297,#4298,#4299));
#8291=EDGE_LOOP('',(#4300,#4301,#4302,#4303));
#8292=EDGE_LOOP('',(#4304,#4305,#4306,#4307));
#8293=EDGE_LOOP('',(#4308,#4309,#4310,#4311));
#8294=EDGE_LOOP('',(#4312,#4313,#4314,#4315));
#8295=EDGE_LOOP('',(#4316,#4317,#4318,#4319));
#8296=EDGE_LOOP('',(#4320,#4321,#4322,#4323));
#8297=EDGE_LOOP('',(#4324,#4325,#4326,#4327));
#8298=EDGE_LOOP('',(#4328,#4329,#4330,#4331));
#8299=EDGE_LOOP('',(#4332,#4333,#4334,#4335));
#8300=EDGE_LOOP('',(#4336,#4337,#4338,#4339));
#8301=EDGE_LOOP('',(#4340,#4341,#4342,#4343));
#8302=EDGE_LOOP('',(#4344,#4345,#4346,#4347));
#8303=EDGE_LOOP('',(#4348,#4349,#4350,#4351));
#8304=EDGE_LOOP('',(#4352,#4353,#4354,#4355));
#8305=EDGE_LOOP('',(#4356,#4357,#4358,#4359));
#8306=EDGE_LOOP('',(#4360,#4361,#4362,#4363));
#8307=EDGE_LOOP('',(#4364,#4365,#4366,#4367));
#8308=EDGE_LOOP('',(#4368,#4369,#4370,#4371));
#8309=EDGE_LOOP('',(#4372,#4373,#4374,#4375));
#8310=EDGE_LOOP('',(#4376,#4377,#4378,#4379));
#8311=EDGE_LOOP('',(#4380,#4381,#4382,#4383));
#8312=EDGE_LOOP('',(#4384,#4385,#4386,#4387));
#8313=EDGE_LOOP('',(#4388,#4389,#4390,#4391));
#8314=EDGE_LOOP('',(#4392,#4393,#4394,#4395));
#8315=EDGE_LOOP('',(#4396,#4397,#4398,#4399));
#8316=EDGE_LOOP('',(#4400,#4401,#4402,#4403));
#8317=EDGE_LOOP('',(#4404,#4405,#4406,#4407));
#8318=EDGE_LOOP('',(#4408,#4409,#4410,#4411));
#8319=EDGE_LOOP('',(#4412,#4413,#4414,#4415));
#8320=FACE_BOUND('',#7774,.T.);
#8321=FACE_BOUND('',#7775,.T.);
#8322=FACE_BOUND('',#7776,.T.);
#8323=FACE_BOUND('',#7777,.T.);
#8324=FACE_BOUND('',#7778,.T.);
#8325=FACE_BOUND('',#7779,.T.);
#8326=FACE_BOUND('',#7780,.T.);
#8327=FACE_BOUND('',#7781,.T.);
#8328=FACE_BOUND('',#7782,.T.);
#8329=FACE_BOUND('',#7783,.T.);
#8330=FACE_BOUND('',#7784,.T.);
#8331=FACE_BOUND('',#7785,.T.);
#8332=FACE_BOUND('',#7786,.T.);
#8333=FACE_BOUND('',#7787,.T.);
#8334=FACE_BOUND('',#7788,.T.);
#8335=FACE_BOUND('',#7789,.T.);
#8336=FACE_BOUND('',#7790,.T.);
#8337=FACE_BOUND('',#7791,.T.);
#8338=FACE_BOUND('',#7792,.T.);
#8339=FACE_BOUND('',#7793,.T.);
#8340=FACE_BOUND('',#7794,.T.);
#8341=FACE_BOUND('',#7795,.T.);
#8342=FACE_BOUND('',#7796,.T.);
#8343=FACE_BOUND('',#7797,.T.);
#8344=FACE_BOUND('',#7798,.T.);
#8345=FACE_BOUND('',#7799,.T.);
#8346=FACE_BOUND('',#7800,.T.);
#8347=FACE_BOUND('',#7801,.T.);
#8348=FACE_BOUND('',#7802,.T.);
#8349=FACE_BOUND('',#7803,.T.);
#8350=FACE_BOUND('',#7804,.T.);
#8351=FACE_BOUND('',#7805,.T.);
#8352=FACE_BOUND('',#7806,.T.);
#8353=FACE_BOUND('',#7807,.T.);
#8354=FACE_BOUND('',#7808,.T.);
#8355=FACE_BOUND('',#7809,.T.);
#8356=FACE_BOUND('',#7810,.T.);
#8357=FACE_BOUND('',#7811,.T.);
#8358=FACE_BOUND('',#7812,.T.);
#8359=FACE_BOUND('',#7813,.T.);
#8360=FACE_BOUND('',#7814,.T.);
#8361=FACE_BOUND('',#7815,.T.);
#8362=FACE_BOUND('',#7816,.T.);
#8363=FACE_BOUND('',#7817,.T.);
#8364=FACE_BOUND('',#7818,.T.);
#8365=FACE_BOUND('',#7819,.T.);
#8366=FACE_BOUND('',#7820,.T.);
#8367=FACE_BOUND('',#7821,.T.);
#8368=FACE_BOUND('',#7822,.T.);
#8369=FACE_BOUND('',#7823,.T.);
#8370=FACE_BOUND('',#7824,.T.);
#8371=FACE_BOUND('',#7825,.T.);
#8372=FACE_BOUND('',#7826,.T.);
#8373=FACE_BOUND('',#7827,.T.);
#8374=FACE_BOUND('',#7828,.T.);
#8375=FACE_BOUND('',#7829,.T.);
#8376=FACE_BOUND('',#7830,.T.);
#8377=FACE_BOUND('',#7831,.T.);
#8378=FACE_BOUND('',#7832,.T.);
#8379=FACE_BOUND('',#7833,.T.);
#8380=FACE_BOUND('',#7834,.T.);
#8381=FACE_BOUND('',#7835,.T.);
#8382=FACE_BOUND('',#7836,.T.);
#8383=FACE_BOUND('',#7837,.T.);
#8384=FACE_BOUND('',#7838,.T.);
#8385=FACE_BOUND('',#7839,.T.);
#8386=FACE_BOUND('',#7840,.T.);
#8387=FACE_BOUND('',#7841,.T.);
#8388=FACE_BOUND('',#7842,.T.);
#8389=FACE_BOUND('',#7843,.T.);
#8390=FACE_BOUND('',#7844,.T.);
#8391=FACE_BOUND('',#7845,.T.);
#8392=FACE_BOUND('',#7846,.T.);
#8393=FACE_BOUND('',#7847,.T.);
#8394=FACE_BOUND('',#7848,.T.);
#8395=FACE_BOUND('',#7849,.T.);
#8396=FACE_BOUND('',#7850,.T.);
#8397=FACE_BOUND('',#7851,.T.);
#8398=FACE_BOUND('',#7852,.T.);
#8399=FACE_BOUND('',#7853,.T.);
#8400=FACE_BOUND('',#7854,.T.);
#8401=FACE_BOUND('',#7855,.T.);
#8402=FACE_BOUND('',#7856,.T.);
#8403=FACE_BOUND('',#7857,.T.);
#8404=FACE_BOUND('',#7858,.T.);
#8405=FACE_BOUND('',#7859,.T.);
#8406=FACE_BOUND('',#7860,.T.);
#8407=FACE_BOUND('',#7861,.T.);
#8408=FACE_BOUND('',#7862,.T.);
#8409=FACE_BOUND('',#7863,.T.);
#8410=FACE_BOUND('',#7864,.T.);
#8411=FACE_BOUND('',#7865,.T.);
#8412=FACE_BOUND('',#7866,.T.);
#8413=FACE_BOUND('',#7867,.T.);
#8414=FACE_BOUND('',#7868,.T.);
#8415=FACE_BOUND('',#7869,.T.);
#8416=FACE_BOUND('',#7870,.T.);
#8417=FACE_BOUND('',#7871,.T.);
#8418=FACE_BOUND('',#7872,.T.);
#8419=FACE_BOUND('',#7873,.T.);
#8420=FACE_BOUND('',#7874,.T.);
#8421=FACE_BOUND('',#7875,.T.);
#8422=FACE_BOUND('',#7876,.T.);
#8423=FACE_BOUND('',#7877,.T.);
#8424=FACE_BOUND('',#7878,.T.);
#8425=FACE_BOUND('',#7879,.T.);
#8426=FACE_BOUND('',#7880,.T.);
#8427=FACE_BOUND('',#7881,.T.);
#8428=FACE_BOUND('',#7882,.T.);
#8429=FACE_BOUND('',#7883,.T.);
#8430=FACE_BOUND('',#7884,.T.);
#8431=FACE_BOUND('',#7885,.T.);
#8432=FACE_BOUND('',#7886,.T.);
#8433=FACE_BOUND('',#7887,.T.);
#8434=FACE_BOUND('',#7888,.T.);
#8435=FACE_BOUND('',#7889,.T.);
#8436=FACE_BOUND('',#7890,.T.);
#8437=FACE_BOUND('',#7891,.T.);
#8438=FACE_BOUND('',#7892,.T.);
#8439=FACE_BOUND('',#7893,.T.);
#8440=FACE_BOUND('',#7894,.T.);
#8441=FACE_BOUND('',#7895,.T.);
#8442=FACE_BOUND('',#7896,.T.);
#8443=FACE_BOUND('',#7897,.T.);
#8444=FACE_BOUND('',#7898,.T.);
#8445=FACE_BOUND('',#7899,.T.);
#8446=FACE_BOUND('',#7900,.T.);
#8447=FACE_BOUND('',#7901,.T.);
#8448=FACE_BOUND('',#7902,.T.);
#8449=FACE_BOUND('',#7903,.T.);
#8450=FACE_BOUND('',#7904,.T.);
#8451=FACE_BOUND('',#7905,.T.);
#8452=FACE_BOUND('',#7906,.T.);
#8453=FACE_BOUND('',#7907,.T.);
#8454=FACE_BOUND('',#7908,.T.);
#8455=FACE_BOUND('',#7909,.T.);
#8456=FACE_BOUND('',#7910,.T.);
#8457=FACE_BOUND('',#7911,.T.);
#8458=FACE_BOUND('',#7912,.T.);
#8459=FACE_BOUND('',#7913,.T.);
#8460=FACE_BOUND('',#7914,.T.);
#8461=FACE_BOUND('',#7915,.T.);
#8462=FACE_BOUND('',#7916,.T.);
#8463=FACE_BOUND('',#7917,.T.);
#8464=FACE_BOUND('',#7918,.T.);
#8465=FACE_BOUND('',#7919,.T.);
#8466=FACE_BOUND('',#7920,.T.);
#8467=FACE_BOUND('',#7921,.T.);
#8468=FACE_BOUND('',#7922,.T.);
#8469=FACE_BOUND('',#7923,.T.);
#8470=FACE_BOUND('',#7924,.T.);
#8471=FACE_BOUND('',#7925,.T.);
#8472=FACE_BOUND('',#7926,.T.);
#8473=FACE_BOUND('',#7927,.T.);
#8474=FACE_BOUND('',#7928,.T.);
#8475=FACE_BOUND('',#7929,.T.);
#8476=FACE_BOUND('',#7930,.T.);
#8477=FACE_BOUND('',#7931,.T.);
#8478=FACE_BOUND('',#7932,.T.);
#8479=FACE_BOUND('',#7933,.T.);
#8480=FACE_BOUND('',#7934,.T.);
#8481=FACE_BOUND('',#7935,.T.);
#8482=FACE_BOUND('',#7936,.T.);
#8483=FACE_BOUND('',#7937,.T.);
#8484=FACE_BOUND('',#7938,.T.);
#8485=FACE_BOUND('',#7939,.T.);
#8486=FACE_BOUND('',#7940,.T.);
#8487=FACE_BOUND('',#7941,.T.);
#8488=FACE_BOUND('',#7942,.T.);
#8489=FACE_BOUND('',#7943,.T.);
#8490=FACE_BOUND('',#7944,.T.);
#8491=FACE_BOUND('',#7945,.T.);
#8492=FACE_BOUND('',#7946,.T.);
#8493=FACE_BOUND('',#7947,.T.);
#8494=FACE_BOUND('',#7948,.T.);
#8495=FACE_BOUND('',#7949,.T.);
#8496=FACE_BOUND('',#7950,.T.);
#8497=FACE_BOUND('',#7951,.T.);
#8498=FACE_BOUND('',#7952,.T.);
#8499=FACE_BOUND('',#7953,.T.);
#8500=FACE_BOUND('',#7954,.T.);
#8501=FACE_BOUND('',#7955,.T.);
#8502=FACE_BOUND('',#7956,.T.);
#8503=FACE_BOUND('',#7957,.T.);
#8504=FACE_BOUND('',#7958,.T.);
#8505=FACE_BOUND('',#7959,.T.);
#8506=FACE_BOUND('',#7960,.T.);
#8507=FACE_BOUND('',#7961,.T.);
#8508=FACE_BOUND('',#7962,.T.);
#8509=FACE_BOUND('',#7963,.T.);
#8510=FACE_BOUND('',#7964,.T.);
#8511=FACE_BOUND('',#7965,.T.);
#8512=FACE_BOUND('',#7966,.T.);
#8513=FACE_BOUND('',#7967,.T.);
#8514=FACE_BOUND('',#7968,.T.);
#8515=FACE_BOUND('',#7969,.T.);
#8516=FACE_BOUND('',#7970,.T.);
#8517=FACE_BOUND('',#7971,.T.);
#8518=FACE_BOUND('',#7972,.T.);
#8519=FACE_BOUND('',#7973,.T.);
#8520=FACE_BOUND('',#7974,.T.);
#8521=FACE_BOUND('',#7975,.T.);
#8522=FACE_BOUND('',#7976,.T.);
#8523=FACE_BOUND('',#7977,.T.);
#8524=FACE_BOUND('',#7978,.T.);
#8525=FACE_BOUND('',#7979,.T.);
#8526=FACE_BOUND('',#7980,.T.);
#8527=FACE_BOUND('',#7981,.T.);
#8528=FACE_BOUND('',#7982,.T.);
#8529=FACE_BOUND('',#7983,.T.);
#8530=FACE_BOUND('',#7984,.T.);
#8531=FACE_BOUND('',#7985,.T.);
#8532=FACE_BOUND('',#7986,.T.);
#8533=FACE_BOUND('',#7987,.T.);
#8534=FACE_BOUND('',#7988,.T.);
#8535=FACE_BOUND('',#7989,.T.);
#8536=FACE_BOUND('',#7990,.T.);
#8537=FACE_BOUND('',#7991,.T.);
#8538=FACE_BOUND('',#7992,.T.);
#8539=FACE_BOUND('',#7993,.T.);
#8540=FACE_BOUND('',#7994,.T.);
#8541=FACE_BOUND('',#7995,.T.);
#8542=FACE_BOUND('',#7996,.T.);
#8543=FACE_BOUND('',#7997,.T.);
#8544=FACE_BOUND('',#7998,.T.);
#8545=FACE_BOUND('',#7999,.T.);
#8546=FACE_BOUND('',#8000,.T.);
#8547=FACE_BOUND('',#8001,.T.);
#8548=FACE_BOUND('',#8002,.T.);
#8549=FACE_BOUND('',#8003,.T.);
#8550=FACE_BOUND('',#8004,.T.);
#8551=FACE_BOUND('',#8005,.T.);
#8552=FACE_BOUND('',#8006,.T.);
#8553=FACE_BOUND('',#8007,.T.);
#8554=FACE_BOUND('',#8008,.T.);
#8555=FACE_BOUND('',#8009,.T.);
#8556=FACE_BOUND('',#8010,.T.);
#8557=FACE_BOUND('',#8011,.T.);
#8558=FACE_BOUND('',#8012,.T.);
#8559=FACE_BOUND('',#8013,.T.);
#8560=FACE_BOUND('',#8014,.T.);
#8561=FACE_BOUND('',#8015,.T.);
#8562=FACE_BOUND('',#8016,.T.);
#8563=FACE_BOUND('',#8017,.T.);
#8564=FACE_BOUND('',#8018,.T.);
#8565=FACE_BOUND('',#8019,.T.);
#8566=FACE_BOUND('',#8020,.T.);
#8567=FACE_BOUND('',#8021,.T.);
#8568=FACE_BOUND('',#8022,.T.);
#8569=FACE_BOUND('',#8023,.T.);
#8570=FACE_BOUND('',#8024,.T.);
#8571=FACE_BOUND('',#8025,.T.);
#8572=FACE_BOUND('',#8026,.T.);
#8573=FACE_BOUND('',#8027,.T.);
#8574=FACE_BOUND('',#8028,.T.);
#8575=FACE_BOUND('',#8029,.T.);
#8576=FACE_BOUND('',#8030,.T.);
#8577=FACE_BOUND('',#8031,.T.);
#8578=FACE_BOUND('',#8032,.T.);
#8579=FACE_BOUND('',#8033,.T.);
#8580=FACE_BOUND('',#8034,.T.);
#8581=FACE_BOUND('',#8035,.T.);
#8582=FACE_BOUND('',#8036,.T.);
#8583=FACE_BOUND('',#8037,.T.);
#8584=FACE_BOUND('',#8038,.T.);
#8585=FACE_BOUND('',#8039,.T.);
#8586=FACE_BOUND('',#8040,.T.);
#8587=FACE_BOUND('',#8041,.T.);
#8588=FACE_BOUND('',#8042,.T.);
#8589=FACE_BOUND('',#8043,.T.);
#8590=FACE_BOUND('',#8044,.T.);
#8591=FACE_BOUND('',#8045,.T.);
#8592=FACE_BOUND('',#8046,.T.);
#8593=FACE_BOUND('',#8047,.T.);
#8594=FACE_BOUND('',#8048,.T.);
#8595=FACE_BOUND('',#8049,.T.);
#8596=FACE_BOUND('',#8050,.T.);
#8597=FACE_BOUND('',#8051,.T.);
#8598=FACE_BOUND('',#8052,.T.);
#8599=FACE_BOUND('',#8053,.T.);
#8600=FACE_BOUND('',#8054,.T.);
#8601=FACE_BOUND('',#8055,.T.);
#8602=FACE_BOUND('',#8056,.T.);
#8603=FACE_BOUND('',#8057,.T.);
#8604=FACE_BOUND('',#8058,.T.);
#8605=FACE_BOUND('',#8059,.T.);
#8606=FACE_BOUND('',#8060,.T.);
#8607=FACE_BOUND('',#8061,.T.);
#8608=FACE_BOUND('',#8062,.T.);
#8609=FACE_BOUND('',#8063,.T.);
#8610=FACE_BOUND('',#8064,.T.);
#8611=FACE_BOUND('',#8065,.T.);
#8612=FACE_BOUND('',#8066,.T.);
#8613=FACE_BOUND('',#8067,.T.);
#8614=FACE_BOUND('',#8068,.T.);
#8615=FACE_BOUND('',#8069,.T.);
#8616=FACE_BOUND('',#8070,.T.);
#8617=FACE_BOUND('',#8071,.T.);
#8618=FACE_BOUND('',#8072,.T.);
#8619=FACE_BOUND('',#8073,.T.);
#8620=FACE_BOUND('',#8074,.T.);
#8621=FACE_BOUND('',#8075,.T.);
#8622=FACE_BOUND('',#8076,.T.);
#8623=FACE_BOUND('',#8077,.T.);
#8624=FACE_BOUND('',#8078,.T.);
#8625=FACE_BOUND('',#8079,.T.);
#8626=FACE_BOUND('',#8080,.T.);
#8627=FACE_BOUND('',#8081,.T.);
#8628=FACE_BOUND('',#8082,.T.);
#8629=FACE_BOUND('',#8083,.T.);
#8630=FACE_BOUND('',#8084,.T.);
#8631=FACE_BOUND('',#8085,.T.);
#8632=FACE_BOUND('',#8086,.T.);
#8633=FACE_BOUND('',#8087,.T.);
#8634=FACE_BOUND('',#8088,.T.);
#8635=FACE_BOUND('',#8089,.T.);
#8636=FACE_BOUND('',#8090,.T.);
#8637=FACE_BOUND('',#8091,.T.);
#8638=FACE_BOUND('',#8092,.T.);
#8639=FACE_BOUND('',#8093,.T.);
#8640=FACE_BOUND('',#8094,.T.);
#8641=FACE_BOUND('',#8095,.T.);
#8642=FACE_BOUND('',#8096,.T.);
#8643=FACE_BOUND('',#8097,.T.);
#8644=FACE_BOUND('',#8098,.T.);
#8645=FACE_BOUND('',#8099,.T.);
#8646=FACE_BOUND('',#8100,.T.);
#8647=FACE_BOUND('',#8101,.T.);
#8648=FACE_BOUND('',#8102,.T.);
#8649=FACE_BOUND('',#8103,.T.);
#8650=FACE_BOUND('',#8104,.T.);
#8651=FACE_BOUND('',#8105,.T.);
#8652=FACE_BOUND('',#8106,.T.);
#8653=FACE_BOUND('',#8107,.T.);
#8654=FACE_BOUND('',#8108,.T.);
#8655=FACE_BOUND('',#8109,.T.);
#8656=FACE_BOUND('',#8110,.T.);
#8657=FACE_BOUND('',#8111,.T.);
#8658=FACE_BOUND('',#8112,.T.);
#8659=FACE_BOUND('',#8113,.T.);
#8660=FACE_BOUND('',#8114,.T.);
#8661=FACE_BOUND('',#8115,.T.);
#8662=FACE_BOUND('',#8116,.T.);
#8663=FACE_BOUND('',#8117,.T.);
#8664=FACE_BOUND('',#8118,.T.);
#8665=FACE_BOUND('',#8119,.T.);
#8666=FACE_BOUND('',#8120,.T.);
#8667=FACE_BOUND('',#8121,.T.);
#8668=FACE_BOUND('',#8122,.T.);
#8669=FACE_BOUND('',#8123,.T.);
#8670=FACE_BOUND('',#8124,.T.);
#8671=FACE_BOUND('',#8125,.T.);
#8672=FACE_BOUND('',#8126,.T.);
#8673=FACE_BOUND('',#8127,.T.);
#8674=FACE_BOUND('',#8128,.T.);
#8675=FACE_BOUND('',#8129,.T.);
#8676=FACE_BOUND('',#8130,.T.);
#8677=FACE_BOUND('',#8131,.T.);
#8678=FACE_BOUND('',#8132,.T.);
#8679=FACE_BOUND('',#8133,.T.);
#8680=FACE_BOUND('',#8134,.T.);
#8681=FACE_BOUND('',#8135,.T.);
#8682=FACE_BOUND('',#8136,.T.);
#8683=FACE_BOUND('',#8137,.T.);
#8684=FACE_BOUND('',#8138,.T.);
#8685=FACE_BOUND('',#8139,.T.);
#8686=FACE_BOUND('',#8140,.T.);
#8687=FACE_BOUND('',#8141,.T.);
#8688=FACE_BOUND('',#8142,.T.);
#8689=FACE_BOUND('',#8143,.T.);
#8690=FACE_BOUND('',#8144,.T.);
#8691=FACE_BOUND('',#8145,.T.);
#8692=FACE_BOUND('',#8146,.T.);
#8693=FACE_BOUND('',#8147,.T.);
#8694=FACE_BOUND('',#8148,.T.);
#8695=FACE_BOUND('',#8149,.T.);
#8696=FACE_BOUND('',#8150,.T.);
#8697=FACE_BOUND('',#8151,.T.);
#8698=FACE_BOUND('',#8152,.T.);
#8699=FACE_BOUND('',#8153,.T.);
#8700=FACE_BOUND('',#8154,.T.);
#8701=FACE_BOUND('',#8155,.T.);
#8702=FACE_BOUND('',#8156,.T.);
#8703=FACE_BOUND('',#8157,.T.);
#8704=FACE_BOUND('',#8158,.T.);
#8705=FACE_BOUND('',#8159,.T.);
#8706=FACE_BOUND('',#8160,.T.);
#8707=FACE_BOUND('',#8161,.T.);
#8708=FACE_BOUND('',#8162,.T.);
#8709=FACE_BOUND('',#8163,.T.);
#8710=FACE_BOUND('',#8164,.T.);
#8711=FACE_BOUND('',#8165,.T.);
#8712=FACE_BOUND('',#8166,.T.);
#8713=FACE_BOUND('',#8167,.T.);
#8714=FACE_BOUND('',#8168,.T.);
#8715=FACE_BOUND('',#8169,.T.);
#8716=FACE_BOUND('',#8170,.T.);
#8717=FACE_BOUND('',#8171,.T.);
#8718=FACE_BOUND('',#8172,.T.);
#8719=FACE_BOUND('',#8173,.T.);
#8720=FACE_BOUND('',#8174,.T.);
#8721=FACE_BOUND('',#8175,.T.);
#8722=FACE_BOUND('',#8176,.T.);
#8723=FACE_BOUND('',#8177,.T.);
#8724=FACE_BOUND('',#8178,.T.);
#8725=FACE_BOUND('',#8179,.T.);
#8726=FACE_BOUND('',#8180,.T.);
#8727=FACE_BOUND('',#8181,.T.);
#8728=FACE_BOUND('',#8182,.T.);
#8729=FACE_BOUND('',#8183,.T.);
#8730=FACE_BOUND('',#8184,.T.);
#8731=FACE_BOUND('',#8185,.T.);
#8732=FACE_BOUND('',#8186,.T.);
#8733=FACE_BOUND('',#8187,.T.);
#8734=FACE_BOUND('',#8188,.T.);
#8735=FACE_BOUND('',#8189,.T.);
#8736=FACE_BOUND('',#8190,.T.);
#8737=FACE_BOUND('',#8191,.T.);
#8738=FACE_BOUND('',#8192,.T.);
#8739=FACE_BOUND('',#8193,.T.);
#8740=FACE_BOUND('',#8194,.T.);
#8741=FACE_BOUND('',#8195,.T.);
#8742=FACE_BOUND('',#8196,.T.);
#8743=FACE_BOUND('',#8197,.T.);
#8744=FACE_BOUND('',#8198,.T.);
#8745=FACE_BOUND('',#8199,.T.);
#8746=FACE_BOUND('',#8200,.T.);
#8747=FACE_BOUND('',#8201,.T.);
#8748=FACE_BOUND('',#8202,.T.);
#8749=FACE_BOUND('',#8203,.T.);
#8750=FACE_BOUND('',#8204,.T.);
#8751=FACE_BOUND('',#8205,.T.);
#8752=FACE_BOUND('',#8206,.T.);
#8753=FACE_BOUND('',#8207,.T.);
#8754=FACE_BOUND('',#8208,.T.);
#8755=FACE_BOUND('',#8209,.T.);
#8756=FACE_BOUND('',#8210,.T.);
#8757=FACE_BOUND('',#8211,.T.);
#8758=FACE_BOUND('',#8212,.T.);
#8759=FACE_BOUND('',#8213,.T.);
#8760=FACE_BOUND('',#8214,.T.);
#8761=FACE_BOUND('',#8215,.T.);
#8762=FACE_BOUND('',#8216,.T.);
#8763=FACE_BOUND('',#8217,.T.);
#8764=FACE_BOUND('',#8218,.T.);
#8765=FACE_BOUND('',#8219,.T.);
#8766=FACE_BOUND('',#8220,.T.);
#8767=FACE_BOUND('',#8221,.T.);
#8768=FACE_BOUND('',#8222,.T.);
#8769=FACE_BOUND('',#8223,.T.);
#8770=FACE_BOUND('',#8224,.T.);
#8771=FACE_BOUND('',#8225,.T.);
#8772=FACE_BOUND('',#8226,.T.);
#8773=FACE_BOUND('',#8227,.T.);
#8774=FACE_BOUND('',#8228,.T.);
#8775=FACE_BOUND('',#8229,.T.);
#8776=FACE_BOUND('',#8230,.T.);
#8777=FACE_BOUND('',#8231,.T.);
#8778=FACE_BOUND('',#8232,.T.);
#8779=FACE_BOUND('',#8233,.T.);
#8780=FACE_BOUND('',#8234,.T.);
#8781=FACE_BOUND('',#8235,.T.);
#8782=FACE_BOUND('',#8236,.T.);
#8783=FACE_BOUND('',#8237,.T.);
#8784=FACE_BOUND('',#8238,.T.);
#8785=FACE_BOUND('',#8239,.T.);
#8786=FACE_BOUND('',#8240,.T.);
#8787=FACE_BOUND('',#8241,.T.);
#8788=FACE_BOUND('',#8242,.T.);
#8789=FACE_BOUND('',#8243,.T.);
#8790=FACE_BOUND('',#8244,.T.);
#8791=FACE_BOUND('',#8245,.T.);
#8792=FACE_BOUND('',#8246,.T.);
#8793=FACE_BOUND('',#8247,.T.);
#8794=FACE_BOUND('',#8248,.T.);
#8795=FACE_BOUND('',#8249,.T.);
#8796=FACE_BOUND('',#8250,.T.);
#8797=FACE_BOUND('',#8251,.T.);
#8798=FACE_BOUND('',#8252,.T.);
#8799=FACE_BOUND('',#8253,.T.);
#8800=FACE_BOUND('',#8254,.T.);
#8801=FACE_BOUND('',#8255,.T.);
#8802=FACE_BOUND('',#8256,.T.);
#8803=FACE_BOUND('',#8257,.T.);
#8804=FACE_BOUND('',#8258,.T.);
#8805=FACE_BOUND('',#8259,.T.);
#8806=FACE_BOUND('',#8260,.T.);
#8807=FACE_BOUND('',#8261,.T.);
#8808=FACE_BOUND('',#8262,.T.);
#8809=FACE_BOUND('',#8263,.T.);
#8810=FACE_BOUND('',#8264,.T.);
#8811=FACE_BOUND('',#8265,.T.);
#8812=FACE_BOUND('',#8266,.T.);
#8813=FACE_BOUND('',#8267,.T.);
#8814=FACE_BOUND('',#8268,.T.);
#8815=FACE_BOUND('',#8269,.T.);
#8816=FACE_BOUND('',#8270,.T.);
#8817=FACE_BOUND('',#8271,.T.);
#8818=FACE_BOUND('',#8272,.T.);
#8819=FACE_BOUND('',#8273,.T.);
#8820=FACE_BOUND('',#8274,.T.);
#8821=FACE_BOUND('',#8275,.T.);
#8822=FACE_BOUND('',#8276,.T.);
#8823=FACE_BOUND('',#8277,.T.);
#8824=FACE_BOUND('',#8278,.T.);
#8825=FACE_BOUND('',#8279,.T.);
#8826=FACE_BOUND('',#8280,.T.);
#8827=FACE_BOUND('',#8281,.T.);
#8828=FACE_BOUND('',#8282,.T.);
#8829=FACE_BOUND('',#8283,.T.);
#8830=FACE_BOUND('',#8284,.T.);
#8831=FACE_BOUND('',#8285,.T.);
#8832=FACE_BOUND('',#8286,.T.);
#8833=FACE_BOUND('',#8287,.T.);
#8834=FACE_BOUND('',#8288,.T.);
#8835=FACE_BOUND('',#8289,.T.);
#8836=FACE_BOUND('',#8290,.T.);
#8837=FACE_BOUND('',#8291,.T.);
#8838=FACE_BOUND('',#8292,.T.);
#8839=FACE_BOUND('',#8293,.T.);
#8840=FACE_BOUND('',#8294,.T.);
#8841=FACE_BOUND('',#8295,.T.);
#8842=FACE_BOUND('',#8296,.T.);
#8843=FACE_BOUND('',#8297,.T.);
#8844=FACE_BOUND('',#8298,.T.);
#8845=FACE_BOUND('',#8299,.T.);
#8846=FACE_BOUND('',#8300,.T.);
#8847=FACE_BOUND('',#8301,.T.);
#8848=FACE_BOUND('',#8302,.T.);
#8849=FACE_BOUND('',#8303,.T.);
#8850=FACE_BOUND('',#8304,.T.);
#8851=FACE_BOUND('',#8305,.T.);
#8852=FACE_BOUND('',#8306,.T.);
#8853=FACE_BOUND('',#8307,.T.);
#8854=FACE_BOUND('',#8308,.T.);
#8855=FACE_BOUND('',#8309,.T.);
#8856=FACE_BOUND('',#8310,.T.);
#8857=FACE_BOUND('',#8311,.T.);
#8858=FACE_BOUND('',#8312,.T.);
#8859=FACE_BOUND('',#8313,.T.);
#8860=FACE_BOUND('',#8314,.T.);
#8861=FACE_BOUND('',#8315,.T.);
#8862=FACE_BOUND('',#8316,.T.);
#8863=FACE_BOUND('',#8317,.T.);
#8864=FACE_BOUND('',#8318,.T.);
#8865=FACE_BOUND('',#8319,.T.);
#8866=PLANE('',#9436);
#8867=PLANE('',#9803);
#8868=PLANE('',#10172);
#8869=PLANE('',#10187);
#8870=PLANE('',#10193);
#8871=PLANE('',#10566);
#8872=PLANE('',#10567);
#8873=PLANE('',#10579);
#8874=PLANE('',#10593);
#8875=PLANE('',#10664);
#8876=PLANE('',#10735);
#8877=PLANE('',#10736);
#8878=PLANE('',#10737);
#8879=PLANE('',#10739);
#8880=PLANE('',#10743);
#8881=PLANE('',#10761);
#8882=PLANE('',#10762);
#8883=PLANE('',#10767);
#8884=PLANE('',#10768);
#8885=PLANE('',#10769);
#8886=PLANE('',#10770);
#8887=PLANE('',#10775);
#8888=PLANE('',#10777);
#8889=PLANE('',#10778);
#8890=PLANE('',#10782);
#8891=PLANE('',#10783);
#8892=PLANE('',#10784);
#8893=PLANE('',#10789);
#8894=PLANE('',#10790);
#8895=PLANE('',#10797);
#8896=PLANE('',#10798);
#8897=PLANE('',#10805);
#8898=PLANE('',#10806);
#8899=PLANE('',#10807);
#8900=PLANE('',#10808);
#8901=PLANE('',#10814);
#8902=PLANE('',#10816);
#8903=PLANE('',#10817);
#8904=PLANE('',#10818);
#8905=PLANE('',#10825);
#8906=PLANE('',#10826);
#8907=PLANE('',#10827);
#8908=PLANE('',#10828);
#8909=PLANE('',#10835);
#8910=PLANE('',#10836);
#8911=PLANE('',#10837);
#8912=ADVANCED_FACE('',(#8320),#8866,.T.);
#8913=ADVANCED_FACE('',(#8321),#8867,.F.);
#8914=ADVANCED_FACE('',(#8322),#160,.T.);
#8915=ADVANCED_FACE('',(#8323,#8324,#8325,#8326,#8327),#8868,.F.);
#8916=ADVANCED_FACE('',(#8328),#161,.T.);
#8917=ADVANCED_FACE('',(#8329),#8869,.T.);
#8918=ADVANCED_FACE('',(#8330),#8870,.F.);
#8919=ADVANCED_FACE('',(#8331),#162,.T.);
#8920=ADVANCED_FACE('',(#8332),#163,.T.);
#8921=ADVANCED_FACE('',(#8333),#164,.T.);
#8922=ADVANCED_FACE('',(#8334),#165,.T.);
#8923=ADVANCED_FACE('',(#8335),#166,.T.);
#8924=ADVANCED_FACE('',(#8336),#167,.T.);
#8925=ADVANCED_FACE('',(#8337),#168,.T.);
#8926=ADVANCED_FACE('',(#8338),#169,.T.);
#8927=ADVANCED_FACE('',(#8339),#170,.T.);
#8928=ADVANCED_FACE('',(#8340),#171,.T.);
#8929=ADVANCED_FACE('',(#8341),#172,.T.);
#8930=ADVANCED_FACE('',(#8342),#173,.T.);
#8931=ADVANCED_FACE('',(#8343),#174,.T.);
#8932=ADVANCED_FACE('',(#8344),#175,.T.);
#8933=ADVANCED_FACE('',(#8345),#176,.T.);
#8934=ADVANCED_FACE('',(#8346),#177,.T.);
#8935=ADVANCED_FACE('',(#8347),#178,.T.);
#8936=ADVANCED_FACE('',(#8348),#179,.T.);
#8937=ADVANCED_FACE('',(#8349),#180,.T.);
#8938=ADVANCED_FACE('',(#8350),#181,.T.);
#8939=ADVANCED_FACE('',(#8351),#182,.T.);
#8940=ADVANCED_FACE('',(#8352),#183,.T.);
#8941=ADVANCED_FACE('',(#8353),#184,.T.);
#8942=ADVANCED_FACE('',(#8354),#185,.T.);
#8943=ADVANCED_FACE('',(#8355),#186,.T.);
#8944=ADVANCED_FACE('',(#8356),#187,.T.);
#8945=ADVANCED_FACE('',(#8357),#188,.T.);
#8946=ADVANCED_FACE('',(#8358),#189,.T.);
#8947=ADVANCED_FACE('',(#8359),#190,.T.);
#8948=ADVANCED_FACE('',(#8360),#191,.T.);
#8949=ADVANCED_FACE('',(#8361),#192,.T.);
#8950=ADVANCED_FACE('',(#8362),#193,.T.);
#8951=ADVANCED_FACE('',(#8363),#194,.T.);
#8952=ADVANCED_FACE('',(#8364),#195,.T.);
#8953=ADVANCED_FACE('',(#8365),#196,.T.);
#8954=ADVANCED_FACE('',(#8366),#197,.T.);
#8955=ADVANCED_FACE('',(#8367),#198,.T.);
#8956=ADVANCED_FACE('',(#8368),#199,.T.);
#8957=ADVANCED_FACE('',(#8369),#200,.T.);
#8958=ADVANCED_FACE('',(#8370),#201,.T.);
#8959=ADVANCED_FACE('',(#8371),#202,.T.);
#8960=ADVANCED_FACE('',(#8372),#203,.T.);
#8961=ADVANCED_FACE('',(#8373),#204,.T.);
#8962=ADVANCED_FACE('',(#8374),#205,.T.);
#8963=ADVANCED_FACE('',(#8375),#206,.T.);
#8964=ADVANCED_FACE('',(#8376),#207,.T.);
#8965=ADVANCED_FACE('',(#8377),#208,.T.);
#8966=ADVANCED_FACE('',(#8378),#209,.T.);
#8967=ADVANCED_FACE('',(#8379),#210,.T.);
#8968=ADVANCED_FACE('',(#8380),#211,.T.);
#8969=ADVANCED_FACE('',(#8381),#212,.T.);
#8970=ADVANCED_FACE('',(#8382),#213,.T.);
#8971=ADVANCED_FACE('',(#8383),#214,.T.);
#8972=ADVANCED_FACE('',(#8384),#215,.T.);
#8973=ADVANCED_FACE('',(#8385),#216,.T.);
#8974=ADVANCED_FACE('',(#8386),#217,.T.);
#8975=ADVANCED_FACE('',(#8387),#218,.T.);
#8976=ADVANCED_FACE('',(#8388),#219,.T.);
#8977=ADVANCED_FACE('',(#8389),#220,.T.);
#8978=ADVANCED_FACE('',(#8390),#221,.T.);
#8979=ADVANCED_FACE('',(#8391),#222,.T.);
#8980=ADVANCED_FACE('',(#8392),#223,.T.);
#8981=ADVANCED_FACE('',(#8393),#224,.T.);
#8982=ADVANCED_FACE('',(#8394),#225,.F.);
#8983=ADVANCED_FACE('',(#8395),#226,.T.);
#8984=ADVANCED_FACE('',(#8396),#227,.T.);
#8985=ADVANCED_FACE('',(#8397),#228,.T.);
#8986=ADVANCED_FACE('',(#8398),#229,.F.);
#8987=ADVANCED_FACE('',(#8399),#230,.F.);
#8988=ADVANCED_FACE('',(#8400),#231,.T.);
#8989=ADVANCED_FACE('',(#8401),#232,.T.);
#8990=ADVANCED_FACE('',(#8402),#233,.T.);
#8991=ADVANCED_FACE('',(#8403),#234,.F.);
#8992=ADVANCED_FACE('',(#8404),#235,.F.);
#8993=ADVANCED_FACE('',(#8405),#236,.T.);
#8994=ADVANCED_FACE('',(#8406),#237,.T.);
#8995=ADVANCED_FACE('',(#8407),#238,.T.);
#8996=ADVANCED_FACE('',(#8408),#239,.F.);
#8997=ADVANCED_FACE('',(#8409),#240,.F.);
#8998=ADVANCED_FACE('',(#8410),#241,.T.);
#8999=ADVANCED_FACE('',(#8411),#242,.T.);
#9000=ADVANCED_FACE('',(#8412),#243,.T.);
#9001=ADVANCED_FACE('',(#8413),#244,.F.);
#9002=ADVANCED_FACE('',(#8414),#245,.F.);
#9003=ADVANCED_FACE('',(#8415),#246,.T.);
#9004=ADVANCED_FACE('',(#8416),#247,.T.);
#9005=ADVANCED_FACE('',(#8417),#248,.T.);
#9006=ADVANCED_FACE('',(#8418),#249,.F.);
#9007=ADVANCED_FACE('',(#8419),#250,.F.);
#9008=ADVANCED_FACE('',(#8420),#251,.T.);
#9009=ADVANCED_FACE('',(#8421),#252,.T.);
#9010=ADVANCED_FACE('',(#8422),#253,.T.);
#9011=ADVANCED_FACE('',(#8423),#254,.F.);
#9012=ADVANCED_FACE('',(#8424),#255,.F.);
#9013=ADVANCED_FACE('',(#8425),#256,.T.);
#9014=ADVANCED_FACE('',(#8426),#257,.T.);
#9015=ADVANCED_FACE('',(#8427),#258,.T.);
#9016=ADVANCED_FACE('',(#8428),#259,.F.);
#9017=ADVANCED_FACE('',(#8429),#260,.F.);
#9018=ADVANCED_FACE('',(#8430),#261,.T.);
#9019=ADVANCED_FACE('',(#8431),#262,.T.);
#9020=ADVANCED_FACE('',(#8432),#263,.T.);
#9021=ADVANCED_FACE('',(#8433),#264,.F.);
#9022=ADVANCED_FACE('',(#8434),#265,.F.);
#9023=ADVANCED_FACE('',(#8435),#266,.T.);
#9024=ADVANCED_FACE('',(#8436),#267,.T.);
#9025=ADVANCED_FACE('',(#8437),#268,.T.);
#9026=ADVANCED_FACE('',(#8438),#269,.F.);
#9027=ADVANCED_FACE('',(#8439),#270,.F.);
#9028=ADVANCED_FACE('',(#8440),#271,.T.);
#9029=ADVANCED_FACE('',(#8441),#272,.T.);
#9030=ADVANCED_FACE('',(#8442),#273,.T.);
#9031=ADVANCED_FACE('',(#8443),#274,.F.);
#9032=ADVANCED_FACE('',(#8444),#275,.F.);
#9033=ADVANCED_FACE('',(#8445),#276,.T.);
#9034=ADVANCED_FACE('',(#8446),#277,.T.);
#9035=ADVANCED_FACE('',(#8447),#278,.T.);
#9036=ADVANCED_FACE('',(#8448),#279,.F.);
#9037=ADVANCED_FACE('',(#8449),#280,.F.);
#9038=ADVANCED_FACE('',(#8450),#281,.T.);
#9039=ADVANCED_FACE('',(#8451),#282,.T.);
#9040=ADVANCED_FACE('',(#8452),#283,.T.);
#9041=ADVANCED_FACE('',(#8453),#284,.F.);
#9042=ADVANCED_FACE('',(#8454),#285,.F.);
#9043=ADVANCED_FACE('',(#8455),#286,.T.);
#9044=ADVANCED_FACE('',(#8456),#287,.T.);
#9045=ADVANCED_FACE('',(#8457),#288,.T.);
#9046=ADVANCED_FACE('',(#8458),#289,.F.);
#9047=ADVANCED_FACE('',(#8459),#290,.F.);
#9048=ADVANCED_FACE('',(#8460),#291,.T.);
#9049=ADVANCED_FACE('',(#8461),#292,.T.);
#9050=ADVANCED_FACE('',(#8462),#293,.T.);
#9051=ADVANCED_FACE('',(#8463),#294,.F.);
#9052=ADVANCED_FACE('',(#8464),#295,.F.);
#9053=ADVANCED_FACE('',(#8465),#296,.T.);
#9054=ADVANCED_FACE('',(#8466),#297,.T.);
#9055=ADVANCED_FACE('',(#8467),#298,.T.);
#9056=ADVANCED_FACE('',(#8468),#299,.F.);
#9057=ADVANCED_FACE('',(#8469),#300,.F.);
#9058=ADVANCED_FACE('',(#8470),#301,.T.);
#9059=ADVANCED_FACE('',(#8471),#302,.T.);
#9060=ADVANCED_FACE('',(#8472),#303,.T.);
#9061=ADVANCED_FACE('',(#8473),#304,.F.);
#9062=ADVANCED_FACE('',(#8474),#305,.F.);
#9063=ADVANCED_FACE('',(#8475),#306,.T.);
#9064=ADVANCED_FACE('',(#8476),#307,.T.);
#9065=ADVANCED_FACE('',(#8477),#308,.T.);
#9066=ADVANCED_FACE('',(#8478),#309,.F.);
#9067=ADVANCED_FACE('',(#8479),#310,.F.);
#9068=ADVANCED_FACE('',(#8480),#311,.T.);
#9069=ADVANCED_FACE('',(#8481),#312,.T.);
#9070=ADVANCED_FACE('',(#8482),#313,.T.);
#9071=ADVANCED_FACE('',(#8483),#314,.F.);
#9072=ADVANCED_FACE('',(#8484),#315,.F.);
#9073=ADVANCED_FACE('',(#8485),#316,.T.);
#9074=ADVANCED_FACE('',(#8486),#317,.T.);
#9075=ADVANCED_FACE('',(#8487),#318,.T.);
#9076=ADVANCED_FACE('',(#8488),#319,.F.);
#9077=ADVANCED_FACE('',(#8489),#320,.F.);
#9078=ADVANCED_FACE('',(#8490),#321,.T.);
#9079=ADVANCED_FACE('',(#8491),#322,.T.);
#9080=ADVANCED_FACE('',(#8492),#323,.T.);
#9081=ADVANCED_FACE('',(#8493),#324,.F.);
#9082=ADVANCED_FACE('',(#8494),#325,.F.);
#9083=ADVANCED_FACE('',(#8495),#326,.T.);
#9084=ADVANCED_FACE('',(#8496),#327,.T.);
#9085=ADVANCED_FACE('',(#8497),#328,.T.);
#9086=ADVANCED_FACE('',(#8498),#329,.F.);
#9087=ADVANCED_FACE('',(#8499),#330,.F.);
#9088=ADVANCED_FACE('',(#8500),#331,.T.);
#9089=ADVANCED_FACE('',(#8501),#332,.T.);
#9090=ADVANCED_FACE('',(#8502),#333,.T.);
#9091=ADVANCED_FACE('',(#8503),#334,.F.);
#9092=ADVANCED_FACE('',(#8504),#335,.F.);
#9093=ADVANCED_FACE('',(#8505),#336,.T.);
#9094=ADVANCED_FACE('',(#8506),#337,.T.);
#9095=ADVANCED_FACE('',(#8507),#338,.T.);
#9096=ADVANCED_FACE('',(#8508),#339,.F.);
#9097=ADVANCED_FACE('',(#8509),#340,.F.);
#9098=ADVANCED_FACE('',(#8510),#341,.T.);
#9099=ADVANCED_FACE('',(#8511),#342,.T.);
#9100=ADVANCED_FACE('',(#8512),#343,.T.);
#9101=ADVANCED_FACE('',(#8513),#344,.F.);
#9102=ADVANCED_FACE('',(#8514),#345,.F.);
#9103=ADVANCED_FACE('',(#8515),#346,.T.);
#9104=ADVANCED_FACE('',(#8516),#347,.T.);
#9105=ADVANCED_FACE('',(#8517),#348,.T.);
#9106=ADVANCED_FACE('',(#8518),#349,.F.);
#9107=ADVANCED_FACE('',(#8519),#350,.F.);
#9108=ADVANCED_FACE('',(#8520),#351,.T.);
#9109=ADVANCED_FACE('',(#8521),#352,.T.);
#9110=ADVANCED_FACE('',(#8522),#353,.T.);
#9111=ADVANCED_FACE('',(#8523),#354,.F.);
#9112=ADVANCED_FACE('',(#8524),#355,.F.);
#9113=ADVANCED_FACE('',(#8525),#356,.T.);
#9114=ADVANCED_FACE('',(#8526),#357,.T.);
#9115=ADVANCED_FACE('',(#8527),#358,.T.);
#9116=ADVANCED_FACE('',(#8528),#359,.F.);
#9117=ADVANCED_FACE('',(#8529),#360,.F.);
#9118=ADVANCED_FACE('',(#8530),#361,.T.);
#9119=ADVANCED_FACE('',(#8531),#362,.T.);
#9120=ADVANCED_FACE('',(#8532),#363,.T.);
#9121=ADVANCED_FACE('',(#8533),#364,.F.);
#9122=ADVANCED_FACE('',(#8534),#365,.F.);
#9123=ADVANCED_FACE('',(#8535),#366,.T.);
#9124=ADVANCED_FACE('',(#8536),#367,.T.);
#9125=ADVANCED_FACE('',(#8537),#368,.T.);
#9126=ADVANCED_FACE('',(#8538),#369,.F.);
#9127=ADVANCED_FACE('',(#8539),#370,.F.);
#9128=ADVANCED_FACE('',(#8540),#371,.T.);
#9129=ADVANCED_FACE('',(#8541),#372,.T.);
#9130=ADVANCED_FACE('',(#8542),#373,.T.);
#9131=ADVANCED_FACE('',(#8543),#374,.F.);
#9132=ADVANCED_FACE('',(#8544),#375,.F.);
#9133=ADVANCED_FACE('',(#8545),#376,.T.);
#9134=ADVANCED_FACE('',(#8546),#377,.T.);
#9135=ADVANCED_FACE('',(#8547),#378,.T.);
#9136=ADVANCED_FACE('',(#8548),#379,.F.);
#9137=ADVANCED_FACE('',(#8549),#380,.F.);
#9138=ADVANCED_FACE('',(#8550),#381,.T.);
#9139=ADVANCED_FACE('',(#8551),#382,.T.);
#9140=ADVANCED_FACE('',(#8552),#383,.T.);
#9141=ADVANCED_FACE('',(#8553),#384,.F.);
#9142=ADVANCED_FACE('',(#8554),#385,.F.);
#9143=ADVANCED_FACE('',(#8555),#386,.T.);
#9144=ADVANCED_FACE('',(#8556),#387,.T.);
#9145=ADVANCED_FACE('',(#8557),#388,.T.);
#9146=ADVANCED_FACE('',(#8558),#389,.F.);
#9147=ADVANCED_FACE('',(#8559),#390,.F.);
#9148=ADVANCED_FACE('',(#8560),#391,.T.);
#9149=ADVANCED_FACE('',(#8561),#392,.T.);
#9150=ADVANCED_FACE('',(#8562),#393,.T.);
#9151=ADVANCED_FACE('',(#8563),#394,.F.);
#9152=ADVANCED_FACE('',(#8564),#395,.F.);
#9153=ADVANCED_FACE('',(#8565),#396,.T.);
#9154=ADVANCED_FACE('',(#8566),#397,.T.);
#9155=ADVANCED_FACE('',(#8567),#398,.T.);
#9156=ADVANCED_FACE('',(#8568),#399,.F.);
#9157=ADVANCED_FACE('',(#8569),#400,.F.);
#9158=ADVANCED_FACE('',(#8570),#401,.T.);
#9159=ADVANCED_FACE('',(#8571),#402,.T.);
#9160=ADVANCED_FACE('',(#8572),#403,.T.);
#9161=ADVANCED_FACE('',(#8573),#404,.F.);
#9162=ADVANCED_FACE('',(#8574),#405,.F.);
#9163=ADVANCED_FACE('',(#8575),#406,.T.);
#9164=ADVANCED_FACE('',(#8576),#407,.T.);
#9165=ADVANCED_FACE('',(#8577),#408,.T.);
#9166=ADVANCED_FACE('',(#8578),#409,.F.);
#9167=ADVANCED_FACE('',(#8579),#410,.F.);
#9168=ADVANCED_FACE('',(#8580),#411,.T.);
#9169=ADVANCED_FACE('',(#8581),#412,.T.);
#9170=ADVANCED_FACE('',(#8582),#413,.T.);
#9171=ADVANCED_FACE('',(#8583),#414,.F.);
#9172=ADVANCED_FACE('',(#8584),#415,.F.);
#9173=ADVANCED_FACE('',(#8585),#416,.T.);
#9174=ADVANCED_FACE('',(#8586),#417,.T.);
#9175=ADVANCED_FACE('',(#8587),#418,.T.);
#9176=ADVANCED_FACE('',(#8588),#419,.F.);
#9177=ADVANCED_FACE('',(#8589),#420,.F.);
#9178=ADVANCED_FACE('',(#8590),#421,.T.);
#9179=ADVANCED_FACE('',(#8591),#422,.T.);
#9180=ADVANCED_FACE('',(#8592),#423,.T.);
#9181=ADVANCED_FACE('',(#8593),#424,.F.);
#9182=ADVANCED_FACE('',(#8594),#425,.F.);
#9183=ADVANCED_FACE('',(#8595),#426,.T.);
#9184=ADVANCED_FACE('',(#8596),#427,.T.);
#9185=ADVANCED_FACE('',(#8597),#428,.T.);
#9186=ADVANCED_FACE('',(#8598),#429,.F.);
#9187=ADVANCED_FACE('',(#8599),#430,.F.);
#9188=ADVANCED_FACE('',(#8600),#431,.T.);
#9189=ADVANCED_FACE('',(#8601),#432,.T.);
#9190=ADVANCED_FACE('',(#8602),#433,.T.);
#9191=ADVANCED_FACE('',(#8603),#434,.F.);
#9192=ADVANCED_FACE('',(#8604),#435,.F.);
#9193=ADVANCED_FACE('',(#8605),#436,.T.);
#9194=ADVANCED_FACE('',(#8606),#437,.T.);
#9195=ADVANCED_FACE('',(#8607),#438,.T.);
#9196=ADVANCED_FACE('',(#8608),#439,.F.);
#9197=ADVANCED_FACE('',(#8609),#440,.F.);
#9198=ADVANCED_FACE('',(#8610),#441,.T.);
#9199=ADVANCED_FACE('',(#8611),#442,.T.);
#9200=ADVANCED_FACE('',(#8612),#443,.T.);
#9201=ADVANCED_FACE('',(#8613),#444,.F.);
#9202=ADVANCED_FACE('',(#8614),#445,.F.);
#9203=ADVANCED_FACE('',(#8615),#446,.T.);
#9204=ADVANCED_FACE('',(#8616),#447,.T.);
#9205=ADVANCED_FACE('',(#8617),#448,.T.);
#9206=ADVANCED_FACE('',(#8618),#449,.F.);
#9207=ADVANCED_FACE('',(#8619),#450,.F.);
#9208=ADVANCED_FACE('',(#8620),#451,.T.);
#9209=ADVANCED_FACE('',(#8621),#452,.T.);
#9210=ADVANCED_FACE('',(#8622),#453,.T.);
#9211=ADVANCED_FACE('',(#8623),#454,.F.);
#9212=ADVANCED_FACE('',(#8624),#455,.F.);
#9213=ADVANCED_FACE('',(#8625),#456,.T.);
#9214=ADVANCED_FACE('',(#8626),#457,.T.);
#9215=ADVANCED_FACE('',(#8627),#458,.T.);
#9216=ADVANCED_FACE('',(#8628),#459,.F.);
#9217=ADVANCED_FACE('',(#8629),#460,.F.);
#9218=ADVANCED_FACE('',(#8630),#461,.T.);
#9219=ADVANCED_FACE('',(#8631),#462,.T.);
#9220=ADVANCED_FACE('',(#8632),#463,.T.);
#9221=ADVANCED_FACE('',(#8633),#464,.F.);
#9222=ADVANCED_FACE('',(#8634),#465,.F.);
#9223=ADVANCED_FACE('',(#8635),#466,.T.);
#9224=ADVANCED_FACE('',(#8636),#467,.T.);
#9225=ADVANCED_FACE('',(#8637),#468,.T.);
#9226=ADVANCED_FACE('',(#8638),#469,.F.);
#9227=ADVANCED_FACE('',(#8639),#470,.F.);
#9228=ADVANCED_FACE('',(#8640),#471,.T.);
#9229=ADVANCED_FACE('',(#8641),#472,.T.);
#9230=ADVANCED_FACE('',(#8642),#473,.T.);
#9231=ADVANCED_FACE('',(#8643),#474,.F.);
#9232=ADVANCED_FACE('',(#8644),#475,.F.);
#9233=ADVANCED_FACE('',(#8645),#476,.T.);
#9234=ADVANCED_FACE('',(#8646),#477,.T.);
#9235=ADVANCED_FACE('',(#8647),#478,.T.);
#9236=ADVANCED_FACE('',(#8648),#479,.F.);
#9237=ADVANCED_FACE('',(#8649),#480,.F.);
#9238=ADVANCED_FACE('',(#8650),#481,.T.);
#9239=ADVANCED_FACE('',(#8651),#482,.T.);
#9240=ADVANCED_FACE('',(#8652),#483,.T.);
#9241=ADVANCED_FACE('',(#8653),#484,.F.);
#9242=ADVANCED_FACE('',(#8654),#485,.F.);
#9243=ADVANCED_FACE('',(#8655),#486,.T.);
#9244=ADVANCED_FACE('',(#8656),#487,.T.);
#9245=ADVANCED_FACE('',(#8657),#488,.T.);
#9246=ADVANCED_FACE('',(#8658),#489,.F.);
#9247=ADVANCED_FACE('',(#8659),#490,.F.);
#9248=ADVANCED_FACE('',(#8660),#491,.T.);
#9249=ADVANCED_FACE('',(#8661),#492,.T.);
#9250=ADVANCED_FACE('',(#8662),#493,.T.);
#9251=ADVANCED_FACE('',(#8663),#494,.F.);
#9252=ADVANCED_FACE('',(#8664),#495,.F.);
#9253=ADVANCED_FACE('',(#8665),#496,.T.);
#9254=ADVANCED_FACE('',(#8666),#497,.T.);
#9255=ADVANCED_FACE('',(#8667),#498,.T.);
#9256=ADVANCED_FACE('',(#8668),#499,.F.);
#9257=ADVANCED_FACE('',(#8669),#500,.F.);
#9258=ADVANCED_FACE('',(#8670),#501,.T.);
#9259=ADVANCED_FACE('',(#8671),#502,.T.);
#9260=ADVANCED_FACE('',(#8672),#503,.T.);
#9261=ADVANCED_FACE('',(#8673),#504,.F.);
#9262=ADVANCED_FACE('',(#8674),#505,.F.);
#9263=ADVANCED_FACE('',(#8675),#506,.T.);
#9264=ADVANCED_FACE('',(#8676),#507,.T.);
#9265=ADVANCED_FACE('',(#8677),#508,.T.);
#9266=ADVANCED_FACE('',(#8678),#509,.F.);
#9267=ADVANCED_FACE('',(#8679),#510,.F.);
#9268=ADVANCED_FACE('',(#8680),#511,.T.);
#9269=ADVANCED_FACE('',(#8681),#512,.T.);
#9270=ADVANCED_FACE('',(#8682),#513,.T.);
#9271=ADVANCED_FACE('',(#8683),#514,.F.);
#9272=ADVANCED_FACE('',(#8684),#515,.F.);
#9273=ADVANCED_FACE('',(#8685),#516,.T.);
#9274=ADVANCED_FACE('',(#8686),#517,.T.);
#9275=ADVANCED_FACE('',(#8687),#518,.T.);
#9276=ADVANCED_FACE('',(#8688),#519,.F.);
#9277=ADVANCED_FACE('',(#8689),#520,.F.);
#9278=ADVANCED_FACE('',(#8690),#521,.T.);
#9279=ADVANCED_FACE('',(#8691),#522,.T.);
#9280=ADVANCED_FACE('',(#8692),#523,.T.);
#9281=ADVANCED_FACE('',(#8693),#524,.F.);
#9282=ADVANCED_FACE('',(#8694),#525,.F.);
#9283=ADVANCED_FACE('',(#8695),#526,.F.);
#9284=ADVANCED_FACE('',(#8696),#8871,.T.);
#9285=ADVANCED_FACE('',(#8697),#8872,.F.);
#9286=ADVANCED_FACE('',(#8698,#8699),#527,.F.);
#9287=ADVANCED_FACE('',(#8700,#8701),#528,.F.);
#9288=ADVANCED_FACE('',(#8702,#8703),#529,.F.);
#9289=ADVANCED_FACE('',(#8704,#8705),#530,.F.);
#9290=ADVANCED_FACE('',(#8706),#531,.T.);
#9291=ADVANCED_FACE('',(#8707),#532,.T.);
#9292=ADVANCED_FACE('',(#8708,#8709,#8710,#8711,#8712),#8873,.T.);
#9293=ADVANCED_FACE('',(#8713),#533,.T.);
#9294=ADVANCED_FACE('',(#8714),#534,.T.);
#9295=ADVANCED_FACE('',(#8715),#535,.T.);
#9296=ADVANCED_FACE('',(#8716),#536,.T.);
#9297=ADVANCED_FACE('',(#8717),#537,.T.);
#9298=ADVANCED_FACE('',(#8718),#538,.T.);
#9299=ADVANCED_FACE('',(#8719),#539,.F.);
#9300=ADVANCED_FACE('',(#8720,#8721,#8722,#8723,#8724,#8725,#8726,#8727,#8728,#8729,#8730,#8731,#8732,#8733,#8734,#8735,#8736),#8874,.T.);
#9301=ADVANCED_FACE('',(#8737,#8738,#8739,#8740,#8741,#8742,#8743,#8744,#8745,#8746,#8747,#8748,#8749,#8750,#8751,#8752,#8753),#8875,.F.);
#9302=ADVANCED_FACE('',(#8754),#8876,.T.);
#9303=ADVANCED_FACE('',(#8755),#8877,.T.);
#9304=ADVANCED_FACE('',(#8756),#8878,.T.);
#9305=ADVANCED_FACE('',(#8757),#540,.T.);
#9306=ADVANCED_FACE('',(#8758),#8879,.F.);
#9307=ADVANCED_FACE('',(#8759),#541,.T.);
#9308=ADVANCED_FACE('',(#8760),#542,.F.);
#9309=ADVANCED_FACE('',(#8761),#543,.F.);
#9310=ADVANCED_FACE('',(#8762),#8880,.F.);
#9311=ADVANCED_FACE('',(#8763),#544,.T.);
#9312=ADVANCED_FACE('',(#8764),#545,.T.);
#9313=ADVANCED_FACE('',(#8765,#8766),#546,.F.);
#9314=ADVANCED_FACE('',(#8767,#8768),#547,.F.);
#9315=ADVANCED_FACE('',(#8769,#8770),#548,.F.);
#9316=ADVANCED_FACE('',(#8771,#8772),#549,.F.);
#9317=ADVANCED_FACE('',(#8773,#8774),#550,.F.);
#9318=ADVANCED_FACE('',(#8775,#8776),#551,.F.);
#9319=ADVANCED_FACE('',(#8777),#552,.F.);
#9320=ADVANCED_FACE('',(#8778),#553,.T.);
#9321=ADVANCED_FACE('',(#8779),#554,.T.);
#9322=ADVANCED_FACE('',(#8780),#555,.F.);
#9323=ADVANCED_FACE('',(#8781),#556,.F.);
#9324=ADVANCED_FACE('',(#8782),#557,.T.);
#9325=ADVANCED_FACE('',(#8783),#558,.T.);
#9326=ADVANCED_FACE('',(#8784),#559,.T.);
#9327=ADVANCED_FACE('',(#8785),#560,.F.);
#9328=ADVANCED_FACE('',(#8786),#8881,.T.);
#9329=ADVANCED_FACE('',(#8787),#8882,.T.);
#9330=ADVANCED_FACE('',(#8788),#561,.F.);
#9331=ADVANCED_FACE('',(#8789),#562,.F.);
#9332=ADVANCED_FACE('',(#8790),#563,.F.);
#9333=ADVANCED_FACE('',(#8791),#564,.F.);
#9334=ADVANCED_FACE('',(#8792),#8883,.F.);
#9335=ADVANCED_FACE('',(#8793),#8884,.T.);
#9336=ADVANCED_FACE('',(#8794),#8885,.T.);
#9337=ADVANCED_FACE('',(#8795),#8886,.T.);
#9338=ADVANCED_FACE('',(#8796),#565,.F.);
#9339=ADVANCED_FACE('',(#8797),#566,.F.);
#9340=ADVANCED_FACE('',(#8798),#567,.F.);
#9341=ADVANCED_FACE('',(#8799),#568,.F.);
#9342=ADVANCED_FACE('',(#8800),#8887,.F.);
#9343=ADVANCED_FACE('',(#8801),#569,.F.);
#9344=ADVANCED_FACE('',(#8802),#8888,.T.);
#9345=ADVANCED_FACE('',(#8803),#8889,.T.);
#9346=ADVANCED_FACE('',(#8804),#570,.F.);
#9347=ADVANCED_FACE('',(#8805),#571,.F.);
#9348=ADVANCED_FACE('',(#8806),#572,.F.);
#9349=ADVANCED_FACE('',(#8807),#8890,.T.);
#9350=ADVANCED_FACE('',(#8808),#8891,.T.);
#9351=ADVANCED_FACE('',(#8809),#8892,.T.);
#9352=ADVANCED_FACE('',(#8810),#573,.F.);
#9353=ADVANCED_FACE('',(#8811),#574,.F.);
#9354=ADVANCED_FACE('',(#8812),#575,.F.);
#9355=ADVANCED_FACE('',(#8813),#576,.T.);
#9356=ADVANCED_FACE('',(#8814),#8893,.T.);
#9357=ADVANCED_FACE('',(#8815),#8894,.T.);
#9358=ADVANCED_FACE('',(#8816),#577,.F.);
#9359=ADVANCED_FACE('',(#8817),#578,.F.);
#9360=ADVANCED_FACE('',(#8818),#579,.F.);
#9361=ADVANCED_FACE('',(#8819),#580,.T.);
#9362=ADVANCED_FACE('',(#8820),#581,.T.);
#9363=ADVANCED_FACE('',(#8821),#582,.T.);
#9364=ADVANCED_FACE('',(#8822),#8895,.T.);
#9365=ADVANCED_FACE('',(#8823),#8896,.T.);
#9366=ADVANCED_FACE('',(#8824),#583,.F.);
#9367=ADVANCED_FACE('',(#8825),#584,.F.);
#9368=ADVANCED_FACE('',(#8826),#585,.F.);
#9369=ADVANCED_FACE('',(#8827),#586,.F.);
#9370=ADVANCED_FACE('',(#8828),#587,.F.);
#9371=ADVANCED_FACE('',(#8829),#588,.T.);
#9372=ADVANCED_FACE('',(#8830),#8897,.T.);
#9373=ADVANCED_FACE('',(#8831),#8898,.T.);
#9374=ADVANCED_FACE('',(#8832),#8899,.T.);
#9375=ADVANCED_FACE('',(#8833),#8900,.T.);
#9376=ADVANCED_FACE('',(#8834),#589,.F.);
#9377=ADVANCED_FACE('',(#8835),#590,.F.);
#9378=ADVANCED_FACE('',(#8836),#591,.F.);
#9379=ADVANCED_FACE('',(#8837),#592,.F.);
#9380=ADVANCED_FACE('',(#8838),#593,.F.);
#9381=ADVANCED_FACE('',(#8839),#8901,.T.);
#9382=ADVANCED_FACE('',(#8840),#594,.T.);
#9383=ADVANCED_FACE('',(#8841),#8902,.T.);
#9384=ADVANCED_FACE('',(#8842),#8903,.T.);
#9385=ADVANCED_FACE('',(#8843),#8904,.T.);
#9386=ADVANCED_FACE('',(#8844),#595,.F.);
#9387=ADVANCED_FACE('',(#8845),#596,.F.);
#9388=ADVANCED_FACE('',(#8846),#597,.F.);
#9389=ADVANCED_FACE('',(#8847),#598,.F.);
#9390=ADVANCED_FACE('',(#8848),#599,.T.);
#9391=ADVANCED_FACE('',(#8849),#600,.T.);
#9392=ADVANCED_FACE('',(#8850),#8905,.T.);
#9393=ADVANCED_FACE('',(#8851),#8906,.T.);
#9394=ADVANCED_FACE('',(#8852),#8907,.T.);
#9395=ADVANCED_FACE('',(#8853),#8908,.T.);
#9396=ADVANCED_FACE('',(#8854),#601,.F.);
#9397=ADVANCED_FACE('',(#8855),#602,.F.);
#9398=ADVANCED_FACE('',(#8856),#603,.F.);
#9399=ADVANCED_FACE('',(#8857),#604,.F.);
#9400=ADVANCED_FACE('',(#8858),#605,.F.);
#9401=ADVANCED_FACE('',(#8859),#606,.F.);
#9402=ADVANCED_FACE('',(#8860),#8909,.T.);
#9403=ADVANCED_FACE('',(#8861),#8910,.T.);
#9404=ADVANCED_FACE('',(#8862),#8911,.T.);
#9405=ADVANCED_FACE('',(#8863),#607,.F.);
#9406=ADVANCED_FACE('',(#8864),#608,.F.);
#9407=ADVANCED_FACE('',(#8865),#609,.F.);
#9408=CLOSED_SHELL('',(#8912,#8913,#8914,#8915,#8916,#8917,#8918,#8919,#8920,#8921,#8922,#8923,#8924,#8925,#8926,#8927,#8928,#8929,#8930,#8931,#8932,#8933,#8934,#8935,#8936,#8937,#8938,#8939,#8940,#8941,#8942,#8943,#8944,#8945,#8946,#8947,#8948,#8949,#8950,#8951,#8952,#8953,#8954,#8955,#8956,#8957,#8958,#8959,#8960,#8961,#8962,#8963,#8964,#8965,#8966,#8967,#8968,#8969,#8970,#8971,#8972,#8973,#8974,#8975,#8976,#8977,#8978,#8979,#8980,#8981,#8982,#8983,#8984,#8985,#8986,#8987,#8988,#8989,#8990,#8991,#8992,#8993,#8994,#8995,#8996,#8997,#8998,#8999,#9000,#9001,#9002,#9003,#9004,#9005,#9006,#9007,#9008,#9009,#9010,#9011,#9012,#9013,#9014,#9015,#9016,#9017,#9018,#9019,#9020,#9021,#9022,#9023,#9024,#9025,#9026,#9027,#9028,#9029,#9030,#9031,#9032,#9033,#9034,#9035,#9036,#9037,#9038,#9039,#9040,#9041,#9042,#9043,#9044,#9045,#9046,#9047,#9048,#9049,#9050,#9051,#9052,#9053,#9054,#9055,#9056,#9057,#9058,#9059,#9060,#9061,#9062,#9063,#9064,#9065,#9066,#9067,#9068,#9069,#9070,#9071,#9072,#9073,#9074,#9075,#9076,#9077,#9078,#9079,#9080,#9081,#9082,#9083,#9084,#9085,#9086,#9087,#9088,#9089,#9090,#9091,#9092,#9093,#9094,#9095,#9096,#9097,#9098,#9099,#9100,#9101,#9102,#9103,#9104,#9105,#9106,#9107,#9108,#9109,#9110,#9111,#9112,#9113,#9114,#9115,#9116,#9117,#9118,#9119,#9120,#9121,#9122,#9123,#9124,#9125,#9126,#9127,#9128,#9129,#9130,#9131,#9132,#9133,#9134,#9135,#9136,#9137,#9138,#9139,#9140,#9141,#9142,#9143,#9144,#9145,#9146,#9147,#9148,#9149,#9150,#9151,#9152,#9153,#9154,#9155,#9156,#9157,#9158,#9159,#9160,#9161,#9162,#9163,#9164,#9165,#9166,#9167,#9168,#9169,#9170,#9171,#9172,#9173,#9174,#9175,#9176,#9177,#9178,#9179,#9180,#9181,#9182,#9183,#9184,#9185,#9186,#9187,#9188,#9189,#9190,#9191,#9192,#9193,#9194,#9195,#9196,#9197,#9198,#9199,#9200,#9201,#9202,#9203,#9204,#9205,#9206,#9207,#9208,#9209,#9210,#9211,#9212,#9213,#9214,#9215,#9216,#9217,#9218,#9219,#9220,#9221,#9222,#9223,#9224,#9225,#9226,#9227,#9228,#9229,#9230,#9231,#9232,#9233,#9234,#9235,#9236,#9237,#9238,#9239,#9240,#9241,#9242,#9243,#9244,#9245,#9246,#9247,#9248,#9249,#9250,#9251,#9252,#9253,#9254,#9255,#9256,#9257,#9258,#9259,#9260,#9261,#9262,#9263,#9264,#9265,#9266,#9267,#9268,#9269,#9270,#9271,#9272,#9273,#9274,#9275,#9276,#9277,#9278,#9279,#9280,#9281,#9282,#9283,#9284,#9285,#9286,#9287,#9288,#9289,#9290,#9291,#9292,#9293,#9294,#9295,#9296,#9297,#9298,#9299));
#9409=CLOSED_SHELL('',(#9300,#9301,#9302,#9303,#9304,#9305,#9306,#9307,#9308,#9309,#9310,#9311,#9312,#9313,#9314,#9315,#9316,#9317,#9318,#9319,#9320,#9321,#9322,#9323,#9324,#9325,#9326,#9327,#9328,#9329,#9330,#9331,#9332,#9333,#9334,#9335,#9336,#9337,#9338,#9339,#9340,#9341,#9342,#9343,#9344,#9345,#9346,#9347,#9348,#9349,#9350,#9351,#9352,#9353,#9354,#9355,#9356,#9357,#9358,#9359,#9360,#9361,#9362,#9363,#9364,#9365,#9366,#9367,#9368,#9369,#9370,#9371,#9372,#9373,#9374,#9375,#9376,#9377,#9378,#9379,#9380,#9381,#9382,#9383,#9384,#9385,#9386,#9387,#9388,#9389,#9390,#9391,#9392,#9393,#9394,#9395,#9396,#9397,#9398,#9399,#9400,#9401,#9402,#9403,#9404,#9405,#9406,#9407));
#9410=STYLED_ITEM('',(#9412),#9425);
#9411=STYLED_ITEM('',(#9413),#9426);
#9412=PRESENTATION_STYLE_ASSIGNMENT((#9414));
#9413=PRESENTATION_STYLE_ASSIGNMENT((#9415));
#9414=SURFACE_STYLE_USAGE(.BOTH.,#9416);
#9415=SURFACE_STYLE_USAGE(.BOTH.,#9417);
#9416=SURFACE_SIDE_STYLE('',(#9418));
#9417=SURFACE_SIDE_STYLE('',(#9419));
#9418=SURFACE_STYLE_FILL_AREA(#9420);
#9419=SURFACE_STYLE_FILL_AREA(#9421);
#9420=FILL_AREA_STYLE('',(#9422));
#9421=FILL_AREA_STYLE('',(#9423));
#9422=FILL_AREA_STYLE_COLOUR('',#9424);
#9423=FILL_AREA_STYLE_COLOUR('',#10);
#9424=COLOUR_RGB('',0.196078431372549,0.192156862745098,0.192156862745098);
#9425=MANIFOLD_SOLID_BREP('Spur gear (372 teeth)',#9408);
#9426=MANIFOLD_SOLID_BREP('stick',#9409);
#9427=SHAPE_DEFINITION_REPRESENTATION(#17433,#9431);
#9428=SHAPE_DEFINITION_REPRESENTATION(#17434,#9432);
#9429=SHAPE_DEFINITION_REPRESENTATION(#17435,#9433);
#9430=SHAPE_DEFINITION_REPRESENTATION(#17437,#9434);
#9431=SHAPE_REPRESENTATION('Top Bot',(#9435,#10845),#17422);
#9432=SHAPE_REPRESENTATION('Three Shooters <1>',(#9435,#10592,#10841,#10842,#10843,#10844),#17423);
#9433=SHAPE_REPRESENTATION('Spur gear (372 teeth)',(#9435),#17424);
#9434=SHAPE_REPRESENTATION('stick',(#9435),#17425);
#9435=AXIS2_PLACEMENT_3D('',#14105,#10846,#10847);
#9436=AXIS2_PLACEMENT_3D('',#14106,#10848,#10849);
#9437=AXIS2_PLACEMENT_3D('',#14107,#10850,#10851);
#9438=AXIS2_PLACEMENT_3D('',#14110,#10852,#10853);
#9439=AXIS2_PLACEMENT_3D('',#14112,#10854,#10855);
#9440=AXIS2_PLACEMENT_3D('',#14114,#10856,#10857);
#9441=AXIS2_PLACEMENT_3D('',#14116,#10858,#10859);
#9442=AXIS2_PLACEMENT_3D('',#14118,#10860,#10861);
#9443=AXIS2_PLACEMENT_3D('',#14120,#10862,#10863);
#9444=AXIS2_PLACEMENT_3D('',#14122,#10864,#10865);
#9445=AXIS2_PLACEMENT_3D('',#14124,#10866,#10867);
#9446=AXIS2_PLACEMENT_3D('',#14126,#10868,#10869);
#9447=AXIS2_PLACEMENT_3D('',#14128,#10870,#10871);
#9448=AXIS2_PLACEMENT_3D('',#14130,#10872,#10873);
#9449=AXIS2_PLACEMENT_3D('',#14132,#10874,#10875);
#9450=AXIS2_PLACEMENT_3D('',#14134,#10876,#10877);
#9451=AXIS2_PLACEMENT_3D('',#14136,#10878,#10879);
#9452=AXIS2_PLACEMENT_3D('',#14138,#10880,#10881);
#9453=AXIS2_PLACEMENT_3D('',#14140,#10882,#10883);
#9454=AXIS2_PLACEMENT_3D('',#14142,#10884,#10885);
#9455=AXIS2_PLACEMENT_3D('',#14144,#10886,#10887);
#9456=AXIS2_PLACEMENT_3D('',#14146,#10888,#10889);
#9457=AXIS2_PLACEMENT_3D('',#14148,#10890,#10891);
#9458=AXIS2_PLACEMENT_3D('',#14150,#10892,#10893);
#9459=AXIS2_PLACEMENT_3D('',#14152,#10894,#10895);
#9460=AXIS2_PLACEMENT_3D('',#14154,#10896,#10897);
#9461=AXIS2_PLACEMENT_3D('',#14156,#10898,#10899);
#9462=AXIS2_PLACEMENT_3D('',#14158,#10900,#10901);
#9463=AXIS2_PLACEMENT_3D('',#14160,#10902,#10903);
#9464=AXIS2_PLACEMENT_3D('',#14162,#10904,#10905);
#9465=AXIS2_PLACEMENT_3D('',#14164,#10906,#10907);
#9466=AXIS2_PLACEMENT_3D('',#14166,#10908,#10909);
#9467=AXIS2_PLACEMENT_3D('',#14168,#10910,#10911);
#9468=AXIS2_PLACEMENT_3D('',#14170,#10912,#10913);
#9469=AXIS2_PLACEMENT_3D('',#14172,#10914,#10915);
#9470=AXIS2_PLACEMENT_3D('',#14174,#10916,#10917);
#9471=AXIS2_PLACEMENT_3D('',#14176,#10918,#10919);
#9472=AXIS2_PLACEMENT_3D('',#14178,#10920,#10921);
#9473=AXIS2_PLACEMENT_3D('',#14180,#10922,#10923);
#9474=AXIS2_PLACEMENT_3D('',#14182,#10924,#10925);
#9475=AXIS2_PLACEMENT_3D('',#14184,#10926,#10927);
#9476=AXIS2_PLACEMENT_3D('',#14186,#10928,#10929);
#9477=AXIS2_PLACEMENT_3D('',#14188,#10930,#10931);
#9478=AXIS2_PLACEMENT_3D('',#14190,#10932,#10933);
#9479=AXIS2_PLACEMENT_3D('',#14192,#10934,#10935);
#9480=AXIS2_PLACEMENT_3D('',#14194,#10936,#10937);
#9481=AXIS2_PLACEMENT_3D('',#14196,#10938,#10939);
#9482=AXIS2_PLACEMENT_3D('',#14198,#10940,#10941);
#9483=AXIS2_PLACEMENT_3D('',#14200,#10942,#10943);
#9484=AXIS2_PLACEMENT_3D('',#14202,#10944,#10945);
#9485=AXIS2_PLACEMENT_3D('',#14204,#10946,#10947);
#9486=AXIS2_PLACEMENT_3D('',#14206,#10948,#10949);
#9487=AXIS2_PLACEMENT_3D('',#14208,#10950,#10951);
#9488=AXIS2_PLACEMENT_3D('',#14210,#10952,#10953);
#9489=AXIS2_PLACEMENT_3D('',#14212,#10954,#10955);
#9490=AXIS2_PLACEMENT_3D('',#14214,#10956,#10957);
#9491=AXIS2_PLACEMENT_3D('',#14216,#10958,#10959);
#9492=AXIS2_PLACEMENT_3D('',#14218,#10960,#10961);
#9493=AXIS2_PLACEMENT_3D('',#14220,#10962,#10963);
#9494=AXIS2_PLACEMENT_3D('',#14222,#10964,#10965);
#9495=AXIS2_PLACEMENT_3D('',#14224,#10966,#10967);
#9496=AXIS2_PLACEMENT_3D('',#14226,#10968,#10969);
#9497=AXIS2_PLACEMENT_3D('',#14228,#10970,#10971);
#9498=AXIS2_PLACEMENT_3D('',#14230,#10972,#10973);
#9499=AXIS2_PLACEMENT_3D('',#14232,#10974,#10975);
#9500=AXIS2_PLACEMENT_3D('',#14234,#10976,#10977);
#9501=AXIS2_PLACEMENT_3D('',#14236,#10978,#10979);
#9502=AXIS2_PLACEMENT_3D('',#14238,#10980,#10981);
#9503=AXIS2_PLACEMENT_3D('',#14240,#10982,#10983);
#9504=AXIS2_PLACEMENT_3D('',#14242,#10984,#10985);
#9505=AXIS2_PLACEMENT_3D('',#14244,#10986,#10987);
#9506=AXIS2_PLACEMENT_3D('',#14246,#10988,#10989);
#9507=AXIS2_PLACEMENT_3D('',#14248,#10990,#10991);
#9508=AXIS2_PLACEMENT_3D('',#14250,#10992,#10993);
#9509=AXIS2_PLACEMENT_3D('',#14252,#10994,#10995);
#9510=AXIS2_PLACEMENT_3D('',#14254,#10996,#10997);
#9511=AXIS2_PLACEMENT_3D('',#14256,#10998,#10999);
#9512=AXIS2_PLACEMENT_3D('',#14258,#11000,#11001);
#9513=AXIS2_PLACEMENT_3D('',#14260,#11002,#11003);
#9514=AXIS2_PLACEMENT_3D('',#14262,#11004,#11005);
#9515=AXIS2_PLACEMENT_3D('',#14264,#11006,#11007);
#9516=AXIS2_PLACEMENT_3D('',#14266,#11008,#11009);
#9517=AXIS2_PLACEMENT_3D('',#14268,#11010,#11011);
#9518=AXIS2_PLACEMENT_3D('',#14270,#11012,#11013);
#9519=AXIS2_PLACEMENT_3D('',#14272,#11014,#11015);
#9520=AXIS2_PLACEMENT_3D('',#14274,#11016,#11017);
#9521=AXIS2_PLACEMENT_3D('',#14276,#11018,#11019);
#9522=AXIS2_PLACEMENT_3D('',#14278,#11020,#11021);
#9523=AXIS2_PLACEMENT_3D('',#14280,#11022,#11023);
#9524=AXIS2_PLACEMENT_3D('',#14282,#11024,#11025);
#9525=AXIS2_PLACEMENT_3D('',#14284,#11026,#11027);
#9526=AXIS2_PLACEMENT_3D('',#14286,#11028,#11029);
#9527=AXIS2_PLACEMENT_3D('',#14288,#11030,#11031);
#9528=AXIS2_PLACEMENT_3D('',#14290,#11032,#11033);
#9529=AXIS2_PLACEMENT_3D('',#14292,#11034,#11035);
#9530=AXIS2_PLACEMENT_3D('',#14294,#11036,#11037);
#9531=AXIS2_PLACEMENT_3D('',#14296,#11038,#11039);
#9532=AXIS2_PLACEMENT_3D('',#14298,#11040,#11041);
#9533=AXIS2_PLACEMENT_3D('',#14300,#11042,#11043);
#9534=AXIS2_PLACEMENT_3D('',#14302,#11044,#11045);
#9535=AXIS2_PLACEMENT_3D('',#14304,#11046,#11047);
#9536=AXIS2_PLACEMENT_3D('',#14306,#11048,#11049);
#9537=AXIS2_PLACEMENT_3D('',#14308,#11050,#11051);
#9538=AXIS2_PLACEMENT_3D('',#14310,#11052,#11053);
#9539=AXIS2_PLACEMENT_3D('',#14312,#11054,#11055);
#9540=AXIS2_PLACEMENT_3D('',#14314,#11056,#11057);
#9541=AXIS2_PLACEMENT_3D('',#14316,#11058,#11059);
#9542=AXIS2_PLACEMENT_3D('',#14318,#11060,#11061);
#9543=AXIS2_PLACEMENT_3D('',#14320,#11062,#11063);
#9544=AXIS2_PLACEMENT_3D('',#14322,#11064,#11065);
#9545=AXIS2_PLACEMENT_3D('',#14324,#11066,#11067);
#9546=AXIS2_PLACEMENT_3D('',#14326,#11068,#11069);
#9547=AXIS2_PLACEMENT_3D('',#14328,#11070,#11071);
#9548=AXIS2_PLACEMENT_3D('',#14330,#11072,#11073);
#9549=AXIS2_PLACEMENT_3D('',#14332,#11074,#11075);
#9550=AXIS2_PLACEMENT_3D('',#14334,#11076,#11077);
#9551=AXIS2_PLACEMENT_3D('',#14336,#11078,#11079);
#9552=AXIS2_PLACEMENT_3D('',#14338,#11080,#11081);
#9553=AXIS2_PLACEMENT_3D('',#14340,#11082,#11083);
#9554=AXIS2_PLACEMENT_3D('',#14342,#11084,#11085);
#9555=AXIS2_PLACEMENT_3D('',#14344,#11086,#11087);
#9556=AXIS2_PLACEMENT_3D('',#14346,#11088,#11089);
#9557=AXIS2_PLACEMENT_3D('',#14348,#11090,#11091);
#9558=AXIS2_PLACEMENT_3D('',#14350,#11092,#11093);
#9559=AXIS2_PLACEMENT_3D('',#14352,#11094,#11095);
#9560=AXIS2_PLACEMENT_3D('',#14354,#11096,#11097);
#9561=AXIS2_PLACEMENT_3D('',#14356,#11098,#11099);
#9562=AXIS2_PLACEMENT_3D('',#14358,#11100,#11101);
#9563=AXIS2_PLACEMENT_3D('',#14360,#11102,#11103);
#9564=AXIS2_PLACEMENT_3D('',#14362,#11104,#11105);
#9565=AXIS2_PLACEMENT_3D('',#14364,#11106,#11107);
#9566=AXIS2_PLACEMENT_3D('',#14366,#11108,#11109);
#9567=AXIS2_PLACEMENT_3D('',#14368,#11110,#11111);
#9568=AXIS2_PLACEMENT_3D('',#14370,#11112,#11113);
#9569=AXIS2_PLACEMENT_3D('',#14372,#11114,#11115);
#9570=AXIS2_PLACEMENT_3D('',#14374,#11116,#11117);
#9571=AXIS2_PLACEMENT_3D('',#14376,#11118,#11119);
#9572=AXIS2_PLACEMENT_3D('',#14378,#11120,#11121);
#9573=AXIS2_PLACEMENT_3D('',#14380,#11122,#11123);
#9574=AXIS2_PLACEMENT_3D('',#14382,#11124,#11125);
#9575=AXIS2_PLACEMENT_3D('',#14384,#11126,#11127);
#9576=AXIS2_PLACEMENT_3D('',#14386,#11128,#11129);
#9577=AXIS2_PLACEMENT_3D('',#14388,#11130,#11131);
#9578=AXIS2_PLACEMENT_3D('',#14390,#11132,#11133);
#9579=AXIS2_PLACEMENT_3D('',#14392,#11134,#11135);
#9580=AXIS2_PLACEMENT_3D('',#14394,#11136,#11137);
#9581=AXIS2_PLACEMENT_3D('',#14396,#11138,#11139);
#9582=AXIS2_PLACEMENT_3D('',#14398,#11140,#11141);
#9583=AXIS2_PLACEMENT_3D('',#14400,#11142,#11143);
#9584=AXIS2_PLACEMENT_3D('',#14402,#11144,#11145);
#9585=AXIS2_PLACEMENT_3D('',#14404,#11146,#11147);
#9586=AXIS2_PLACEMENT_3D('',#14406,#11148,#11149);
#9587=AXIS2_PLACEMENT_3D('',#14408,#11150,#11151);
#9588=AXIS2_PLACEMENT_3D('',#14410,#11152,#11153);
#9589=AXIS2_PLACEMENT_3D('',#14412,#11154,#11155);
#9590=AXIS2_PLACEMENT_3D('',#14414,#11156,#11157);
#9591=AXIS2_PLACEMENT_3D('',#14416,#11158,#11159);
#9592=AXIS2_PLACEMENT_3D('',#14418,#11160,#11161);
#9593=AXIS2_PLACEMENT_3D('',#14420,#11162,#11163);
#9594=AXIS2_PLACEMENT_3D('',#14422,#11164,#11165);
#9595=AXIS2_PLACEMENT_3D('',#14424,#11166,#11167);
#9596=AXIS2_PLACEMENT_3D('',#14426,#11168,#11169);
#9597=AXIS2_PLACEMENT_3D('',#14428,#11170,#11171);
#9598=AXIS2_PLACEMENT_3D('',#14430,#11172,#11173);
#9599=AXIS2_PLACEMENT_3D('',#14432,#11174,#11175);
#9600=AXIS2_PLACEMENT_3D('',#14434,#11176,#11177);
#9601=AXIS2_PLACEMENT_3D('',#14436,#11178,#11179);
#9602=AXIS2_PLACEMENT_3D('',#14438,#11180,#11181);
#9603=AXIS2_PLACEMENT_3D('',#14440,#11182,#11183);
#9604=AXIS2_PLACEMENT_3D('',#14442,#11184,#11185);
#9605=AXIS2_PLACEMENT_3D('',#14444,#11186,#11187);
#9606=AXIS2_PLACEMENT_3D('',#14446,#11188,#11189);
#9607=AXIS2_PLACEMENT_3D('',#14448,#11190,#11191);
#9608=AXIS2_PLACEMENT_3D('',#14450,#11192,#11193);
#9609=AXIS2_PLACEMENT_3D('',#14452,#11194,#11195);
#9610=AXIS2_PLACEMENT_3D('',#14454,#11196,#11197);
#9611=AXIS2_PLACEMENT_3D('',#14456,#11198,#11199);
#9612=AXIS2_PLACEMENT_3D('',#14458,#11200,#11201);
#9613=AXIS2_PLACEMENT_3D('',#14460,#11202,#11203);
#9614=AXIS2_PLACEMENT_3D('',#14462,#11204,#11205);
#9615=AXIS2_PLACEMENT_3D('',#14464,#11206,#11207);
#9616=AXIS2_PLACEMENT_3D('',#14466,#11208,#11209);
#9617=AXIS2_PLACEMENT_3D('',#14468,#11210,#11211);
#9618=AXIS2_PLACEMENT_3D('',#14470,#11212,#11213);
#9619=AXIS2_PLACEMENT_3D('',#14472,#11214,#11215);
#9620=AXIS2_PLACEMENT_3D('',#14474,#11216,#11217);
#9621=AXIS2_PLACEMENT_3D('',#14476,#11218,#11219);
#9622=AXIS2_PLACEMENT_3D('',#14478,#11220,#11221);
#9623=AXIS2_PLACEMENT_3D('',#14480,#11222,#11223);
#9624=AXIS2_PLACEMENT_3D('',#14482,#11224,#11225);
#9625=AXIS2_PLACEMENT_3D('',#14484,#11226,#11227);
#9626=AXIS2_PLACEMENT_3D('',#14486,#11228,#11229);
#9627=AXIS2_PLACEMENT_3D('',#14488,#11230,#11231);
#9628=AXIS2_PLACEMENT_3D('',#14490,#11232,#11233);
#9629=AXIS2_PLACEMENT_3D('',#14492,#11234,#11235);
#9630=AXIS2_PLACEMENT_3D('',#14494,#11236,#11237);
#9631=AXIS2_PLACEMENT_3D('',#14496,#11238,#11239);
#9632=AXIS2_PLACEMENT_3D('',#14498,#11240,#11241);
#9633=AXIS2_PLACEMENT_3D('',#14500,#11242,#11243);
#9634=AXIS2_PLACEMENT_3D('',#14502,#11244,#11245);
#9635=AXIS2_PLACEMENT_3D('',#14504,#11246,#11247);
#9636=AXIS2_PLACEMENT_3D('',#14506,#11248,#11249);
#9637=AXIS2_PLACEMENT_3D('',#14508,#11250,#11251);
#9638=AXIS2_PLACEMENT_3D('',#14510,#11252,#11253);
#9639=AXIS2_PLACEMENT_3D('',#14512,#11254,#11255);
#9640=AXIS2_PLACEMENT_3D('',#14514,#11256,#11257);
#9641=AXIS2_PLACEMENT_3D('',#14516,#11258,#11259);
#9642=AXIS2_PLACEMENT_3D('',#14518,#11260,#11261);
#9643=AXIS2_PLACEMENT_3D('',#14520,#11262,#11263);
#9644=AXIS2_PLACEMENT_3D('',#14522,#11264,#11265);
#9645=AXIS2_PLACEMENT_3D('',#14524,#11266,#11267);
#9646=AXIS2_PLACEMENT_3D('',#14526,#11268,#11269);
#9647=AXIS2_PLACEMENT_3D('',#14528,#11270,#11271);
#9648=AXIS2_PLACEMENT_3D('',#14530,#11272,#11273);
#9649=AXIS2_PLACEMENT_3D('',#14532,#11274,#11275);
#9650=AXIS2_PLACEMENT_3D('',#14534,#11276,#11277);
#9651=AXIS2_PLACEMENT_3D('',#14536,#11278,#11279);
#9652=AXIS2_PLACEMENT_3D('',#14538,#11280,#11281);
#9653=AXIS2_PLACEMENT_3D('',#14540,#11282,#11283);
#9654=AXIS2_PLACEMENT_3D('',#14542,#11284,#11285);
#9655=AXIS2_PLACEMENT_3D('',#14544,#11286,#11287);
#9656=AXIS2_PLACEMENT_3D('',#14546,#11288,#11289);
#9657=AXIS2_PLACEMENT_3D('',#14548,#11290,#11291);
#9658=AXIS2_PLACEMENT_3D('',#14550,#11292,#11293);
#9659=AXIS2_PLACEMENT_3D('',#14552,#11294,#11295);
#9660=AXIS2_PLACEMENT_3D('',#14554,#11296,#11297);
#9661=AXIS2_PLACEMENT_3D('',#14556,#11298,#11299);
#9662=AXIS2_PLACEMENT_3D('',#14558,#11300,#11301);
#9663=AXIS2_PLACEMENT_3D('',#14560,#11302,#11303);
#9664=AXIS2_PLACEMENT_3D('',#14562,#11304,#11305);
#9665=AXIS2_PLACEMENT_3D('',#14564,#11306,#11307);
#9666=AXIS2_PLACEMENT_3D('',#14566,#11308,#11309);
#9667=AXIS2_PLACEMENT_3D('',#14568,#11310,#11311);
#9668=AXIS2_PLACEMENT_3D('',#14570,#11312,#11313);
#9669=AXIS2_PLACEMENT_3D('',#14572,#11314,#11315);
#9670=AXIS2_PLACEMENT_3D('',#14574,#11316,#11317);
#9671=AXIS2_PLACEMENT_3D('',#14576,#11318,#11319);
#9672=AXIS2_PLACEMENT_3D('',#14578,#11320,#11321);
#9673=AXIS2_PLACEMENT_3D('',#14580,#11322,#11323);
#9674=AXIS2_PLACEMENT_3D('',#14582,#11324,#11325);
#9675=AXIS2_PLACEMENT_3D('',#14584,#11326,#11327);
#9676=AXIS2_PLACEMENT_3D('',#14586,#11328,#11329);
#9677=AXIS2_PLACEMENT_3D('',#14588,#11330,#11331);
#9678=AXIS2_PLACEMENT_3D('',#14590,#11332,#11333);
#9679=AXIS2_PLACEMENT_3D('',#14592,#11334,#11335);
#9680=AXIS2_PLACEMENT_3D('',#14594,#11336,#11337);
#9681=AXIS2_PLACEMENT_3D('',#14596,#11338,#11339);
#9682=AXIS2_PLACEMENT_3D('',#14598,#11340,#11341);
#9683=AXIS2_PLACEMENT_3D('',#14600,#11342,#11343);
#9684=AXIS2_PLACEMENT_3D('',#14602,#11344,#11345);
#9685=AXIS2_PLACEMENT_3D('',#14604,#11346,#11347);
#9686=AXIS2_PLACEMENT_3D('',#14606,#11348,#11349);
#9687=AXIS2_PLACEMENT_3D('',#14608,#11350,#11351);
#9688=AXIS2_PLACEMENT_3D('',#14610,#11352,#11353);
#9689=AXIS2_PLACEMENT_3D('',#14612,#11354,#11355);
#9690=AXIS2_PLACEMENT_3D('',#14614,#11356,#11357);
#9691=AXIS2_PLACEMENT_3D('',#14616,#11358,#11359);
#9692=AXIS2_PLACEMENT_3D('',#14618,#11360,#11361);
#9693=AXIS2_PLACEMENT_3D('',#14620,#11362,#11363);
#9694=AXIS2_PLACEMENT_3D('',#14622,#11364,#11365);
#9695=AXIS2_PLACEMENT_3D('',#14624,#11366,#11367);
#9696=AXIS2_PLACEMENT_3D('',#14626,#11368,#11369);
#9697=AXIS2_PLACEMENT_3D('',#14628,#11370,#11371);
#9698=AXIS2_PLACEMENT_3D('',#14630,#11372,#11373);
#9699=AXIS2_PLACEMENT_3D('',#14632,#11374,#11375);
#9700=AXIS2_PLACEMENT_3D('',#14634,#11376,#11377);
#9701=AXIS2_PLACEMENT_3D('',#14636,#11378,#11379);
#9702=AXIS2_PLACEMENT_3D('',#14638,#11380,#11381);
#9703=AXIS2_PLACEMENT_3D('',#14640,#11382,#11383);
#9704=AXIS2_PLACEMENT_3D('',#14642,#11384,#11385);
#9705=AXIS2_PLACEMENT_3D('',#14644,#11386,#11387);
#9706=AXIS2_PLACEMENT_3D('',#14646,#11388,#11389);
#9707=AXIS2_PLACEMENT_3D('',#14648,#11390,#11391);
#9708=AXIS2_PLACEMENT_3D('',#14650,#11392,#11393);
#9709=AXIS2_PLACEMENT_3D('',#14652,#11394,#11395);
#9710=AXIS2_PLACEMENT_3D('',#14654,#11396,#11397);
#9711=AXIS2_PLACEMENT_3D('',#14656,#11398,#11399);
#9712=AXIS2_PLACEMENT_3D('',#14658,#11400,#11401);
#9713=AXIS2_PLACEMENT_3D('',#14660,#11402,#11403);
#9714=AXIS2_PLACEMENT_3D('',#14662,#11404,#11405);
#9715=AXIS2_PLACEMENT_3D('',#14664,#11406,#11407);
#9716=AXIS2_PLACEMENT_3D('',#14666,#11408,#11409);
#9717=AXIS2_PLACEMENT_3D('',#14668,#11410,#11411);
#9718=AXIS2_PLACEMENT_3D('',#14670,#11412,#11413);
#9719=AXIS2_PLACEMENT_3D('',#14672,#11414,#11415);
#9720=AXIS2_PLACEMENT_3D('',#14674,#11416,#11417);
#9721=AXIS2_PLACEMENT_3D('',#14676,#11418,#11419);
#9722=AXIS2_PLACEMENT_3D('',#14678,#11420,#11421);
#9723=AXIS2_PLACEMENT_3D('',#14680,#11422,#11423);
#9724=AXIS2_PLACEMENT_3D('',#14682,#11424,#11425);
#9725=AXIS2_PLACEMENT_3D('',#14684,#11426,#11427);
#9726=AXIS2_PLACEMENT_3D('',#14686,#11428,#11429);
#9727=AXIS2_PLACEMENT_3D('',#14688,#11430,#11431);
#9728=AXIS2_PLACEMENT_3D('',#14690,#11432,#11433);
#9729=AXIS2_PLACEMENT_3D('',#14692,#11434,#11435);
#9730=AXIS2_PLACEMENT_3D('',#14694,#11436,#11437);
#9731=AXIS2_PLACEMENT_3D('',#14696,#11438,#11439);
#9732=AXIS2_PLACEMENT_3D('',#14698,#11440,#11441);
#9733=AXIS2_PLACEMENT_3D('',#14700,#11442,#11443);
#9734=AXIS2_PLACEMENT_3D('',#14702,#11444,#11445);
#9735=AXIS2_PLACEMENT_3D('',#14704,#11446,#11447);
#9736=AXIS2_PLACEMENT_3D('',#14706,#11448,#11449);
#9737=AXIS2_PLACEMENT_3D('',#14708,#11450,#11451);
#9738=AXIS2_PLACEMENT_3D('',#14710,#11452,#11453);
#9739=AXIS2_PLACEMENT_3D('',#14712,#11454,#11455);
#9740=AXIS2_PLACEMENT_3D('',#14714,#11456,#11457);
#9741=AXIS2_PLACEMENT_3D('',#14716,#11458,#11459);
#9742=AXIS2_PLACEMENT_3D('',#14718,#11460,#11461);
#9743=AXIS2_PLACEMENT_3D('',#14720,#11462,#11463);
#9744=AXIS2_PLACEMENT_3D('',#14722,#11464,#11465);
#9745=AXIS2_PLACEMENT_3D('',#14724,#11466,#11467);
#9746=AXIS2_PLACEMENT_3D('',#14726,#11468,#11469);
#9747=AXIS2_PLACEMENT_3D('',#14728,#11470,#11471);
#9748=AXIS2_PLACEMENT_3D('',#14730,#11472,#11473);
#9749=AXIS2_PLACEMENT_3D('',#14732,#11474,#11475);
#9750=AXIS2_PLACEMENT_3D('',#14734,#11476,#11477);
#9751=AXIS2_PLACEMENT_3D('',#14736,#11478,#11479);
#9752=AXIS2_PLACEMENT_3D('',#14738,#11480,#11481);
#9753=AXIS2_PLACEMENT_3D('',#14740,#11482,#11483);
#9754=AXIS2_PLACEMENT_3D('',#14742,#11484,#11485);
#9755=AXIS2_PLACEMENT_3D('',#14744,#11486,#11487);
#9756=AXIS2_PLACEMENT_3D('',#14746,#11488,#11489);
#9757=AXIS2_PLACEMENT_3D('',#14748,#11490,#11491);
#9758=AXIS2_PLACEMENT_3D('',#14750,#11492,#11493);
#9759=AXIS2_PLACEMENT_3D('',#14752,#11494,#11495);
#9760=AXIS2_PLACEMENT_3D('',#14754,#11496,#11497);
#9761=AXIS2_PLACEMENT_3D('',#14756,#11498,#11499);
#9762=AXIS2_PLACEMENT_3D('',#14758,#11500,#11501);
#9763=AXIS2_PLACEMENT_3D('',#14760,#11502,#11503);
#9764=AXIS2_PLACEMENT_3D('',#14762,#11504,#11505);
#9765=AXIS2_PLACEMENT_3D('',#14764,#11506,#11507);
#9766=AXIS2_PLACEMENT_3D('',#14766,#11508,#11509);
#9767=AXIS2_PLACEMENT_3D('',#14768,#11510,#11511);
#9768=AXIS2_PLACEMENT_3D('',#14770,#11512,#11513);
#9769=AXIS2_PLACEMENT_3D('',#14772,#11514,#11515);
#9770=AXIS2_PLACEMENT_3D('',#14774,#11516,#11517);
#9771=AXIS2_PLACEMENT_3D('',#14776,#11518,#11519);
#9772=AXIS2_PLACEMENT_3D('',#14778,#11520,#11521);
#9773=AXIS2_PLACEMENT_3D('',#14780,#11522,#11523);
#9774=AXIS2_PLACEMENT_3D('',#14782,#11524,#11525);
#9775=AXIS2_PLACEMENT_3D('',#14784,#11526,#11527);
#9776=AXIS2_PLACEMENT_3D('',#14786,#11528,#11529);
#9777=AXIS2_PLACEMENT_3D('',#14788,#11530,#11531);
#9778=AXIS2_PLACEMENT_3D('',#14790,#11532,#11533);
#9779=AXIS2_PLACEMENT_3D('',#14792,#11534,#11535);
#9780=AXIS2_PLACEMENT_3D('',#14794,#11536,#11537);
#9781=AXIS2_PLACEMENT_3D('',#14796,#11538,#11539);
#9782=AXIS2_PLACEMENT_3D('',#14798,#11540,#11541);
#9783=AXIS2_PLACEMENT_3D('',#14800,#11542,#11543);
#9784=AXIS2_PLACEMENT_3D('',#14802,#11544,#11545);
#9785=AXIS2_PLACEMENT_3D('',#14804,#11546,#11547);
#9786=AXIS2_PLACEMENT_3D('',#14806,#11548,#11549);
#9787=AXIS2_PLACEMENT_3D('',#14808,#11550,#11551);
#9788=AXIS2_PLACEMENT_3D('',#14810,#11552,#11553);
#9789=AXIS2_PLACEMENT_3D('',#14812,#11554,#11555);
#9790=AXIS2_PLACEMENT_3D('',#14814,#11556,#11557);
#9791=AXIS2_PLACEMENT_3D('',#14816,#11558,#11559);
#9792=AXIS2_PLACEMENT_3D('',#14818,#11560,#11561);
#9793=AXIS2_PLACEMENT_3D('',#14820,#11562,#11563);
#9794=AXIS2_PLACEMENT_3D('',#14822,#11564,#11565);
#9795=AXIS2_PLACEMENT_3D('',#14824,#11566,#11567);
#9796=AXIS2_PLACEMENT_3D('',#14826,#11568,#11569);
#9797=AXIS2_PLACEMENT_3D('',#14828,#11570,#11571);
#9798=AXIS2_PLACEMENT_3D('',#14830,#11572,#11573);
#9799=AXIS2_PLACEMENT_3D('',#14832,#11574,#11575);
#9800=AXIS2_PLACEMENT_3D('',#14836,#11577,#11578);
#9801=AXIS2_PLACEMENT_3D('',#14838,#11579,#11580);
#9802=AXIS2_PLACEMENT_3D('',#14840,#11581,#11582);
#9803=AXIS2_PLACEMENT_3D('',#14841,#11583,#11584);
#9804=AXIS2_PLACEMENT_3D('',#14842,#11585,#11586);
#9805=AXIS2_PLACEMENT_3D('',#14845,#11587,#11588);
#9806=AXIS2_PLACEMENT_3D('',#14847,#11589,#11590);
#9807=AXIS2_PLACEMENT_3D('',#14849,#11591,#11592);
#9808=AXIS2_PLACEMENT_3D('',#14851,#11593,#11594);
#9809=AXIS2_PLACEMENT_3D('',#14855,#11596,#11597);
#9810=AXIS2_PLACEMENT_3D('',#14857,#11598,#11599);
#9811=AXIS2_PLACEMENT_3D('',#14859,#11600,#11601);
#9812=AXIS2_PLACEMENT_3D('',#14861,#11602,#11603);
#9813=AXIS2_PLACEMENT_3D('',#14863,#11604,#11605);
#9814=AXIS2_PLACEMENT_3D('',#14865,#11606,#11607);
#9815=AXIS2_PLACEMENT_3D('',#14867,#11608,#11609);
#9816=AXIS2_PLACEMENT_3D('',#14869,#11610,#11611);
#9817=AXIS2_PLACEMENT_3D('',#14871,#11612,#11613);
#9818=AXIS2_PLACEMENT_3D('',#14873,#11614,#11615);
#9819=AXIS2_PLACEMENT_3D('',#14875,#11616,#11617);
#9820=AXIS2_PLACEMENT_3D('',#14877,#11618,#11619);
#9821=AXIS2_PLACEMENT_3D('',#14879,#11620,#11621);
#9822=AXIS2_PLACEMENT_3D('',#14881,#11622,#11623);
#9823=AXIS2_PLACEMENT_3D('',#14883,#11624,#11625);
#9824=AXIS2_PLACEMENT_3D('',#14885,#11626,#11627);
#9825=AXIS2_PLACEMENT_3D('',#14887,#11628,#11629);
#9826=AXIS2_PLACEMENT_3D('',#14889,#11630,#11631);
#9827=AXIS2_PLACEMENT_3D('',#14891,#11632,#11633);
#9828=AXIS2_PLACEMENT_3D('',#14893,#11634,#11635);
#9829=AXIS2_PLACEMENT_3D('',#14895,#11636,#11637);
#9830=AXIS2_PLACEMENT_3D('',#14897,#11638,#11639);
#9831=AXIS2_PLACEMENT_3D('',#14899,#11640,#11641);
#9832=AXIS2_PLACEMENT_3D('',#14901,#11642,#11643);
#9833=AXIS2_PLACEMENT_3D('',#14903,#11644,#11645);
#9834=AXIS2_PLACEMENT_3D('',#14905,#11646,#11647);
#9835=AXIS2_PLACEMENT_3D('',#14907,#11648,#11649);
#9836=AXIS2_PLACEMENT_3D('',#14909,#11650,#11651);
#9837=AXIS2_PLACEMENT_3D('',#14911,#11652,#11653);
#9838=AXIS2_PLACEMENT_3D('',#14913,#11654,#11655);
#9839=AXIS2_PLACEMENT_3D('',#14915,#11656,#11657);
#9840=AXIS2_PLACEMENT_3D('',#14917,#11658,#11659);
#9841=AXIS2_PLACEMENT_3D('',#14919,#11660,#11661);
#9842=AXIS2_PLACEMENT_3D('',#14921,#11662,#11663);
#9843=AXIS2_PLACEMENT_3D('',#14923,#11664,#11665);
#9844=AXIS2_PLACEMENT_3D('',#14925,#11666,#11667);
#9845=AXIS2_PLACEMENT_3D('',#14927,#11668,#11669);
#9846=AXIS2_PLACEMENT_3D('',#14929,#11670,#11671);
#9847=AXIS2_PLACEMENT_3D('',#14931,#11672,#11673);
#9848=AXIS2_PLACEMENT_3D('',#14933,#11674,#11675);
#9849=AXIS2_PLACEMENT_3D('',#14935,#11676,#11677);
#9850=AXIS2_PLACEMENT_3D('',#14937,#11678,#11679);
#9851=AXIS2_PLACEMENT_3D('',#14939,#11680,#11681);
#9852=AXIS2_PLACEMENT_3D('',#14941,#11682,#11683);
#9853=AXIS2_PLACEMENT_3D('',#14943,#11684,#11685);
#9854=AXIS2_PLACEMENT_3D('',#14945,#11686,#11687);
#9855=AXIS2_PLACEMENT_3D('',#14947,#11688,#11689);
#9856=AXIS2_PLACEMENT_3D('',#14949,#11690,#11691);
#9857=AXIS2_PLACEMENT_3D('',#14951,#11692,#11693);
#9858=AXIS2_PLACEMENT_3D('',#14953,#11694,#11695);
#9859=AXIS2_PLACEMENT_3D('',#14955,#11696,#11697);
#9860=AXIS2_PLACEMENT_3D('',#14957,#11698,#11699);
#9861=AXIS2_PLACEMENT_3D('',#14959,#11700,#11701);
#9862=AXIS2_PLACEMENT_3D('',#14961,#11702,#11703);
#9863=AXIS2_PLACEMENT_3D('',#14963,#11704,#11705);
#9864=AXIS2_PLACEMENT_3D('',#14965,#11706,#11707);
#9865=AXIS2_PLACEMENT_3D('',#14967,#11708,#11709);
#9866=AXIS2_PLACEMENT_3D('',#14969,#11710,#11711);
#9867=AXIS2_PLACEMENT_3D('',#14971,#11712,#11713);
#9868=AXIS2_PLACEMENT_3D('',#14973,#11714,#11715);
#9869=AXIS2_PLACEMENT_3D('',#14975,#11716,#11717);
#9870=AXIS2_PLACEMENT_3D('',#14977,#11718,#11719);
#9871=AXIS2_PLACEMENT_3D('',#14979,#11720,#11721);
#9872=AXIS2_PLACEMENT_3D('',#14981,#11722,#11723);
#9873=AXIS2_PLACEMENT_3D('',#14983,#11724,#11725);
#9874=AXIS2_PLACEMENT_3D('',#14985,#11726,#11727);
#9875=AXIS2_PLACEMENT_3D('',#14987,#11728,#11729);
#9876=AXIS2_PLACEMENT_3D('',#14989,#11730,#11731);
#9877=AXIS2_PLACEMENT_3D('',#14991,#11732,#11733);
#9878=AXIS2_PLACEMENT_3D('',#14993,#11734,#11735);
#9879=AXIS2_PLACEMENT_3D('',#14995,#11736,#11737);
#9880=AXIS2_PLACEMENT_3D('',#14997,#11738,#11739);
#9881=AXIS2_PLACEMENT_3D('',#14999,#11740,#11741);
#9882=AXIS2_PLACEMENT_3D('',#15001,#11742,#11743);
#9883=AXIS2_PLACEMENT_3D('',#15003,#11744,#11745);
#9884=AXIS2_PLACEMENT_3D('',#15005,#11746,#11747);
#9885=AXIS2_PLACEMENT_3D('',#15007,#11748,#11749);
#9886=AXIS2_PLACEMENT_3D('',#15009,#11750,#11751);
#9887=AXIS2_PLACEMENT_3D('',#15011,#11752,#11753);
#9888=AXIS2_PLACEMENT_3D('',#15013,#11754,#11755);
#9889=AXIS2_PLACEMENT_3D('',#15015,#11756,#11757);
#9890=AXIS2_PLACEMENT_3D('',#15017,#11758,#11759);
#9891=AXIS2_PLACEMENT_3D('',#15019,#11760,#11761);
#9892=AXIS2_PLACEMENT_3D('',#15021,#11762,#11763);
#9893=AXIS2_PLACEMENT_3D('',#15023,#11764,#11765);
#9894=AXIS2_PLACEMENT_3D('',#15025,#11766,#11767);
#9895=AXIS2_PLACEMENT_3D('',#15027,#11768,#11769);
#9896=AXIS2_PLACEMENT_3D('',#15029,#11770,#11771);
#9897=AXIS2_PLACEMENT_3D('',#15031,#11772,#11773);
#9898=AXIS2_PLACEMENT_3D('',#15033,#11774,#11775);
#9899=AXIS2_PLACEMENT_3D('',#15035,#11776,#11777);
#9900=AXIS2_PLACEMENT_3D('',#15037,#11778,#11779);
#9901=AXIS2_PLACEMENT_3D('',#15039,#11780,#11781);
#9902=AXIS2_PLACEMENT_3D('',#15041,#11782,#11783);
#9903=AXIS2_PLACEMENT_3D('',#15043,#11784,#11785);
#9904=AXIS2_PLACEMENT_3D('',#15045,#11786,#11787);
#9905=AXIS2_PLACEMENT_3D('',#15047,#11788,#11789);
#9906=AXIS2_PLACEMENT_3D('',#15049,#11790,#11791);
#9907=AXIS2_PLACEMENT_3D('',#15051,#11792,#11793);
#9908=AXIS2_PLACEMENT_3D('',#15053,#11794,#11795);
#9909=AXIS2_PLACEMENT_3D('',#15055,#11796,#11797);
#9910=AXIS2_PLACEMENT_3D('',#15057,#11798,#11799);
#9911=AXIS2_PLACEMENT_3D('',#15059,#11800,#11801);
#9912=AXIS2_PLACEMENT_3D('',#15061,#11802,#11803);
#9913=AXIS2_PLACEMENT_3D('',#15063,#11804,#11805);
#9914=AXIS2_PLACEMENT_3D('',#15065,#11806,#11807);
#9915=AXIS2_PLACEMENT_3D('',#15067,#11808,#11809);
#9916=AXIS2_PLACEMENT_3D('',#15069,#11810,#11811);
#9917=AXIS2_PLACEMENT_3D('',#15071,#11812,#11813);
#9918=AXIS2_PLACEMENT_3D('',#15073,#11814,#11815);
#9919=AXIS2_PLACEMENT_3D('',#15075,#11816,#11817);
#9920=AXIS2_PLACEMENT_3D('',#15077,#11818,#11819);
#9921=AXIS2_PLACEMENT_3D('',#15079,#11820,#11821);
#9922=AXIS2_PLACEMENT_3D('',#15081,#11822,#11823);
#9923=AXIS2_PLACEMENT_3D('',#15083,#11824,#11825);
#9924=AXIS2_PLACEMENT_3D('',#15085,#11826,#11827);
#9925=AXIS2_PLACEMENT_3D('',#15087,#11828,#11829);
#9926=AXIS2_PLACEMENT_3D('',#15089,#11830,#11831);
#9927=AXIS2_PLACEMENT_3D('',#15091,#11832,#11833);
#9928=AXIS2_PLACEMENT_3D('',#15093,#11834,#11835);
#9929=AXIS2_PLACEMENT_3D('',#15095,#11836,#11837);
#9930=AXIS2_PLACEMENT_3D('',#15097,#11838,#11839);
#9931=AXIS2_PLACEMENT_3D('',#15099,#11840,#11841);
#9932=AXIS2_PLACEMENT_3D('',#15101,#11842,#11843);
#9933=AXIS2_PLACEMENT_3D('',#15103,#11844,#11845);
#9934=AXIS2_PLACEMENT_3D('',#15105,#11846,#11847);
#9935=AXIS2_PLACEMENT_3D('',#15107,#11848,#11849);
#9936=AXIS2_PLACEMENT_3D('',#15109,#11850,#11851);
#9937=AXIS2_PLACEMENT_3D('',#15111,#11852,#11853);
#9938=AXIS2_PLACEMENT_3D('',#15113,#11854,#11855);
#9939=AXIS2_PLACEMENT_3D('',#15115,#11856,#11857);
#9940=AXIS2_PLACEMENT_3D('',#15117,#11858,#11859);
#9941=AXIS2_PLACEMENT_3D('',#15119,#11860,#11861);
#9942=AXIS2_PLACEMENT_3D('',#15121,#11862,#11863);
#9943=AXIS2_PLACEMENT_3D('',#15123,#11864,#11865);
#9944=AXIS2_PLACEMENT_3D('',#15125,#11866,#11867);
#9945=AXIS2_PLACEMENT_3D('',#15127,#11868,#11869);
#9946=AXIS2_PLACEMENT_3D('',#15129,#11870,#11871);
#9947=AXIS2_PLACEMENT_3D('',#15131,#11872,#11873);
#9948=AXIS2_PLACEMENT_3D('',#15133,#11874,#11875);
#9949=AXIS2_PLACEMENT_3D('',#15135,#11876,#11877);
#9950=AXIS2_PLACEMENT_3D('',#15137,#11878,#11879);
#9951=AXIS2_PLACEMENT_3D('',#15139,#11880,#11881);
#9952=AXIS2_PLACEMENT_3D('',#15141,#11882,#11883);
#9953=AXIS2_PLACEMENT_3D('',#15143,#11884,#11885);
#9954=AXIS2_PLACEMENT_3D('',#15145,#11886,#11887);
#9955=AXIS2_PLACEMENT_3D('',#15147,#11888,#11889);
#9956=AXIS2_PLACEMENT_3D('',#15149,#11890,#11891);
#9957=AXIS2_PLACEMENT_3D('',#15151,#11892,#11893);
#9958=AXIS2_PLACEMENT_3D('',#15153,#11894,#11895);
#9959=AXIS2_PLACEMENT_3D('',#15155,#11896,#11897);
#9960=AXIS2_PLACEMENT_3D('',#15157,#11898,#11899);
#9961=AXIS2_PLACEMENT_3D('',#15159,#11900,#11901);
#9962=AXIS2_PLACEMENT_3D('',#15161,#11902,#11903);
#9963=AXIS2_PLACEMENT_3D('',#15163,#11904,#11905);
#9964=AXIS2_PLACEMENT_3D('',#15165,#11906,#11907);
#9965=AXIS2_PLACEMENT_3D('',#15167,#11908,#11909);
#9966=AXIS2_PLACEMENT_3D('',#15169,#11910,#11911);
#9967=AXIS2_PLACEMENT_3D('',#15171,#11912,#11913);
#9968=AXIS2_PLACEMENT_3D('',#15173,#11914,#11915);
#9969=AXIS2_PLACEMENT_3D('',#15175,#11916,#11917);
#9970=AXIS2_PLACEMENT_3D('',#15177,#11918,#11919);
#9971=AXIS2_PLACEMENT_3D('',#15179,#11920,#11921);
#9972=AXIS2_PLACEMENT_3D('',#15181,#11922,#11923);
#9973=AXIS2_PLACEMENT_3D('',#15183,#11924,#11925);
#9974=AXIS2_PLACEMENT_3D('',#15185,#11926,#11927);
#9975=AXIS2_PLACEMENT_3D('',#15187,#11928,#11929);
#9976=AXIS2_PLACEMENT_3D('',#15189,#11930,#11931);
#9977=AXIS2_PLACEMENT_3D('',#15191,#11932,#11933);
#9978=AXIS2_PLACEMENT_3D('',#15193,#11934,#11935);
#9979=AXIS2_PLACEMENT_3D('',#15195,#11936,#11937);
#9980=AXIS2_PLACEMENT_3D('',#15197,#11938,#11939);
#9981=AXIS2_PLACEMENT_3D('',#15199,#11940,#11941);
#9982=AXIS2_PLACEMENT_3D('',#15201,#11942,#11943);
#9983=AXIS2_PLACEMENT_3D('',#15203,#11944,#11945);
#9984=AXIS2_PLACEMENT_3D('',#15205,#11946,#11947);
#9985=AXIS2_PLACEMENT_3D('',#15207,#11948,#11949);
#9986=AXIS2_PLACEMENT_3D('',#15209,#11950,#11951);
#9987=AXIS2_PLACEMENT_3D('',#15211,#11952,#11953);
#9988=AXIS2_PLACEMENT_3D('',#15213,#11954,#11955);
#9989=AXIS2_PLACEMENT_3D('',#15215,#11956,#11957);
#9990=AXIS2_PLACEMENT_3D('',#15217,#11958,#11959);
#9991=AXIS2_PLACEMENT_3D('',#15219,#11960,#11961);
#9992=AXIS2_PLACEMENT_3D('',#15221,#11962,#11963);
#9993=AXIS2_PLACEMENT_3D('',#15223,#11964,#11965);
#9994=AXIS2_PLACEMENT_3D('',#15225,#11966,#11967);
#9995=AXIS2_PLACEMENT_3D('',#15227,#11968,#11969);
#9996=AXIS2_PLACEMENT_3D('',#15229,#11970,#11971);
#9997=AXIS2_PLACEMENT_3D('',#15231,#11972,#11973);
#9998=AXIS2_PLACEMENT_3D('',#15233,#11974,#11975);
#9999=AXIS2_PLACEMENT_3D('',#15235,#11976,#11977);
#10000=AXIS2_PLACEMENT_3D('',#15237,#11978,#11979);
#10001=AXIS2_PLACEMENT_3D('',#15239,#11980,#11981);
#10002=AXIS2_PLACEMENT_3D('',#15241,#11982,#11983);
#10003=AXIS2_PLACEMENT_3D('',#15243,#11984,#11985);
#10004=AXIS2_PLACEMENT_3D('',#15245,#11986,#11987);
#10005=AXIS2_PLACEMENT_3D('',#15247,#11988,#11989);
#10006=AXIS2_PLACEMENT_3D('',#15249,#11990,#11991);
#10007=AXIS2_PLACEMENT_3D('',#15251,#11992,#11993);
#10008=AXIS2_PLACEMENT_3D('',#15253,#11994,#11995);
#10009=AXIS2_PLACEMENT_3D('',#15255,#11996,#11997);
#10010=AXIS2_PLACEMENT_3D('',#15257,#11998,#11999);
#10011=AXIS2_PLACEMENT_3D('',#15259,#12000,#12001);
#10012=AXIS2_PLACEMENT_3D('',#15261,#12002,#12003);
#10013=AXIS2_PLACEMENT_3D('',#15263,#12004,#12005);
#10014=AXIS2_PLACEMENT_3D('',#15265,#12006,#12007);
#10015=AXIS2_PLACEMENT_3D('',#15267,#12008,#12009);
#10016=AXIS2_PLACEMENT_3D('',#15269,#12010,#12011);
#10017=AXIS2_PLACEMENT_3D('',#15271,#12012,#12013);
#10018=AXIS2_PLACEMENT_3D('',#15273,#12014,#12015);
#10019=AXIS2_PLACEMENT_3D('',#15275,#12016,#12017);
#10020=AXIS2_PLACEMENT_3D('',#15277,#12018,#12019);
#10021=AXIS2_PLACEMENT_3D('',#15279,#12020,#12021);
#10022=AXIS2_PLACEMENT_3D('',#15281,#12022,#12023);
#10023=AXIS2_PLACEMENT_3D('',#15283,#12024,#12025);
#10024=AXIS2_PLACEMENT_3D('',#15285,#12026,#12027);
#10025=AXIS2_PLACEMENT_3D('',#15287,#12028,#12029);
#10026=AXIS2_PLACEMENT_3D('',#15289,#12030,#12031);
#10027=AXIS2_PLACEMENT_3D('',#15291,#12032,#12033);
#10028=AXIS2_PLACEMENT_3D('',#15293,#12034,#12035);
#10029=AXIS2_PLACEMENT_3D('',#15295,#12036,#12037);
#10030=AXIS2_PLACEMENT_3D('',#15297,#12038,#12039);
#10031=AXIS2_PLACEMENT_3D('',#15299,#12040,#12041);
#10032=AXIS2_PLACEMENT_3D('',#15301,#12042,#12043);
#10033=AXIS2_PLACEMENT_3D('',#15303,#12044,#12045);
#10034=AXIS2_PLACEMENT_3D('',#15305,#12046,#12047);
#10035=AXIS2_PLACEMENT_3D('',#15307,#12048,#12049);
#10036=AXIS2_PLACEMENT_3D('',#15309,#12050,#12051);
#10037=AXIS2_PLACEMENT_3D('',#15311,#12052,#12053);
#10038=AXIS2_PLACEMENT_3D('',#15313,#12054,#12055);
#10039=AXIS2_PLACEMENT_3D('',#15315,#12056,#12057);
#10040=AXIS2_PLACEMENT_3D('',#15317,#12058,#12059);
#10041=AXIS2_PLACEMENT_3D('',#15319,#12060,#12061);
#10042=AXIS2_PLACEMENT_3D('',#15321,#12062,#12063);
#10043=AXIS2_PLACEMENT_3D('',#15323,#12064,#12065);
#10044=AXIS2_PLACEMENT_3D('',#15325,#12066,#12067);
#10045=AXIS2_PLACEMENT_3D('',#15327,#12068,#12069);
#10046=AXIS2_PLACEMENT_3D('',#15329,#12070,#12071);
#10047=AXIS2_PLACEMENT_3D('',#15331,#12072,#12073);
#10048=AXIS2_PLACEMENT_3D('',#15333,#12074,#12075);
#10049=AXIS2_PLACEMENT_3D('',#15335,#12076,#12077);
#10050=AXIS2_PLACEMENT_3D('',#15337,#12078,#12079);
#10051=AXIS2_PLACEMENT_3D('',#15339,#12080,#12081);
#10052=AXIS2_PLACEMENT_3D('',#15341,#12082,#12083);
#10053=AXIS2_PLACEMENT_3D('',#15343,#12084,#12085);
#10054=AXIS2_PLACEMENT_3D('',#15345,#12086,#12087);
#10055=AXIS2_PLACEMENT_3D('',#15347,#12088,#12089);
#10056=AXIS2_PLACEMENT_3D('',#15349,#12090,#12091);
#10057=AXIS2_PLACEMENT_3D('',#15351,#12092,#12093);
#10058=AXIS2_PLACEMENT_3D('',#15353,#12094,#12095);
#10059=AXIS2_PLACEMENT_3D('',#15355,#12096,#12097);
#10060=AXIS2_PLACEMENT_3D('',#15357,#12098,#12099);
#10061=AXIS2_PLACEMENT_3D('',#15359,#12100,#12101);
#10062=AXIS2_PLACEMENT_3D('',#15361,#12102,#12103);
#10063=AXIS2_PLACEMENT_3D('',#15363,#12104,#12105);
#10064=AXIS2_PLACEMENT_3D('',#15365,#12106,#12107);
#10065=AXIS2_PLACEMENT_3D('',#15367,#12108,#12109);
#10066=AXIS2_PLACEMENT_3D('',#15369,#12110,#12111);
#10067=AXIS2_PLACEMENT_3D('',#15371,#12112,#12113);
#10068=AXIS2_PLACEMENT_3D('',#15373,#12114,#12115);
#10069=AXIS2_PLACEMENT_3D('',#15375,#12116,#12117);
#10070=AXIS2_PLACEMENT_3D('',#15377,#12118,#12119);
#10071=AXIS2_PLACEMENT_3D('',#15379,#12120,#12121);
#10072=AXIS2_PLACEMENT_3D('',#15381,#12122,#12123);
#10073=AXIS2_PLACEMENT_3D('',#15383,#12124,#12125);
#10074=AXIS2_PLACEMENT_3D('',#15385,#12126,#12127);
#10075=AXIS2_PLACEMENT_3D('',#15387,#12128,#12129);
#10076=AXIS2_PLACEMENT_3D('',#15389,#12130,#12131);
#10077=AXIS2_PLACEMENT_3D('',#15391,#12132,#12133);
#10078=AXIS2_PLACEMENT_3D('',#15393,#12134,#12135);
#10079=AXIS2_PLACEMENT_3D('',#15395,#12136,#12137);
#10080=AXIS2_PLACEMENT_3D('',#15397,#12138,#12139);
#10081=AXIS2_PLACEMENT_3D('',#15399,#12140,#12141);
#10082=AXIS2_PLACEMENT_3D('',#15401,#12142,#12143);
#10083=AXIS2_PLACEMENT_3D('',#15403,#12144,#12145);
#10084=AXIS2_PLACEMENT_3D('',#15405,#12146,#12147);
#10085=AXIS2_PLACEMENT_3D('',#15407,#12148,#12149);
#10086=AXIS2_PLACEMENT_3D('',#15409,#12150,#12151);
#10087=AXIS2_PLACEMENT_3D('',#15411,#12152,#12153);
#10088=AXIS2_PLACEMENT_3D('',#15413,#12154,#12155);
#10089=AXIS2_PLACEMENT_3D('',#15415,#12156,#12157);
#10090=AXIS2_PLACEMENT_3D('',#15417,#12158,#12159);
#10091=AXIS2_PLACEMENT_3D('',#15419,#12160,#12161);
#10092=AXIS2_PLACEMENT_3D('',#15421,#12162,#12163);
#10093=AXIS2_PLACEMENT_3D('',#15423,#12164,#12165);
#10094=AXIS2_PLACEMENT_3D('',#15425,#12166,#12167);
#10095=AXIS2_PLACEMENT_3D('',#15427,#12168,#12169);
#10096=AXIS2_PLACEMENT_3D('',#15429,#12170,#12171);
#10097=AXIS2_PLACEMENT_3D('',#15431,#12172,#12173);
#10098=AXIS2_PLACEMENT_3D('',#15433,#12174,#12175);
#10099=AXIS2_PLACEMENT_3D('',#15435,#12176,#12177);
#10100=AXIS2_PLACEMENT_3D('',#15437,#12178,#12179);
#10101=AXIS2_PLACEMENT_3D('',#15439,#12180,#12181);
#10102=AXIS2_PLACEMENT_3D('',#15441,#12182,#12183);
#10103=AXIS2_PLACEMENT_3D('',#15443,#12184,#12185);
#10104=AXIS2_PLACEMENT_3D('',#15445,#12186,#12187);
#10105=AXIS2_PLACEMENT_3D('',#15447,#12188,#12189);
#10106=AXIS2_PLACEMENT_3D('',#15449,#12190,#12191);
#10107=AXIS2_PLACEMENT_3D('',#15451,#12192,#12193);
#10108=AXIS2_PLACEMENT_3D('',#15453,#12194,#12195);
#10109=AXIS2_PLACEMENT_3D('',#15455,#12196,#12197);
#10110=AXIS2_PLACEMENT_3D('',#15457,#12198,#12199);
#10111=AXIS2_PLACEMENT_3D('',#15459,#12200,#12201);
#10112=AXIS2_PLACEMENT_3D('',#15461,#12202,#12203);
#10113=AXIS2_PLACEMENT_3D('',#15463,#12204,#12205);
#10114=AXIS2_PLACEMENT_3D('',#15465,#12206,#12207);
#10115=AXIS2_PLACEMENT_3D('',#15467,#12208,#12209);
#10116=AXIS2_PLACEMENT_3D('',#15469,#12210,#12211);
#10117=AXIS2_PLACEMENT_3D('',#15471,#12212,#12213);
#10118=AXIS2_PLACEMENT_3D('',#15473,#12214,#12215);
#10119=AXIS2_PLACEMENT_3D('',#15475,#12216,#12217);
#10120=AXIS2_PLACEMENT_3D('',#15477,#12218,#12219);
#10121=AXIS2_PLACEMENT_3D('',#15479,#12220,#12221);
#10122=AXIS2_PLACEMENT_3D('',#15481,#12222,#12223);
#10123=AXIS2_PLACEMENT_3D('',#15483,#12224,#12225);
#10124=AXIS2_PLACEMENT_3D('',#15485,#12226,#12227);
#10125=AXIS2_PLACEMENT_3D('',#15487,#12228,#12229);
#10126=AXIS2_PLACEMENT_3D('',#15489,#12230,#12231);
#10127=AXIS2_PLACEMENT_3D('',#15491,#12232,#12233);
#10128=AXIS2_PLACEMENT_3D('',#15493,#12234,#12235);
#10129=AXIS2_PLACEMENT_3D('',#15495,#12236,#12237);
#10130=AXIS2_PLACEMENT_3D('',#15497,#12238,#12239);
#10131=AXIS2_PLACEMENT_3D('',#15499,#12240,#12241);
#10132=AXIS2_PLACEMENT_3D('',#15501,#12242,#12243);
#10133=AXIS2_PLACEMENT_3D('',#15503,#12244,#12245);
#10134=AXIS2_PLACEMENT_3D('',#15505,#12246,#12247);
#10135=AXIS2_PLACEMENT_3D('',#15507,#12248,#12249);
#10136=AXIS2_PLACEMENT_3D('',#15509,#12250,#12251);
#10137=AXIS2_PLACEMENT_3D('',#15511,#12252,#12253);
#10138=AXIS2_PLACEMENT_3D('',#15513,#12254,#12255);
#10139=AXIS2_PLACEMENT_3D('',#15515,#12256,#12257);
#10140=AXIS2_PLACEMENT_3D('',#15517,#12258,#12259);
#10141=AXIS2_PLACEMENT_3D('',#15519,#12260,#12261);
#10142=AXIS2_PLACEMENT_3D('',#15521,#12262,#12263);
#10143=AXIS2_PLACEMENT_3D('',#15523,#12264,#12265);
#10144=AXIS2_PLACEMENT_3D('',#15525,#12266,#12267);
#10145=AXIS2_PLACEMENT_3D('',#15527,#12268,#12269);
#10146=AXIS2_PLACEMENT_3D('',#15529,#12270,#12271);
#10147=AXIS2_PLACEMENT_3D('',#15531,#12272,#12273);
#10148=AXIS2_PLACEMENT_3D('',#15533,#12274,#12275);
#10149=AXIS2_PLACEMENT_3D('',#15535,#12276,#12277);
#10150=AXIS2_PLACEMENT_3D('',#15537,#12278,#12279);
#10151=AXIS2_PLACEMENT_3D('',#15539,#12280,#12281);
#10152=AXIS2_PLACEMENT_3D('',#15541,#12282,#12283);
#10153=AXIS2_PLACEMENT_3D('',#15543,#12284,#12285);
#10154=AXIS2_PLACEMENT_3D('',#15545,#12286,#12287);
#10155=AXIS2_PLACEMENT_3D('',#15547,#12288,#12289);
#10156=AXIS2_PLACEMENT_3D('',#15549,#12290,#12291);
#10157=AXIS2_PLACEMENT_3D('',#15551,#12292,#12293);
#10158=AXIS2_PLACEMENT_3D('',#15553,#12294,#12295);
#10159=AXIS2_PLACEMENT_3D('',#15555,#12296,#12297);
#10160=AXIS2_PLACEMENT_3D('',#15557,#12298,#12299);
#10161=AXIS2_PLACEMENT_3D('',#15559,#12300,#12301);
#10162=AXIS2_PLACEMENT_3D('',#15561,#12302,#12303);
#10163=AXIS2_PLACEMENT_3D('',#15563,#12304,#12305);
#10164=AXIS2_PLACEMENT_3D('',#15565,#12306,#12307);
#10165=AXIS2_PLACEMENT_3D('',#15567,#12308,#12309);
#10166=AXIS2_PLACEMENT_3D('',#15569,#12310,#12311);
#10167=AXIS2_PLACEMENT_3D('',#15571,#12312,#12313);
#10168=AXIS2_PLACEMENT_3D('',#15573,#12314,#12315);
#10169=AXIS2_PLACEMENT_3D('',#15575,#12316,#12317);
#10170=AXIS2_PLACEMENT_3D('',#15576,#12318,#12319);
#10171=AXIS2_PLACEMENT_3D('',#15579,#12321,#12322);
#10172=AXIS2_PLACEMENT_3D('',#15582,#12324,#12325);
#10173=AXIS2_PLACEMENT_3D('',#15583,#12326,#12327);
#10174=AXIS2_PLACEMENT_3D('',#15585,#12328,#12329);
#10175=AXIS2_PLACEMENT_3D('',#15587,#12330,#12331);
#10176=AXIS2_PLACEMENT_3D('',#15589,#12332,#12333);
#10177=AXIS2_PLACEMENT_3D('',#15591,#12334,#12335);
#10178=AXIS2_PLACEMENT_3D('',#15593,#12336,#12337);
#10179=AXIS2_PLACEMENT_3D('',#15595,#12338,#12339);
#10180=AXIS2_PLACEMENT_3D('',#15597,#12340,#12341);
#10181=AXIS2_PLACEMENT_3D('',#15599,#12342,#12343);
#10182=AXIS2_PLACEMENT_3D('',#15601,#12344,#12345);
#10183=AXIS2_PLACEMENT_3D('',#15603,#12346,#12347);
#10184=AXIS2_PLACEMENT_3D('',#15604,#12348,#12349);
#10185=AXIS2_PLACEMENT_3D('',#15605,#12350,#12351);
#10186=AXIS2_PLACEMENT_3D('',#15610,#12353,#12354);
#10187=AXIS2_PLACEMENT_3D('',#15613,#12356,#12357);
#10188=AXIS2_PLACEMENT_3D('',#15614,#12358,#12359);
#10189=AXIS2_PLACEMENT_3D('',#15616,#12360,#12361);
#10190=AXIS2_PLACEMENT_3D('',#15618,#12362,#12363);
#10191=AXIS2_PLACEMENT_3D('',#15622,#12365,#12366);
#10192=AXIS2_PLACEMENT_3D('',#15624,#12367,#12368);
#10193=AXIS2_PLACEMENT_3D('',#15625,#12369,#12370);
#10194=AXIS2_PLACEMENT_3D('',#15626,#12371,#12372);
#10195=AXIS2_PLACEMENT_3D('',#15629,#12373,#12374);
#10196=AXIS2_PLACEMENT_3D('',#15631,#12375,#12376);
#10197=AXIS2_PLACEMENT_3D('',#15633,#12377,#12378);
#10198=AXIS2_PLACEMENT_3D('',#15637,#12380,#12381);
#10199=AXIS2_PLACEMENT_3D('',#15639,#12382,#12383);
#10200=AXIS2_PLACEMENT_3D('',#15640,#12384,#12385);
#10201=AXIS2_PLACEMENT_3D('',#15643,#12388,#12389);
#10202=AXIS2_PLACEMENT_3D('',#15646,#12392,#12393);
#10203=AXIS2_PLACEMENT_3D('',#15649,#12396,#12397);
#10204=AXIS2_PLACEMENT_3D('',#15652,#12400,#12401);
#10205=AXIS2_PLACEMENT_3D('',#15655,#12404,#12405);
#10206=AXIS2_PLACEMENT_3D('',#15658,#12408,#12409);
#10207=AXIS2_PLACEMENT_3D('',#15661,#12412,#12413);
#10208=AXIS2_PLACEMENT_3D('',#15664,#12416,#12417);
#10209=AXIS2_PLACEMENT_3D('',#15667,#12420,#12421);
#10210=AXIS2_PLACEMENT_3D('',#15670,#12424,#12425);
#10211=AXIS2_PLACEMENT_3D('',#15673,#12428,#12429);
#10212=AXIS2_PLACEMENT_3D('',#15676,#12432,#12433);
#10213=AXIS2_PLACEMENT_3D('',#15679,#12436,#12437);
#10214=AXIS2_PLACEMENT_3D('',#15682,#12440,#12441);
#10215=AXIS2_PLACEMENT_3D('',#15685,#12444,#12445);
#10216=AXIS2_PLACEMENT_3D('',#15688,#12448,#12449);
#10217=AXIS2_PLACEMENT_3D('',#15691,#12452,#12453);
#10218=AXIS2_PLACEMENT_3D('',#15694,#12456,#12457);
#10219=AXIS2_PLACEMENT_3D('',#15697,#12460,#12461);
#10220=AXIS2_PLACEMENT_3D('',#15700,#12464,#12465);
#10221=AXIS2_PLACEMENT_3D('',#15703,#12468,#12469);
#10222=AXIS2_PLACEMENT_3D('',#15706,#12472,#12473);
#10223=AXIS2_PLACEMENT_3D('',#15709,#12476,#12477);
#10224=AXIS2_PLACEMENT_3D('',#15712,#12480,#12481);
#10225=AXIS2_PLACEMENT_3D('',#15715,#12484,#12485);
#10226=AXIS2_PLACEMENT_3D('',#15718,#12488,#12489);
#10227=AXIS2_PLACEMENT_3D('',#15721,#12492,#12493);
#10228=AXIS2_PLACEMENT_3D('',#15724,#12496,#12497);
#10229=AXIS2_PLACEMENT_3D('',#15727,#12500,#12501);
#10230=AXIS2_PLACEMENT_3D('',#15730,#12504,#12505);
#10231=AXIS2_PLACEMENT_3D('',#15733,#12508,#12509);
#10232=AXIS2_PLACEMENT_3D('',#15736,#12512,#12513);
#10233=AXIS2_PLACEMENT_3D('',#15739,#12516,#12517);
#10234=AXIS2_PLACEMENT_3D('',#15742,#12520,#12521);
#10235=AXIS2_PLACEMENT_3D('',#15745,#12524,#12525);
#10236=AXIS2_PLACEMENT_3D('',#15748,#12528,#12529);
#10237=AXIS2_PLACEMENT_3D('',#15751,#12532,#12533);
#10238=AXIS2_PLACEMENT_3D('',#15754,#12536,#12537);
#10239=AXIS2_PLACEMENT_3D('',#15757,#12540,#12541);
#10240=AXIS2_PLACEMENT_3D('',#15760,#12544,#12545);
#10241=AXIS2_PLACEMENT_3D('',#15763,#12548,#12549);
#10242=AXIS2_PLACEMENT_3D('',#15765,#12551,#12552);
#10243=AXIS2_PLACEMENT_3D('',#15768,#12555,#12556);
#10244=AXIS2_PLACEMENT_3D('',#15771,#12559,#12560);
#10245=AXIS2_PLACEMENT_3D('',#15774,#12563,#12564);
#10246=AXIS2_PLACEMENT_3D('',#15777,#12567,#12568);
#10247=AXIS2_PLACEMENT_3D('',#15780,#12571,#12572);
#10248=AXIS2_PLACEMENT_3D('',#15783,#12575,#12576);
#10249=AXIS2_PLACEMENT_3D('',#15786,#12579,#12580);
#10250=AXIS2_PLACEMENT_3D('',#15789,#12583,#12584);
#10251=AXIS2_PLACEMENT_3D('',#15792,#12587,#12588);
#10252=AXIS2_PLACEMENT_3D('',#15795,#12591,#12592);
#10253=AXIS2_PLACEMENT_3D('',#15798,#12595,#12596);
#10254=AXIS2_PLACEMENT_3D('',#15801,#12599,#12600);
#10255=AXIS2_PLACEMENT_3D('',#15804,#12603,#12604);
#10256=AXIS2_PLACEMENT_3D('',#15807,#12607,#12608);
#10257=AXIS2_PLACEMENT_3D('',#15810,#12611,#12612);
#10258=AXIS2_PLACEMENT_3D('',#15813,#12615,#12616);
#10259=AXIS2_PLACEMENT_3D('',#15816,#12619,#12620);
#10260=AXIS2_PLACEMENT_3D('',#15819,#12623,#12624);
#10261=AXIS2_PLACEMENT_3D('',#15822,#12627,#12628);
#10262=AXIS2_PLACEMENT_3D('',#15825,#12631,#12632);
#10263=AXIS2_PLACEMENT_3D('',#15831,#12634,#12635);
#10264=AXIS2_PLACEMENT_3D('',#15833,#12637,#12638);
#10265=AXIS2_PLACEMENT_3D('',#15838,#12639,#12640);
#10266=AXIS2_PLACEMENT_3D('',#15841,#12643,#12644);
#10267=AXIS2_PLACEMENT_3D('',#15846,#12645,#12646);
#10268=AXIS2_PLACEMENT_3D('',#15847,#12647,#12648);
#10269=AXIS2_PLACEMENT_3D('',#15848,#12649,#12650);
#10270=AXIS2_PLACEMENT_3D('',#15853,#12651,#12652);
#10271=AXIS2_PLACEMENT_3D('',#15856,#12655,#12656);
#10272=AXIS2_PLACEMENT_3D('',#15861,#12657,#12658);
#10273=AXIS2_PLACEMENT_3D('',#15862,#12659,#12660);
#10274=AXIS2_PLACEMENT_3D('',#15863,#12661,#12662);
#10275=AXIS2_PLACEMENT_3D('',#15868,#12663,#12664);
#10276=AXIS2_PLACEMENT_3D('',#15871,#12667,#12668);
#10277=AXIS2_PLACEMENT_3D('',#15876,#12669,#12670);
#10278=AXIS2_PLACEMENT_3D('',#15877,#12671,#12672);
#10279=AXIS2_PLACEMENT_3D('',#15878,#12673,#12674);
#10280=AXIS2_PLACEMENT_3D('',#15883,#12675,#12676);
#10281=AXIS2_PLACEMENT_3D('',#15886,#12679,#12680);
#10282=AXIS2_PLACEMENT_3D('',#15891,#12681,#12682);
#10283=AXIS2_PLACEMENT_3D('',#15892,#12683,#12684);
#10284=AXIS2_PLACEMENT_3D('',#15893,#12685,#12686);
#10285=AXIS2_PLACEMENT_3D('',#15898,#12687,#12688);
#10286=AXIS2_PLACEMENT_3D('',#15901,#12691,#12692);
#10287=AXIS2_PLACEMENT_3D('',#15906,#12693,#12694);
#10288=AXIS2_PLACEMENT_3D('',#15907,#12695,#12696);
#10289=AXIS2_PLACEMENT_3D('',#15908,#12697,#12698);
#10290=AXIS2_PLACEMENT_3D('',#15913,#12699,#12700);
#10291=AXIS2_PLACEMENT_3D('',#15916,#12703,#12704);
#10292=AXIS2_PLACEMENT_3D('',#15921,#12705,#12706);
#10293=AXIS2_PLACEMENT_3D('',#15922,#12707,#12708);
#10294=AXIS2_PLACEMENT_3D('',#15923,#12709,#12710);
#10295=AXIS2_PLACEMENT_3D('',#15928,#12711,#12712);
#10296=AXIS2_PLACEMENT_3D('',#15931,#12715,#12716);
#10297=AXIS2_PLACEMENT_3D('',#15936,#12717,#12718);
#10298=AXIS2_PLACEMENT_3D('',#15937,#12719,#12720);
#10299=AXIS2_PLACEMENT_3D('',#15938,#12721,#12722);
#10300=AXIS2_PLACEMENT_3D('',#15943,#12723,#12724);
#10301=AXIS2_PLACEMENT_3D('',#15946,#12727,#12728);
#10302=AXIS2_PLACEMENT_3D('',#15951,#12729,#12730);
#10303=AXIS2_PLACEMENT_3D('',#15952,#12731,#12732);
#10304=AXIS2_PLACEMENT_3D('',#15953,#12733,#12734);
#10305=AXIS2_PLACEMENT_3D('',#15958,#12735,#12736);
#10306=AXIS2_PLACEMENT_3D('',#15961,#12739,#12740);
#10307=AXIS2_PLACEMENT_3D('',#15966,#12741,#12742);
#10308=AXIS2_PLACEMENT_3D('',#15967,#12743,#12744);
#10309=AXIS2_PLACEMENT_3D('',#15968,#12745,#12746);
#10310=AXIS2_PLACEMENT_3D('',#15973,#12747,#12748);
#10311=AXIS2_PLACEMENT_3D('',#15976,#12751,#12752);
#10312=AXIS2_PLACEMENT_3D('',#15981,#12753,#12754);
#10313=AXIS2_PLACEMENT_3D('',#15982,#12755,#12756);
#10314=AXIS2_PLACEMENT_3D('',#15983,#12757,#12758);
#10315=AXIS2_PLACEMENT_3D('',#15988,#12759,#12760);
#10316=AXIS2_PLACEMENT_3D('',#15991,#12763,#12764);
#10317=AXIS2_PLACEMENT_3D('',#15996,#12765,#12766);
#10318=AXIS2_PLACEMENT_3D('',#15997,#12767,#12768);
#10319=AXIS2_PLACEMENT_3D('',#15998,#12769,#12770);
#10320=AXIS2_PLACEMENT_3D('',#16003,#12771,#12772);
#10321=AXIS2_PLACEMENT_3D('',#16006,#12775,#12776);
#10322=AXIS2_PLACEMENT_3D('',#16011,#12777,#12778);
#10323=AXIS2_PLACEMENT_3D('',#16012,#12779,#12780);
#10324=AXIS2_PLACEMENT_3D('',#16013,#12781,#12782);
#10325=AXIS2_PLACEMENT_3D('',#16018,#12783,#12784);
#10326=AXIS2_PLACEMENT_3D('',#16021,#12787,#12788);
#10327=AXIS2_PLACEMENT_3D('',#16026,#12789,#12790);
#10328=AXIS2_PLACEMENT_3D('',#16027,#12791,#12792);
#10329=AXIS2_PLACEMENT_3D('',#16028,#12793,#12794);
#10330=AXIS2_PLACEMENT_3D('',#16033,#12795,#12796);
#10331=AXIS2_PLACEMENT_3D('',#16036,#12799,#12800);
#10332=AXIS2_PLACEMENT_3D('',#16041,#12801,#12802);
#10333=AXIS2_PLACEMENT_3D('',#16042,#12803,#12804);
#10334=AXIS2_PLACEMENT_3D('',#16043,#12805,#12806);
#10335=AXIS2_PLACEMENT_3D('',#16048,#12807,#12808);
#10336=AXIS2_PLACEMENT_3D('',#16051,#12811,#12812);
#10337=AXIS2_PLACEMENT_3D('',#16056,#12813,#12814);
#10338=AXIS2_PLACEMENT_3D('',#16057,#12815,#12816);
#10339=AXIS2_PLACEMENT_3D('',#16058,#12817,#12818);
#10340=AXIS2_PLACEMENT_3D('',#16063,#12819,#12820);
#10341=AXIS2_PLACEMENT_3D('',#16066,#12823,#12824);
#10342=AXIS2_PLACEMENT_3D('',#16071,#12825,#12826);
#10343=AXIS2_PLACEMENT_3D('',#16072,#12827,#12828);
#10344=AXIS2_PLACEMENT_3D('',#16073,#12829,#12830);
#10345=AXIS2_PLACEMENT_3D('',#16078,#12831,#12832);
#10346=AXIS2_PLACEMENT_3D('',#16081,#12835,#12836);
#10347=AXIS2_PLACEMENT_3D('',#16086,#12837,#12838);
#10348=AXIS2_PLACEMENT_3D('',#16087,#12839,#12840);
#10349=AXIS2_PLACEMENT_3D('',#16088,#12841,#12842);
#10350=AXIS2_PLACEMENT_3D('',#16093,#12843,#12844);
#10351=AXIS2_PLACEMENT_3D('',#16096,#12847,#12848);
#10352=AXIS2_PLACEMENT_3D('',#16101,#12849,#12850);
#10353=AXIS2_PLACEMENT_3D('',#16102,#12851,#12852);
#10354=AXIS2_PLACEMENT_3D('',#16103,#12853,#12854);
#10355=AXIS2_PLACEMENT_3D('',#16108,#12855,#12856);
#10356=AXIS2_PLACEMENT_3D('',#16111,#12859,#12860);
#10357=AXIS2_PLACEMENT_3D('',#16116,#12861,#12862);
#10358=AXIS2_PLACEMENT_3D('',#16117,#12863,#12864);
#10359=AXIS2_PLACEMENT_3D('',#16118,#12865,#12866);
#10360=AXIS2_PLACEMENT_3D('',#16123,#12867,#12868);
#10361=AXIS2_PLACEMENT_3D('',#16126,#12871,#12872);
#10362=AXIS2_PLACEMENT_3D('',#16131,#12873,#12874);
#10363=AXIS2_PLACEMENT_3D('',#16132,#12875,#12876);
#10364=AXIS2_PLACEMENT_3D('',#16133,#12877,#12878);
#10365=AXIS2_PLACEMENT_3D('',#16138,#12879,#12880);
#10366=AXIS2_PLACEMENT_3D('',#16141,#12883,#12884);
#10367=AXIS2_PLACEMENT_3D('',#16146,#12885,#12886);
#10368=AXIS2_PLACEMENT_3D('',#16147,#12887,#12888);
#10369=AXIS2_PLACEMENT_3D('',#16148,#12889,#12890);
#10370=AXIS2_PLACEMENT_3D('',#16153,#12891,#12892);
#10371=AXIS2_PLACEMENT_3D('',#16156,#12895,#12896);
#10372=AXIS2_PLACEMENT_3D('',#16161,#12897,#12898);
#10373=AXIS2_PLACEMENT_3D('',#16162,#12899,#12900);
#10374=AXIS2_PLACEMENT_3D('',#16163,#12901,#12902);
#10375=AXIS2_PLACEMENT_3D('',#16168,#12903,#12904);
#10376=AXIS2_PLACEMENT_3D('',#16171,#12907,#12908);
#10377=AXIS2_PLACEMENT_3D('',#16176,#12909,#12910);
#10378=AXIS2_PLACEMENT_3D('',#16177,#12911,#12912);
#10379=AXIS2_PLACEMENT_3D('',#16178,#12913,#12914);
#10380=AXIS2_PLACEMENT_3D('',#16183,#12915,#12916);
#10381=AXIS2_PLACEMENT_3D('',#16186,#12919,#12920);
#10382=AXIS2_PLACEMENT_3D('',#16191,#12921,#12922);
#10383=AXIS2_PLACEMENT_3D('',#16192,#12923,#12924);
#10384=AXIS2_PLACEMENT_3D('',#16193,#12925,#12926);
#10385=AXIS2_PLACEMENT_3D('',#16198,#12927,#12928);
#10386=AXIS2_PLACEMENT_3D('',#16201,#12931,#12932);
#10387=AXIS2_PLACEMENT_3D('',#16206,#12933,#12934);
#10388=AXIS2_PLACEMENT_3D('',#16207,#12935,#12936);
#10389=AXIS2_PLACEMENT_3D('',#16208,#12937,#12938);
#10390=AXIS2_PLACEMENT_3D('',#16213,#12939,#12940);
#10391=AXIS2_PLACEMENT_3D('',#16216,#12943,#12944);
#10392=AXIS2_PLACEMENT_3D('',#16221,#12945,#12946);
#10393=AXIS2_PLACEMENT_3D('',#16222,#12947,#12948);
#10394=AXIS2_PLACEMENT_3D('',#16223,#12949,#12950);
#10395=AXIS2_PLACEMENT_3D('',#16228,#12951,#12952);
#10396=AXIS2_PLACEMENT_3D('',#16231,#12955,#12956);
#10397=AXIS2_PLACEMENT_3D('',#16236,#12957,#12958);
#10398=AXIS2_PLACEMENT_3D('',#16237,#12959,#12960);
#10399=AXIS2_PLACEMENT_3D('',#16238,#12961,#12962);
#10400=AXIS2_PLACEMENT_3D('',#16243,#12963,#12964);
#10401=AXIS2_PLACEMENT_3D('',#16246,#12967,#12968);
#10402=AXIS2_PLACEMENT_3D('',#16251,#12969,#12970);
#10403=AXIS2_PLACEMENT_3D('',#16252,#12971,#12972);
#10404=AXIS2_PLACEMENT_3D('',#16253,#12973,#12974);
#10405=AXIS2_PLACEMENT_3D('',#16258,#12975,#12976);
#10406=AXIS2_PLACEMENT_3D('',#16261,#12979,#12980);
#10407=AXIS2_PLACEMENT_3D('',#16266,#12981,#12982);
#10408=AXIS2_PLACEMENT_3D('',#16267,#12983,#12984);
#10409=AXIS2_PLACEMENT_3D('',#16268,#12985,#12986);
#10410=AXIS2_PLACEMENT_3D('',#16273,#12987,#12988);
#10411=AXIS2_PLACEMENT_3D('',#16276,#12991,#12992);
#10412=AXIS2_PLACEMENT_3D('',#16281,#12993,#12994);
#10413=AXIS2_PLACEMENT_3D('',#16282,#12995,#12996);
#10414=AXIS2_PLACEMENT_3D('',#16283,#12997,#12998);
#10415=AXIS2_PLACEMENT_3D('',#16288,#12999,#13000);
#10416=AXIS2_PLACEMENT_3D('',#16291,#13003,#13004);
#10417=AXIS2_PLACEMENT_3D('',#16296,#13005,#13006);
#10418=AXIS2_PLACEMENT_3D('',#16297,#13007,#13008);
#10419=AXIS2_PLACEMENT_3D('',#16298,#13009,#13010);
#10420=AXIS2_PLACEMENT_3D('',#16303,#13011,#13012);
#10421=AXIS2_PLACEMENT_3D('',#16306,#13015,#13016);
#10422=AXIS2_PLACEMENT_3D('',#16311,#13017,#13018);
#10423=AXIS2_PLACEMENT_3D('',#16312,#13019,#13020);
#10424=AXIS2_PLACEMENT_3D('',#16313,#13021,#13022);
#10425=AXIS2_PLACEMENT_3D('',#16318,#13023,#13024);
#10426=AXIS2_PLACEMENT_3D('',#16321,#13027,#13028);
#10427=AXIS2_PLACEMENT_3D('',#16326,#13029,#13030);
#10428=AXIS2_PLACEMENT_3D('',#16327,#13031,#13032);
#10429=AXIS2_PLACEMENT_3D('',#16328,#13033,#13034);
#10430=AXIS2_PLACEMENT_3D('',#16333,#13035,#13036);
#10431=AXIS2_PLACEMENT_3D('',#16336,#13039,#13040);
#10432=AXIS2_PLACEMENT_3D('',#16341,#13041,#13042);
#10433=AXIS2_PLACEMENT_3D('',#16342,#13043,#13044);
#10434=AXIS2_PLACEMENT_3D('',#16343,#13045,#13046);
#10435=AXIS2_PLACEMENT_3D('',#16348,#13047,#13048);
#10436=AXIS2_PLACEMENT_3D('',#16351,#13051,#13052);
#10437=AXIS2_PLACEMENT_3D('',#16356,#13053,#13054);
#10438=AXIS2_PLACEMENT_3D('',#16357,#13055,#13056);
#10439=AXIS2_PLACEMENT_3D('',#16358,#13057,#13058);
#10440=AXIS2_PLACEMENT_3D('',#16363,#13059,#13060);
#10441=AXIS2_PLACEMENT_3D('',#16366,#13063,#13064);
#10442=AXIS2_PLACEMENT_3D('',#16371,#13065,#13066);
#10443=AXIS2_PLACEMENT_3D('',#16372,#13067,#13068);
#10444=AXIS2_PLACEMENT_3D('',#16373,#13069,#13070);
#10445=AXIS2_PLACEMENT_3D('',#16378,#13071,#13072);
#10446=AXIS2_PLACEMENT_3D('',#16381,#13075,#13076);
#10447=AXIS2_PLACEMENT_3D('',#16386,#13077,#13078);
#10448=AXIS2_PLACEMENT_3D('',#16387,#13079,#13080);
#10449=AXIS2_PLACEMENT_3D('',#16388,#13081,#13082);
#10450=AXIS2_PLACEMENT_3D('',#16393,#13083,#13084);
#10451=AXIS2_PLACEMENT_3D('',#16396,#13087,#13088);
#10452=AXIS2_PLACEMENT_3D('',#16401,#13089,#13090);
#10453=AXIS2_PLACEMENT_3D('',#16402,#13091,#13092);
#10454=AXIS2_PLACEMENT_3D('',#16403,#13093,#13094);
#10455=AXIS2_PLACEMENT_3D('',#16408,#13095,#13096);
#10456=AXIS2_PLACEMENT_3D('',#16411,#13099,#13100);
#10457=AXIS2_PLACEMENT_3D('',#16416,#13101,#13102);
#10458=AXIS2_PLACEMENT_3D('',#16417,#13103,#13104);
#10459=AXIS2_PLACEMENT_3D('',#16418,#13105,#13106);
#10460=AXIS2_PLACEMENT_3D('',#16423,#13107,#13108);
#10461=AXIS2_PLACEMENT_3D('',#16426,#13111,#13112);
#10462=AXIS2_PLACEMENT_3D('',#16431,#13113,#13114);
#10463=AXIS2_PLACEMENT_3D('',#16432,#13115,#13116);
#10464=AXIS2_PLACEMENT_3D('',#16433,#13117,#13118);
#10465=AXIS2_PLACEMENT_3D('',#16438,#13119,#13120);
#10466=AXIS2_PLACEMENT_3D('',#16441,#13123,#13124);
#10467=AXIS2_PLACEMENT_3D('',#16446,#13125,#13126);
#10468=AXIS2_PLACEMENT_3D('',#16447,#13127,#13128);
#10469=AXIS2_PLACEMENT_3D('',#16448,#13129,#13130);
#10470=AXIS2_PLACEMENT_3D('',#16453,#13131,#13132);
#10471=AXIS2_PLACEMENT_3D('',#16456,#13135,#13136);
#10472=AXIS2_PLACEMENT_3D('',#16461,#13137,#13138);
#10473=AXIS2_PLACEMENT_3D('',#16462,#13139,#13140);
#10474=AXIS2_PLACEMENT_3D('',#16463,#13141,#13142);
#10475=AXIS2_PLACEMENT_3D('',#16468,#13143,#13144);
#10476=AXIS2_PLACEMENT_3D('',#16471,#13147,#13148);
#10477=AXIS2_PLACEMENT_3D('',#16476,#13149,#13150);
#10478=AXIS2_PLACEMENT_3D('',#16477,#13151,#13152);
#10479=AXIS2_PLACEMENT_3D('',#16478,#13153,#13154);
#10480=AXIS2_PLACEMENT_3D('',#16483,#13155,#13156);
#10481=AXIS2_PLACEMENT_3D('',#16486,#13159,#13160);
#10482=AXIS2_PLACEMENT_3D('',#16491,#13161,#13162);
#10483=AXIS2_PLACEMENT_3D('',#16492,#13163,#13164);
#10484=AXIS2_PLACEMENT_3D('',#16493,#13165,#13166);
#10485=AXIS2_PLACEMENT_3D('',#16498,#13167,#13168);
#10486=AXIS2_PLACEMENT_3D('',#16501,#13171,#13172);
#10487=AXIS2_PLACEMENT_3D('',#16506,#13173,#13174);
#10488=AXIS2_PLACEMENT_3D('',#16507,#13175,#13176);
#10489=AXIS2_PLACEMENT_3D('',#16508,#13177,#13178);
#10490=AXIS2_PLACEMENT_3D('',#16513,#13179,#13180);
#10491=AXIS2_PLACEMENT_3D('',#16516,#13183,#13184);
#10492=AXIS2_PLACEMENT_3D('',#16521,#13185,#13186);
#10493=AXIS2_PLACEMENT_3D('',#16522,#13187,#13188);
#10494=AXIS2_PLACEMENT_3D('',#16523,#13189,#13190);
#10495=AXIS2_PLACEMENT_3D('',#16528,#13191,#13192);
#10496=AXIS2_PLACEMENT_3D('',#16531,#13195,#13196);
#10497=AXIS2_PLACEMENT_3D('',#16536,#13197,#13198);
#10498=AXIS2_PLACEMENT_3D('',#16537,#13199,#13200);
#10499=AXIS2_PLACEMENT_3D('',#16538,#13201,#13202);
#10500=AXIS2_PLACEMENT_3D('',#16543,#13203,#13204);
#10501=AXIS2_PLACEMENT_3D('',#16546,#13207,#13208);
#10502=AXIS2_PLACEMENT_3D('',#16551,#13209,#13210);
#10503=AXIS2_PLACEMENT_3D('',#16552,#13211,#13212);
#10504=AXIS2_PLACEMENT_3D('',#16553,#13213,#13214);
#10505=AXIS2_PLACEMENT_3D('',#16558,#13215,#13216);
#10506=AXIS2_PLACEMENT_3D('',#16561,#13219,#13220);
#10507=AXIS2_PLACEMENT_3D('',#16566,#13221,#13222);
#10508=AXIS2_PLACEMENT_3D('',#16567,#13223,#13224);
#10509=AXIS2_PLACEMENT_3D('',#16568,#13225,#13226);
#10510=AXIS2_PLACEMENT_3D('',#16573,#13227,#13228);
#10511=AXIS2_PLACEMENT_3D('',#16576,#13231,#13232);
#10512=AXIS2_PLACEMENT_3D('',#16581,#13233,#13234);
#10513=AXIS2_PLACEMENT_3D('',#16582,#13235,#13236);
#10514=AXIS2_PLACEMENT_3D('',#16583,#13237,#13238);
#10515=AXIS2_PLACEMENT_3D('',#16588,#13239,#13240);
#10516=AXIS2_PLACEMENT_3D('',#16591,#13243,#13244);
#10517=AXIS2_PLACEMENT_3D('',#16596,#13245,#13246);
#10518=AXIS2_PLACEMENT_3D('',#16597,#13247,#13248);
#10519=AXIS2_PLACEMENT_3D('',#16598,#13249,#13250);
#10520=AXIS2_PLACEMENT_3D('',#16603,#13251,#13252);
#10521=AXIS2_PLACEMENT_3D('',#16606,#13255,#13256);
#10522=AXIS2_PLACEMENT_3D('',#16611,#13257,#13258);
#10523=AXIS2_PLACEMENT_3D('',#16612,#13259,#13260);
#10524=AXIS2_PLACEMENT_3D('',#16613,#13261,#13262);
#10525=AXIS2_PLACEMENT_3D('',#16618,#13263,#13264);
#10526=AXIS2_PLACEMENT_3D('',#16621,#13267,#13268);
#10527=AXIS2_PLACEMENT_3D('',#16626,#13269,#13270);
#10528=AXIS2_PLACEMENT_3D('',#16627,#13271,#13272);
#10529=AXIS2_PLACEMENT_3D('',#16628,#13273,#13274);
#10530=AXIS2_PLACEMENT_3D('',#16633,#13275,#13276);
#10531=AXIS2_PLACEMENT_3D('',#16636,#13279,#13280);
#10532=AXIS2_PLACEMENT_3D('',#16641,#13281,#13282);
#10533=AXIS2_PLACEMENT_3D('',#16642,#13283,#13284);
#10534=AXIS2_PLACEMENT_3D('',#16643,#13285,#13286);
#10535=AXIS2_PLACEMENT_3D('',#16648,#13287,#13288);
#10536=AXIS2_PLACEMENT_3D('',#16651,#13291,#13292);
#10537=AXIS2_PLACEMENT_3D('',#16656,#13293,#13294);
#10538=AXIS2_PLACEMENT_3D('',#16657,#13295,#13296);
#10539=AXIS2_PLACEMENT_3D('',#16658,#13297,#13298);
#10540=AXIS2_PLACEMENT_3D('',#16663,#13299,#13300);
#10541=AXIS2_PLACEMENT_3D('',#16666,#13303,#13304);
#10542=AXIS2_PLACEMENT_3D('',#16671,#13305,#13306);
#10543=AXIS2_PLACEMENT_3D('',#16672,#13307,#13308);
#10544=AXIS2_PLACEMENT_3D('',#16673,#13309,#13310);
#10545=AXIS2_PLACEMENT_3D('',#16678,#13311,#13312);
#10546=AXIS2_PLACEMENT_3D('',#16681,#13315,#13316);
#10547=AXIS2_PLACEMENT_3D('',#16686,#13317,#13318);
#10548=AXIS2_PLACEMENT_3D('',#16687,#13319,#13320);
#10549=AXIS2_PLACEMENT_3D('',#16688,#13321,#13322);
#10550=AXIS2_PLACEMENT_3D('',#16693,#13323,#13324);
#10551=AXIS2_PLACEMENT_3D('',#16696,#13327,#13328);
#10552=AXIS2_PLACEMENT_3D('',#16701,#13329,#13330);
#10553=AXIS2_PLACEMENT_3D('',#16702,#13331,#13332);
#10554=AXIS2_PLACEMENT_3D('',#16703,#13333,#13334);
#10555=AXIS2_PLACEMENT_3D('',#16708,#13335,#13336);
#10556=AXIS2_PLACEMENT_3D('',#16711,#13339,#13340);
#10557=AXIS2_PLACEMENT_3D('',#16716,#13341,#13342);
#10558=AXIS2_PLACEMENT_3D('',#16717,#13343,#13344);
#10559=AXIS2_PLACEMENT_3D('',#16718,#13345,#13346);
#10560=AXIS2_PLACEMENT_3D('',#16723,#13347,#13348);
#10561=AXIS2_PLACEMENT_3D('',#16726,#13351,#13352);
#10562=AXIS2_PLACEMENT_3D('',#16731,#13353,#13354);
#10563=AXIS2_PLACEMENT_3D('',#16732,#13355,#13356);
#10564=AXIS2_PLACEMENT_3D('',#16733,#13357,#13358);
#10565=AXIS2_PLACEMENT_3D('',#16736,#13360,#13361);
#10566=AXIS2_PLACEMENT_3D('',#16739,#13363,#13364);
#10567=AXIS2_PLACEMENT_3D('',#16741,#13366,#13367);
#10568=AXIS2_PLACEMENT_3D('',#16743,#13369,#13370);
#10569=AXIS2_PLACEMENT_3D('',#16744,#13371,#13372);
#10570=AXIS2_PLACEMENT_3D('',#16746,#13373,#13374);
#10571=AXIS2_PLACEMENT_3D('',#16747,#13375,#13376);
#10572=AXIS2_PLACEMENT_3D('',#16749,#13377,#13378);
#10573=AXIS2_PLACEMENT_3D('',#16750,#13379,#13380);
#10574=AXIS2_PLACEMENT_3D('',#16752,#13381,#13382);
#10575=AXIS2_PLACEMENT_3D('',#16753,#13383,#13384);
#10576=AXIS2_PLACEMENT_3D('',#16755,#13385,#13386);
#10577=AXIS2_PLACEMENT_3D('',#16758,#13389,#13390);
#10578=AXIS2_PLACEMENT_3D('',#16759,#13391,#13392);
#10579=AXIS2_PLACEMENT_3D('',#16764,#13395,#13396);
#10580=AXIS2_PLACEMENT_3D('',#16765,#13397,#13398);
#10581=AXIS2_PLACEMENT_3D('',#16766,#13399,#13400);
#10582=AXIS2_PLACEMENT_3D('',#16768,#13401,#13402);
#10583=AXIS2_PLACEMENT_3D('',#16769,#13403,#13404);
#10584=AXIS2_PLACEMENT_3D('',#16771,#13405,#13406);
#10585=AXIS2_PLACEMENT_3D('',#16772,#13407,#13408);
#10586=AXIS2_PLACEMENT_3D('',#16775,#13411,#13412);
#10587=AXIS2_PLACEMENT_3D('',#16778,#13415,#13416);
#10588=AXIS2_PLACEMENT_3D('',#16779,#13417,#13418);
#10589=AXIS2_PLACEMENT_3D('',#16780,#13419,#13420);
#10590=AXIS2_PLACEMENT_3D('',#16781,#13421,#13422);
#10591=AXIS2_PLACEMENT_3D('',#16782,#13423,#13424);
#10592=AXIS2_PLACEMENT_3D('',#16783,#13425,#13426);
#10593=AXIS2_PLACEMENT_3D('',#16784,#13427,#13428);
#10594=AXIS2_PLACEMENT_3D('',#16785,#13429,#13430);
#10595=AXIS2_PLACEMENT_3D('',#16790,#13432,#13433);
#10596=AXIS2_PLACEMENT_3D('',#16794,#13435,#13436);
#10597=AXIS2_PLACEMENT_3D('',#16797,#13438,#13439);
#10598=AXIS2_PLACEMENT_3D('',#16802,#13441,#13442);
#10599=AXIS2_PLACEMENT_3D('',#16806,#13444,#13445);
#10600=AXIS2_PLACEMENT_3D('',#16809,#13447,#13448);
#10601=AXIS2_PLACEMENT_3D('',#16814,#13450,#13451);
#10602=AXIS2_PLACEMENT_3D('',#16818,#13453,#13454);
#10603=AXIS2_PLACEMENT_3D('',#16820,#13455,#13456);
#10604=AXIS2_PLACEMENT_3D('',#16823,#13458,#13459);
#10605=AXIS2_PLACEMENT_3D('',#16828,#13461,#13462);
#10606=AXIS2_PLACEMENT_3D('',#16832,#13464,#13465);
#10607=AXIS2_PLACEMENT_3D('',#16836,#13467,#13468);
#10608=AXIS2_PLACEMENT_3D('',#16839,#13470,#13471);
#10609=AXIS2_PLACEMENT_3D('',#16844,#13473,#13474);
#10610=AXIS2_PLACEMENT_3D('',#16846,#13475,#13476);
#10611=AXIS2_PLACEMENT_3D('',#16848,#13477,#13478);
#10612=AXIS2_PLACEMENT_3D('',#16852,#13480,#13481);
#10613=AXIS2_PLACEMENT_3D('',#16854,#13482,#13483);
#10614=AXIS2_PLACEMENT_3D('',#16858,#13485,#13486);
#10615=AXIS2_PLACEMENT_3D('',#16860,#13487,#13488);
#10616=AXIS2_PLACEMENT_3D('',#16862,#13489,#13490);
#10617=AXIS2_PLACEMENT_3D('',#16864,#13491,#13492);
#10618=AXIS2_PLACEMENT_3D('',#16866,#13493,#13494);
#10619=AXIS2_PLACEMENT_3D('',#16870,#13496,#13497);
#10620=AXIS2_PLACEMENT_3D('',#16874,#13499,#13500);
#10621=AXIS2_PLACEMENT_3D('',#16878,#13502,#13503);
#10622=AXIS2_PLACEMENT_3D('',#16882,#13505,#13506);
#10623=AXIS2_PLACEMENT_3D('',#16884,#13507,#13508);
#10624=AXIS2_PLACEMENT_3D('',#16886,#13509,#13510);
#10625=AXIS2_PLACEMENT_3D('',#16888,#13511,#13512);
#10626=AXIS2_PLACEMENT_3D('',#16890,#13513,#13514);
#10627=AXIS2_PLACEMENT_3D('',#16891,#13515,#13516);
#10628=AXIS2_PLACEMENT_3D('',#16893,#13517,#13518);
#10629=AXIS2_PLACEMENT_3D('',#16895,#13519,#13520);
#10630=AXIS2_PLACEMENT_3D('',#16897,#13521,#13522);
#10631=AXIS2_PLACEMENT_3D('',#16899,#13523,#13524);
#10632=AXIS2_PLACEMENT_3D('',#16901,#13525,#13526);
#10633=AXIS2_PLACEMENT_3D('',#16903,#13527,#13528);
#10634=AXIS2_PLACEMENT_3D('',#16908,#13530,#13531);
#10635=AXIS2_PLACEMENT_3D('',#16912,#13533,#13534);
#10636=AXIS2_PLACEMENT_3D('',#16914,#13535,#13536);
#10637=AXIS2_PLACEMENT_3D('',#16915,#13537,#13538);
#10638=AXIS2_PLACEMENT_3D('',#16918,#13539,#13540);
#10639=AXIS2_PLACEMENT_3D('',#16920,#13541,#13542);
#10640=AXIS2_PLACEMENT_3D('',#16924,#13544,#13545);
#10641=AXIS2_PLACEMENT_3D('',#16928,#13547,#13548);
#10642=AXIS2_PLACEMENT_3D('',#16930,#13549,#13550);
#10643=AXIS2_PLACEMENT_3D('',#16932,#13551,#13552);
#10644=AXIS2_PLACEMENT_3D('',#16934,#13553,#13554);
#10645=AXIS2_PLACEMENT_3D('',#16935,#13555,#13556);
#10646=AXIS2_PLACEMENT_3D('',#16940,#13558,#13559);
#10647=AXIS2_PLACEMENT_3D('',#16942,#13560,#13561);
#10648=AXIS2_PLACEMENT_3D('',#16944,#13562,#13563);
#10649=AXIS2_PLACEMENT_3D('',#16948,#13565,#13566);
#10650=AXIS2_PLACEMENT_3D('',#16952,#13568,#13569);
#10651=AXIS2_PLACEMENT_3D('',#16955,#13571,#13572);
#10652=AXIS2_PLACEMENT_3D('',#16960,#13574,#13575);
#10653=AXIS2_PLACEMENT_3D('',#16964,#13577,#13578);
#10654=AXIS2_PLACEMENT_3D('',#16966,#13579,#13580);
#10655=AXIS2_PLACEMENT_3D('',#16970,#13582,#13583);
#10656=AXIS2_PLACEMENT_3D('',#16973,#13585,#13586);
#10657=AXIS2_PLACEMENT_3D('',#16978,#13588,#13589);
#10658=AXIS2_PLACEMENT_3D('',#16982,#13591,#13592);
#10659=AXIS2_PLACEMENT_3D('',#16984,#13593,#13594);
#10660=AXIS2_PLACEMENT_3D('',#16986,#13595,#13596);
#10661=AXIS2_PLACEMENT_3D('',#16990,#13598,#13599);
#10662=AXIS2_PLACEMENT_3D('',#16992,#13600,#13601);
#10663=AXIS2_PLACEMENT_3D('',#16994,#13602,#13603);
#10664=AXIS2_PLACEMENT_3D('',#16997,#13605,#13606);
#10665=AXIS2_PLACEMENT_3D('',#17001,#13608,#13609);
#10666=AXIS2_PLACEMENT_3D('',#17005,#13611,#13612);
#10667=AXIS2_PLACEMENT_3D('',#17009,#13614,#13615);
#10668=AXIS2_PLACEMENT_3D('',#17011,#13616,#13617);
#10669=AXIS2_PLACEMENT_3D('',#17013,#13618,#13619);
#10670=AXIS2_PLACEMENT_3D('',#17017,#13621,#13622);
#10671=AXIS2_PLACEMENT_3D('',#17021,#13624,#13625);
#10672=AXIS2_PLACEMENT_3D('',#17023,#13626,#13627);
#10673=AXIS2_PLACEMENT_3D('',#17025,#13628,#13629);
#10674=AXIS2_PLACEMENT_3D('',#17029,#13631,#13632);
#10675=AXIS2_PLACEMENT_3D('',#17033,#13634,#13635);
#10676=AXIS2_PLACEMENT_3D('',#17037,#13637,#13638);
#10677=AXIS2_PLACEMENT_3D('',#17039,#13639,#13640);
#10678=AXIS2_PLACEMENT_3D('',#17043,#13642,#13643);
#10679=AXIS2_PLACEMENT_3D('',#17047,#13645,#13646);
#10680=AXIS2_PLACEMENT_3D('',#17051,#13648,#13649);
#10681=AXIS2_PLACEMENT_3D('',#17055,#13651,#13652);
#10682=AXIS2_PLACEMENT_3D('',#17059,#13654,#13655);
#10683=AXIS2_PLACEMENT_3D('',#17060,#13656,#13657);
#10684=AXIS2_PLACEMENT_3D('',#17063,#13658,#13659);
#10685=AXIS2_PLACEMENT_3D('',#17067,#13661,#13662);
#10686=AXIS2_PLACEMENT_3D('',#17069,#13663,#13664);
#10687=AXIS2_PLACEMENT_3D('',#17071,#13665,#13666);
#10688=AXIS2_PLACEMENT_3D('',#17075,#13668,#13669);
#10689=AXIS2_PLACEMENT_3D('',#17076,#13670,#13671);
#10690=AXIS2_PLACEMENT_3D('',#17079,#13672,#13673);
#10691=AXIS2_PLACEMENT_3D('',#17083,#13675,#13676);
#10692=AXIS2_PLACEMENT_3D('',#17085,#13677,#13678);
#10693=AXIS2_PLACEMENT_3D('',#17087,#13679,#13680);
#10694=AXIS2_PLACEMENT_3D('',#17089,#13681,#13682);
#10695=AXIS2_PLACEMENT_3D('',#17091,#13683,#13684);
#10696=AXIS2_PLACEMENT_3D('',#17095,#13686,#13687);
#10697=AXIS2_PLACEMENT_3D('',#17099,#13689,#13690);
#10698=AXIS2_PLACEMENT_3D('',#17103,#13692,#13693);
#10699=AXIS2_PLACEMENT_3D('',#17107,#13695,#13696);
#10700=AXIS2_PLACEMENT_3D('',#17109,#13697,#13698);
#10701=AXIS2_PLACEMENT_3D('',#17111,#13699,#13700);
#10702=AXIS2_PLACEMENT_3D('',#17112,#13701,#13702);
#10703=AXIS2_PLACEMENT_3D('',#17114,#13703,#13704);
#10704=AXIS2_PLACEMENT_3D('',#17116,#13705,#13706);
#10705=AXIS2_PLACEMENT_3D('',#17118,#13707,#13708);
#10706=AXIS2_PLACEMENT_3D('',#17120,#13709,#13710);
#10707=AXIS2_PLACEMENT_3D('',#17122,#13711,#13712);
#10708=AXIS2_PLACEMENT_3D('',#17127,#13714,#13715);
#10709=AXIS2_PLACEMENT_3D('',#17131,#13717,#13718);
#10710=AXIS2_PLACEMENT_3D('',#17135,#13720,#13721);
#10711=AXIS2_PLACEMENT_3D('',#17139,#13723,#13724);
#10712=AXIS2_PLACEMENT_3D('',#17141,#13725,#13726);
#10713=AXIS2_PLACEMENT_3D('',#17143,#13727,#13728);
#10714=AXIS2_PLACEMENT_3D('',#17145,#13729,#13730);
#10715=AXIS2_PLACEMENT_3D('',#17147,#13731,#13732);
#10716=AXIS2_PLACEMENT_3D('',#17149,#13733,#13734);
#10717=AXIS2_PLACEMENT_3D('',#17151,#13735,#13736);
#10718=AXIS2_PLACEMENT_3D('',#17155,#13738,#13739);
#10719=AXIS2_PLACEMENT_3D('',#17159,#13741,#13742);
#10720=AXIS2_PLACEMENT_3D('',#17163,#13744,#13745);
#10721=AXIS2_PLACEMENT_3D('',#17167,#13747,#13748);
#10722=AXIS2_PLACEMENT_3D('',#17169,#13749,#13750);
#10723=AXIS2_PLACEMENT_3D('',#17173,#13752,#13753);
#10724=AXIS2_PLACEMENT_3D('',#17174,#13754,#13755);
#10725=AXIS2_PLACEMENT_3D('',#17177,#13756,#13757);
#10726=AXIS2_PLACEMENT_3D('',#17181,#13759,#13760);
#10727=AXIS2_PLACEMENT_3D('',#17185,#13762,#13763);
#10728=AXIS2_PLACEMENT_3D('',#17189,#13765,#13766);
#10729=AXIS2_PLACEMENT_3D('',#17191,#13767,#13768);
#10730=AXIS2_PLACEMENT_3D('',#17193,#13769,#13770);
#10731=AXIS2_PLACEMENT_3D('',#17197,#13772,#13773);
#10732=AXIS2_PLACEMENT_3D('',#17201,#13775,#13776);
#10733=AXIS2_PLACEMENT_3D('',#17205,#13778,#13779);
#10734=AXIS2_PLACEMENT_3D('',#17209,#13781,#13782);
#10735=AXIS2_PLACEMENT_3D('',#17210,#13783,#13784);
#10736=AXIS2_PLACEMENT_3D('',#17213,#13787,#13788);
#10737=AXIS2_PLACEMENT_3D('',#17216,#13791,#13792);
#10738=AXIS2_PLACEMENT_3D('',#17219,#13795,#13796);
#10739=AXIS2_PLACEMENT_3D('',#17221,#13798,#13799);
#10740=AXIS2_PLACEMENT_3D('',#17223,#13801,#13802);
#10741=AXIS2_PLACEMENT_3D('',#17226,#13805,#13806);
#10742=AXIS2_PLACEMENT_3D('',#17228,#13808,#13809);
#10743=AXIS2_PLACEMENT_3D('',#17230,#13811,#13812);
#10744=AXIS2_PLACEMENT_3D('',#17233,#13815,#13816);
#10745=AXIS2_PLACEMENT_3D('',#17236,#13819,#13820);
#10746=AXIS2_PLACEMENT_3D('',#17239,#13823,#13824);
#10747=AXIS2_PLACEMENT_3D('',#17240,#13825,#13826);
#10748=AXIS2_PLACEMENT_3D('',#17241,#13827,#13828);
#10749=AXIS2_PLACEMENT_3D('',#17242,#13829,#13830);
#10750=AXIS2_PLACEMENT_3D('',#17243,#13831,#13832);
#10751=AXIS2_PLACEMENT_3D('',#17244,#13833,#13834);
#10752=AXIS2_PLACEMENT_3D('',#17245,#13835,#13836);
#10753=AXIS2_PLACEMENT_3D('',#17246,#13837,#13838);
#10754=AXIS2_PLACEMENT_3D('',#17247,#13839,#13840);
#10755=AXIS2_PLACEMENT_3D('',#17248,#13841,#13842);
#10756=AXIS2_PLACEMENT_3D('',#17249,#13843,#13844);
#10757=AXIS2_PLACEMENT_3D('',#17250,#13845,#13846);
#10758=AXIS2_PLACEMENT_3D('',#17251,#13847,#13848);
#10759=AXIS2_PLACEMENT_3D('',#17252,#13849,#13850);
#10760=AXIS2_PLACEMENT_3D('',#17255,#13853,#13854);
#10761=AXIS2_PLACEMENT_3D('',#17258,#13857,#13858);
#10762=AXIS2_PLACEMENT_3D('',#17261,#13861,#13862);
#10763=AXIS2_PLACEMENT_3D('',#17264,#13865,#13866);
#10764=AXIS2_PLACEMENT_3D('',#17265,#13867,#13868);
#10765=AXIS2_PLACEMENT_3D('',#17266,#13869,#13870);
#10766=AXIS2_PLACEMENT_3D('',#17267,#13871,#13872);
#10767=AXIS2_PLACEMENT_3D('',#17268,#13873,#13874);
#10768=AXIS2_PLACEMENT_3D('',#17271,#13877,#13878);
#10769=AXIS2_PLACEMENT_3D('',#17274,#13881,#13882);
#10770=AXIS2_PLACEMENT_3D('',#17277,#13885,#13886);
#10771=AXIS2_PLACEMENT_3D('',#17280,#13889,#13890);
#10772=AXIS2_PLACEMENT_3D('',#17281,#13891,#13892);
#10773=AXIS2_PLACEMENT_3D('',#17282,#13893,#13894);
#10774=AXIS2_PLACEMENT_3D('',#17283,#13895,#13896);
#10775=AXIS2_PLACEMENT_3D('',#17284,#13897,#13898);
#10776=AXIS2_PLACEMENT_3D('',#17287,#13901,#13902);
#10777=AXIS2_PLACEMENT_3D('',#17289,#13904,#13905);
#10778=AXIS2_PLACEMENT_3D('',#17292,#13908,#13909);
#10779=AXIS2_PLACEMENT_3D('',#17295,#13912,#13913);
#10780=AXIS2_PLACEMENT_3D('',#17296,#13914,#13915);
#10781=AXIS2_PLACEMENT_3D('',#17297,#13916,#13917);
#10782=AXIS2_PLACEMENT_3D('',#17298,#13918,#13919);
#10783=AXIS2_PLACEMENT_3D('',#17301,#13922,#13923);
#10784=AXIS2_PLACEMENT_3D('',#17304,#13926,#13927);
#10785=AXIS2_PLACEMENT_3D('',#17307,#13930,#13931);
#10786=AXIS2_PLACEMENT_3D('',#17308,#13932,#13933);
#10787=AXIS2_PLACEMENT_3D('',#17309,#13934,#13935);
#10788=AXIS2_PLACEMENT_3D('',#17310,#13936,#13937);
#10789=AXIS2_PLACEMENT_3D('',#17313,#13940,#13941);
#10790=AXIS2_PLACEMENT_3D('',#17316,#13944,#13945);
#10791=AXIS2_PLACEMENT_3D('',#17319,#13948,#13949);
#10792=AXIS2_PLACEMENT_3D('',#17320,#13950,#13951);
#10793=AXIS2_PLACEMENT_3D('',#17321,#13952,#13953);
#10794=AXIS2_PLACEMENT_3D('',#17322,#13954,#13955);
#10795=AXIS2_PLACEMENT_3D('',#17325,#13958,#13959);
#10796=AXIS2_PLACEMENT_3D('',#17328,#13962,#13963);
#10797=AXIS2_PLACEMENT_3D('',#17331,#13966,#13967);
#10798=AXIS2_PLACEMENT_3D('',#17334,#13970,#13971);
#10799=AXIS2_PLACEMENT_3D('',#17337,#13974,#13975);
#10800=AXIS2_PLACEMENT_3D('',#17338,#13976,#13977);
#10801=AXIS2_PLACEMENT_3D('',#17339,#13978,#13979);
#10802=AXIS2_PLACEMENT_3D('',#17340,#13980,#13981);
#10803=AXIS2_PLACEMENT_3D('',#17341,#13982,#13983);
#10804=AXIS2_PLACEMENT_3D('',#17342,#13984,#13985);
#10805=AXIS2_PLACEMENT_3D('',#17345,#13988,#13989);
#10806=AXIS2_PLACEMENT_3D('',#17348,#13992,#13993);
#10807=AXIS2_PLACEMENT_3D('',#17351,#13996,#13997);
#10808=AXIS2_PLACEMENT_3D('',#17354,#14000,#14001);
#10809=AXIS2_PLACEMENT_3D('',#17357,#14004,#14005);
#10810=AXIS2_PLACEMENT_3D('',#17358,#14006,#14007);
#10811=AXIS2_PLACEMENT_3D('',#17359,#14008,#14009);
#10812=AXIS2_PLACEMENT_3D('',#17360,#14010,#14011);
#10813=AXIS2_PLACEMENT_3D('',#17361,#14012,#14013);
#10814=AXIS2_PLACEMENT_3D('',#17362,#14014,#14015);
#10815=AXIS2_PLACEMENT_3D('',#17365,#14018,#14019);
#10816=AXIS2_PLACEMENT_3D('',#17367,#14021,#14022);
#10817=AXIS2_PLACEMENT_3D('',#17370,#14025,#14026);
#10818=AXIS2_PLACEMENT_3D('',#17373,#14029,#14030);
#10819=AXIS2_PLACEMENT_3D('',#17376,#14033,#14034);
#10820=AXIS2_PLACEMENT_3D('',#17377,#14035,#14036);
#10821=AXIS2_PLACEMENT_3D('',#17378,#14037,#14038);
#10822=AXIS2_PLACEMENT_3D('',#17379,#14039,#14040);
#10823=AXIS2_PLACEMENT_3D('',#17380,#14041,#14042);
#10824=AXIS2_PLACEMENT_3D('',#17383,#14045,#14046);
#10825=AXIS2_PLACEMENT_3D('',#17386,#14049,#14050);
#10826=AXIS2_PLACEMENT_3D('',#17389,#14053,#14054);
#10827=AXIS2_PLACEMENT_3D('',#17392,#14057,#14058);
#10828=AXIS2_PLACEMENT_3D('',#17395,#14061,#14062);
#10829=AXIS2_PLACEMENT_3D('',#17398,#14065,#14066);
#10830=AXIS2_PLACEMENT_3D('',#17399,#14067,#14068);
#10831=AXIS2_PLACEMENT_3D('',#17400,#14069,#14070);
#10832=AXIS2_PLACEMENT_3D('',#17401,#14071,#14072);
#10833=AXIS2_PLACEMENT_3D('',#17402,#14073,#14074);
#10834=AXIS2_PLACEMENT_3D('',#17403,#14075,#14076);
#10835=AXIS2_PLACEMENT_3D('',#17404,#14077,#14078);
#10836=AXIS2_PLACEMENT_3D('',#17407,#14081,#14082);
#10837=AXIS2_PLACEMENT_3D('',#17410,#14085,#14086);
#10838=AXIS2_PLACEMENT_3D('',#17413,#14089,#14090);
#10839=AXIS2_PLACEMENT_3D('',#17414,#14091,#14092);
#10840=AXIS2_PLACEMENT_3D('',#17415,#14093,#14094);
#10841=AXIS2_PLACEMENT_3D('',#17416,#14095,#14096);
#10842=AXIS2_PLACEMENT_3D('',#17417,#14097,#14098);
#10843=AXIS2_PLACEMENT_3D('',#17418,#14099,#14100);
#10844=AXIS2_PLACEMENT_3D('',#17419,#14101,#14102);
#10845=AXIS2_PLACEMENT_3D('',#17420,#14103,#14104);
#10846=DIRECTION('',(0.,0.,1.));
#10847=DIRECTION('',(1.,0.,0.));
#10848=DIRECTION('',(0.,1.,0.));
#10849=DIRECTION('',(-1.,0.,0.));
#10850=DIRECTION('',(0.,1.,0.));
#10851=DIRECTION('',(0.,0.,1.));
#10852=DIRECTION('',(0.,1.,0.));
#10853=DIRECTION('',(0.,0.,1.));
#10854=DIRECTION('',(0.,-1.,0.));
#10855=DIRECTION('',(0.,0.,-1.));
#10856=DIRECTION('',(0.,1.,0.));
#10857=DIRECTION('',(0.134711462225861,0.,-0.990884868158239));
#10858=DIRECTION('',(0.,1.,0.));
#10859=DIRECTION('',(0.134711462225861,0.,-0.990884868158239));
#10860=DIRECTION('',(0.,1.,0.));
#10861=DIRECTION('',(0.134711462225861,0.,-0.990884868158239));
#10862=DIRECTION('',(0.,-1.,0.));
#10863=DIRECTION('',(0.,0.,-1.));
#10864=DIRECTION('',(0.,1.,0.));
#10865=DIRECTION('',(0.,0.,1.));
#10866=DIRECTION('',(0.,-1.,0.));
#10867=DIRECTION('',(0.,0.,-1.));
#10868=DIRECTION('',(0.,1.,0.));
#10869=DIRECTION('',(0.117956717150846,0.,-0.993018737425934));
#10870=DIRECTION('',(0.,1.,0.));
#10871=DIRECTION('',(0.117956717150846,0.,-0.993018737425934));
#10872=DIRECTION('',(0.,1.,0.));
#10873=DIRECTION('',(0.117956717150846,0.,-0.993018737425934));
#10874=DIRECTION('',(0.,-1.,0.));
#10875=DIRECTION('',(0.,0.,-1.));
#10876=DIRECTION('',(0.,1.,0.));
#10877=DIRECTION('',(0.,0.,1.));
#10878=DIRECTION('',(0.,-1.,0.));
#10879=DIRECTION('',(0.,0.,-1.));
#10880=DIRECTION('',(0.,1.,0.));
#10881=DIRECTION('',(0.101168321987432,0.,-0.994869323391895));
#10882=DIRECTION('',(0.,1.,0.));
#10883=DIRECTION('',(0.101168321987432,0.,-0.994869323391895));
#10884=DIRECTION('',(0.,1.,0.));
#10885=DIRECTION('',(0.101168321987432,0.,-0.994869323391895));
#10886=DIRECTION('',(0.,-1.,0.));
#10887=DIRECTION('',(0.,0.,-1.));
#10888=DIRECTION('',(0.,1.,0.));
#10889=DIRECTION('',(0.,0.,1.));
#10890=DIRECTION('',(0.,-1.,0.));
#10891=DIRECTION('',(0.,0.,-1.));
#10892=DIRECTION('',(0.,1.,0.));
#10893=DIRECTION('',(0.0843510660430451,0.,-0.996436098130433));
#10894=DIRECTION('',(0.,1.,0.));
#10895=DIRECTION('',(0.0843510660430451,0.,-0.996436098130433));
#10896=DIRECTION('',(0.,1.,0.));
#10897=DIRECTION('',(0.0843510660430451,0.,-0.996436098130433));
#10898=DIRECTION('',(0.,-1.,0.));
#10899=DIRECTION('',(0.,0.,-1.));
#10900=DIRECTION('',(0.,1.,0.));
#10901=DIRECTION('',(0.,0.,1.));
#10902=DIRECTION('',(0.,-1.,0.));
#10903=DIRECTION('',(0.,0.,-1.));
#10904=DIRECTION('',(0.,1.,0.));
#10905=DIRECTION('',(0.0675097468583656,0.,-0.997718614680071));
#10906=DIRECTION('',(0.,1.,0.));
#10907=DIRECTION('',(0.0675097468583656,0.,-0.997718614680071));
#10908=DIRECTION('',(0.,1.,0.));
#10909=DIRECTION('',(0.0675097468583656,0.,-0.997718614680071));
#10910=DIRECTION('',(0.,-1.,0.));
#10911=DIRECTION('',(0.,0.,-1.));
#10912=DIRECTION('',(0.,1.,0.));
#10913=DIRECTION('',(0.,0.,1.));
#10914=DIRECTION('',(0.,-1.,0.));
#10915=DIRECTION('',(0.,0.,-1.));
#10916=DIRECTION('',(0.,1.,0.));
#10917=DIRECTION('',(0.0506491688387126,0.,-0.998716507171053));
#10918=DIRECTION('',(0.,1.,0.));
#10919=DIRECTION('',(0.0506491688387126,0.,-0.998716507171053));
#10920=DIRECTION('',(0.,1.,0.));
#10921=DIRECTION('',(0.0506491688387126,0.,-0.998716507171053));
#10922=DIRECTION('',(0.,-1.,0.));
#10923=DIRECTION('',(0.,0.,-1.));
#10924=DIRECTION('',(0.,1.,0.));
#10925=DIRECTION('',(0.,0.,1.));
#10926=DIRECTION('',(0.,-1.,0.));
#10927=DIRECTION('',(0.,0.,-1.));
#10928=DIRECTION('',(0.,1.,0.));
#10929=DIRECTION('',(0.0337741418834681,0.,-0.999429490929718));
#10930=DIRECTION('',(0.,1.,0.));
#10931=DIRECTION('',(0.0337741418834681,0.,-0.999429490929718));
#10932=DIRECTION('',(0.,1.,0.));
#10933=DIRECTION('',(0.0337741418834681,0.,-0.999429490929718));
#10934=DIRECTION('',(0.,-1.,0.));
#10935=DIRECTION('',(0.,0.,-1.));
#10936=DIRECTION('',(0.,1.,0.));
#10937=DIRECTION('',(0.,0.,1.));
#10938=DIRECTION('',(0.,-1.,0.));
#10939=DIRECTION('',(0.,0.,-1.));
#10940=DIRECTION('',(0.,1.,0.));
#10941=DIRECTION('',(0.0168894800139311,0.,-0.99985736255971));
#10942=DIRECTION('',(0.,1.,0.));
#10943=DIRECTION('',(0.0168894800139311,0.,-0.99985736255971));
#10944=DIRECTION('',(0.,1.,0.));
#10945=DIRECTION('',(0.0168894800139311,0.,-0.99985736255971));
#10946=DIRECTION('',(0.,-1.,0.));
#10947=DIRECTION('',(0.,0.,-1.));
#10948=DIRECTION('',(0.,1.,0.));
#10949=DIRECTION('',(0.,0.,1.));
#10950=DIRECTION('',(0.,-1.,0.));
#10951=DIRECTION('',(0.,0.,-1.));
#10952=DIRECTION('',(0.,1.,0.));
#10953=DIRECTION('',(1.22464679914735E-16,0.,-1.));
#10954=DIRECTION('',(0.,1.,0.));
#10955=DIRECTION('',(1.22464679914735E-16,0.,-1.));
#10956=DIRECTION('',(0.,1.,0.));
#10957=DIRECTION('',(1.22464679914735E-16,0.,-1.));
#10958=DIRECTION('',(0.,-1.,0.));
#10959=DIRECTION('',(0.,0.,-1.));
#10960=DIRECTION('',(0.,1.,0.));
#10961=DIRECTION('',(0.,0.,1.));
#10962=DIRECTION('',(0.,-1.,0.));
#10963=DIRECTION('',(0.,0.,-1.));
#10964=DIRECTION('',(0.,1.,0.));
#10965=DIRECTION('',(-0.0168894800139309,0.,-0.99985736255971));
#10966=DIRECTION('',(0.,1.,0.));
#10967=DIRECTION('',(-0.0168894800139309,0.,-0.99985736255971));
#10968=DIRECTION('',(0.,1.,0.));
#10969=DIRECTION('',(-0.0168894800139309,0.,-0.99985736255971));
#10970=DIRECTION('',(0.,-1.,0.));
#10971=DIRECTION('',(0.,0.,-1.));
#10972=DIRECTION('',(0.,1.,0.));
#10973=DIRECTION('',(0.,0.,1.));
#10974=DIRECTION('',(0.,-1.,0.));
#10975=DIRECTION('',(0.,0.,-1.));
#10976=DIRECTION('',(0.,1.,0.));
#10977=DIRECTION('',(-0.0337741418834683,0.,-0.999429490929718));
#10978=DIRECTION('',(0.,1.,0.));
#10979=DIRECTION('',(-0.0337741418834683,0.,-0.999429490929718));
#10980=DIRECTION('',(0.,1.,0.));
#10981=DIRECTION('',(-0.0337741418834683,0.,-0.999429490929718));
#10982=DIRECTION('',(0.,-1.,0.));
#10983=DIRECTION('',(0.,0.,-1.));
#10984=DIRECTION('',(0.,1.,0.));
#10985=DIRECTION('',(0.,0.,1.));
#10986=DIRECTION('',(0.,-1.,0.));
#10987=DIRECTION('',(0.,0.,-1.));
#10988=DIRECTION('',(0.,1.,0.));
#10989=DIRECTION('',(-0.0506491688387128,0.,-0.998716507171053));
#10990=DIRECTION('',(0.,1.,0.));
#10991=DIRECTION('',(-0.0506491688387128,0.,-0.998716507171053));
#10992=DIRECTION('',(0.,1.,0.));
#10993=DIRECTION('',(-0.0506491688387128,0.,-0.998716507171053));
#10994=DIRECTION('',(0.,-1.,0.));
#10995=DIRECTION('',(0.,0.,-1.));
#10996=DIRECTION('',(0.,1.,0.));
#10997=DIRECTION('',(0.,0.,1.));
#10998=DIRECTION('',(0.,-1.,0.));
#10999=DIRECTION('',(0.,0.,-1.));
#11000=DIRECTION('',(0.,1.,0.));
#11001=DIRECTION('',(-0.0675097468583653,0.,-0.997718614680071));
#11002=DIRECTION('',(0.,1.,0.));
#11003=DIRECTION('',(-0.0675097468583653,0.,-0.997718614680071));
#11004=DIRECTION('',(0.,1.,0.));
#11005=DIRECTION('',(-0.0675097468583653,0.,-0.997718614680071));
#11006=DIRECTION('',(0.,-1.,0.));
#11007=DIRECTION('',(0.,0.,-1.));
#11008=DIRECTION('',(0.,1.,0.));
#11009=DIRECTION('',(0.,0.,1.));
#11010=DIRECTION('',(0.,-1.,0.));
#11011=DIRECTION('',(0.,0.,-1.));
#11012=DIRECTION('',(0.,1.,0.));
#11013=DIRECTION('',(-0.0843510660430448,0.,-0.996436098130433));
#11014=DIRECTION('',(0.,1.,0.));
#11015=DIRECTION('',(-0.0843510660430448,0.,-0.996436098130433));
#11016=DIRECTION('',(0.,1.,0.));
#11017=DIRECTION('',(-0.0843510660430448,0.,-0.996436098130433));
#11018=DIRECTION('',(0.,-1.,0.));
#11019=DIRECTION('',(0.,0.,-1.));
#11020=DIRECTION('',(0.,1.,0.));
#11021=DIRECTION('',(0.,0.,1.));
#11022=DIRECTION('',(0.,-1.,0.));
#11023=DIRECTION('',(0.,0.,-1.));
#11024=DIRECTION('',(0.,1.,0.));
#11025=DIRECTION('',(-0.101168321987432,0.,-0.994869323391895));
#11026=DIRECTION('',(0.,1.,0.));
#11027=DIRECTION('',(-0.101168321987432,0.,-0.994869323391895));
#11028=DIRECTION('',(0.,1.,0.));
#11029=DIRECTION('',(-0.101168321987432,0.,-0.994869323391895));
#11030=DIRECTION('',(0.,-1.,0.));
#11031=DIRECTION('',(0.,0.,-1.));
#11032=DIRECTION('',(0.,1.,0.));
#11033=DIRECTION('',(0.,0.,1.));
#11034=DIRECTION('',(0.,-1.,0.));
#11035=DIRECTION('',(0.,0.,-1.));
#11036=DIRECTION('',(0.,1.,0.));
#11037=DIRECTION('',(-0.117956717150846,0.,-0.993018737425934));
#11038=DIRECTION('',(0.,1.,0.));
#11039=DIRECTION('',(-0.117956717150846,0.,-0.993018737425934));
#11040=DIRECTION('',(0.,1.,0.));
#11041=DIRECTION('',(-0.117956717150846,0.,-0.993018737425934));
#11042=DIRECTION('',(0.,-1.,0.));
#11043=DIRECTION('',(0.,0.,-1.));
#11044=DIRECTION('',(0.,1.,0.));
#11045=DIRECTION('',(0.,0.,1.));
#11046=DIRECTION('',(0.,-1.,0.));
#11047=DIRECTION('',(0.,0.,-1.));
#11048=DIRECTION('',(0.,1.,0.));
#11049=DIRECTION('',(-0.134711462225861,0.,-0.990884868158239));
#11050=DIRECTION('',(0.,1.,0.));
#11051=DIRECTION('',(-0.134711462225861,0.,-0.990884868158239));
#11052=DIRECTION('',(0.,1.,0.));
#11053=DIRECTION('',(-0.134711462225861,0.,-0.990884868158239));
#11054=DIRECTION('',(0.,-1.,0.));
#11055=DIRECTION('',(0.,0.,-1.));
#11056=DIRECTION('',(0.,1.,0.));
#11057=DIRECTION('',(0.,0.,1.));
#11058=DIRECTION('',(0.,-1.,0.));
#11059=DIRECTION('',(0.,0.,-1.));
#11060=DIRECTION('',(0.,1.,0.));
#11061=DIRECTION('',(-0.151427777504577,0.,-0.988468324328111));
#11062=DIRECTION('',(0.,1.,0.));
#11063=DIRECTION('',(-0.151427777504577,0.,-0.988468324328111));
#11064=DIRECTION('',(0.,1.,0.));
#11065=DIRECTION('',(-0.151427777504577,0.,-0.988468324328111));
#11066=DIRECTION('',(0.,-1.,0.));
#11067=DIRECTION('',(0.,0.,-1.));
#11068=DIRECTION('',(0.,1.,0.));
#11069=DIRECTION('',(0.,0.,1.));
#11070=DIRECTION('',(0.,-1.,0.));
#11071=DIRECTION('',(0.,0.,-1.));
#11072=DIRECTION('',(0.,1.,0.));
#11073=DIRECTION('',(-0.168100894242148,0.,-0.985769795314804));
#11074=DIRECTION('',(0.,1.,0.));
#11075=DIRECTION('',(-0.168100894242148,0.,-0.985769795314804));
#11076=DIRECTION('',(0.,1.,0.));
#11077=DIRECTION('',(-0.168100894242148,0.,-0.985769795314804));
#11078=DIRECTION('',(0.,-1.,0.));
#11079=DIRECTION('',(0.,0.,-1.));
#11080=DIRECTION('',(0.,1.,0.));
#11081=DIRECTION('',(0.,0.,1.));
#11082=DIRECTION('',(0.,-1.,0.));
#11083=DIRECTION('',(0.,0.,-1.));
#11084=DIRECTION('',(0.,1.,0.));
#11085=DIRECTION('',(-0.184726056017189,0.,-0.982790050940858));
#11086=DIRECTION('',(0.,1.,0.));
#11087=DIRECTION('',(-0.184726056017189,0.,-0.982790050940858));
#11088=DIRECTION('',(0.,1.,0.));
#11089=DIRECTION('',(-0.184726056017189,0.,-0.982790050940858));
#11090=DIRECTION('',(0.,-1.,0.));
#11091=DIRECTION('',(0.,0.,-1.));
#11092=DIRECTION('',(0.,1.,0.));
#11093=DIRECTION('',(0.,0.,1.));
#11094=DIRECTION('',(0.,-1.,0.));
#11095=DIRECTION('',(0.,0.,-1.));
#11096=DIRECTION('',(0.,1.,0.));
#11097=DIRECTION('',(-0.201298520088661,0.,-0.979529941252494));
#11098=DIRECTION('',(0.,1.,0.));
#11099=DIRECTION('',(-0.201298520088661,0.,-0.979529941252494));
#11100=DIRECTION('',(0.,1.,0.));
#11101=DIRECTION('',(-0.201298520088661,0.,-0.979529941252494));
#11102=DIRECTION('',(0.,-1.,0.));
#11103=DIRECTION('',(0.,0.,-1.));
#11104=DIRECTION('',(0.,1.,0.));
#11105=DIRECTION('',(0.,0.,1.));
#11106=DIRECTION('',(0.,-1.,0.));
#11107=DIRECTION('',(0.,0.,-1.));
#11108=DIRECTION('',(0.,1.,0.));
#11109=DIRECTION('',(-0.217813558748852,0.,-0.975990396277115));
#11110=DIRECTION('',(0.,1.,0.));
#11111=DIRECTION('',(-0.217813558748852,0.,-0.975990396277115));
#11112=DIRECTION('',(0.,1.,0.));
#11113=DIRECTION('',(-0.217813558748852,0.,-0.975990396277115));
#11114=DIRECTION('',(0.,-1.,0.));
#11115=DIRECTION('',(0.,0.,-1.));
#11116=DIRECTION('',(0.,1.,0.));
#11117=DIRECTION('',(0.,0.,1.));
#11118=DIRECTION('',(0.,-1.,0.));
#11119=DIRECTION('',(0.,0.,-1.));
#11120=DIRECTION('',(0.,1.,0.));
#11121=DIRECTION('',(-0.234266460672083,0.,-0.972172425757991));
#11122=DIRECTION('',(0.,1.,0.));
#11123=DIRECTION('',(-0.234266460672083,0.,-0.972172425757991));
#11124=DIRECTION('',(0.,1.,0.));
#11125=DIRECTION('',(-0.234266460672083,0.,-0.972172425757991));
#11126=DIRECTION('',(0.,-1.,0.));
#11127=DIRECTION('',(0.,0.,-1.));
#11128=DIRECTION('',(0.,1.,0.));
#11129=DIRECTION('',(0.,0.,1.));
#11130=DIRECTION('',(0.,-1.,0.));
#11131=DIRECTION('',(0.,0.,-1.));
#11132=DIRECTION('',(0.,1.,0.));
#11133=DIRECTION('',(-0.25065253225872,0.,-0.968077118866204));
#11134=DIRECTION('',(0.,1.,0.));
#11135=DIRECTION('',(-0.25065253225872,0.,-0.968077118866204));
#11136=DIRECTION('',(0.,1.,0.));
#11137=DIRECTION('',(-0.25065253225872,0.,-0.968077118866204));
#11138=DIRECTION('',(0.,-1.,0.));
#11139=DIRECTION('',(0.,0.,-1.));
#11140=DIRECTION('',(0.,1.,0.));
#11141=DIRECTION('',(0.,0.,1.));
#11142=DIRECTION('',(0.,-1.,0.));
#11143=DIRECTION('',(0.,0.,-1.));
#11144=DIRECTION('',(0.,1.,0.));
#11145=DIRECTION('',(-0.266967098974151,0.,-0.963705643889941));
#11146=DIRECTION('',(0.,1.,0.));
#11147=DIRECTION('',(-0.266967098974151,0.,-0.963705643889941));
#11148=DIRECTION('',(0.,1.,0.));
#11149=DIRECTION('',(-0.266967098974151,0.,-0.963705643889941));
#11150=DIRECTION('',(0.,-1.,0.));
#11151=DIRECTION('',(0.,0.,-1.));
#11152=DIRECTION('',(0.,1.,0.));
#11153=DIRECTION('',(0.,0.,1.));
#11154=DIRECTION('',(0.,-1.,0.));
#11155=DIRECTION('',(0.,0.,-1.));
#11156=DIRECTION('',(0.,1.,0.));
#11157=DIRECTION('',(-0.283205506682304,0.,-0.959059247901202));
#11158=DIRECTION('',(0.,1.,0.));
#11159=DIRECTION('',(-0.283205506682304,0.,-0.959059247901202));
#11160=DIRECTION('',(0.,1.,0.));
#11161=DIRECTION('',(-0.283205506682304,0.,-0.959059247901202));
#11162=DIRECTION('',(0.,-1.,0.));
#11163=DIRECTION('',(0.,0.,-1.));
#11164=DIRECTION('',(0.,1.,0.));
#11165=DIRECTION('',(0.,0.,1.));
#11166=DIRECTION('',(0.,-1.,0.));
#11167=DIRECTION('',(0.,0.,-1.));
#11168=DIRECTION('',(0.,1.,0.));
#11169=DIRECTION('',(-0.299363122973358,0.,-0.954139256400049));
#11170=DIRECTION('',(0.,1.,0.));
#11171=DIRECTION('',(-0.299363122973358,0.,-0.954139256400049));
#11172=DIRECTION('',(0.,1.,0.));
#11173=DIRECTION('',(-0.299363122973358,0.,-0.954139256400049));
#11174=DIRECTION('',(0.,-1.,0.));
#11175=DIRECTION('',(0.,0.,-1.));
#11176=DIRECTION('',(0.,1.,0.));
#11177=DIRECTION('',(0.,0.,1.));
#11178=DIRECTION('',(0.,-1.,0.));
#11179=DIRECTION('',(0.,0.,-1.));
#11180=DIRECTION('',(0.,1.,0.));
#11181=DIRECTION('',(-0.315435338485256,0.,-0.948947072936469));
#11182=DIRECTION('',(0.,1.,0.));
#11183=DIRECTION('',(-0.315435338485256,0.,-0.948947072936469));
#11184=DIRECTION('',(0.,1.,0.));
#11185=DIRECTION('',(-0.315435338485256,0.,-0.948947072936469));
#11186=DIRECTION('',(0.,-1.,0.));
#11187=DIRECTION('',(0.,0.,-1.));
#11188=DIRECTION('',(0.,1.,0.));
#11189=DIRECTION('',(0.,0.,1.));
#11190=DIRECTION('',(0.,-1.,0.));
#11191=DIRECTION('',(0.,0.,-1.));
#11192=DIRECTION('',(0.,1.,0.));
#11193=DIRECTION('',(-0.331417568218636,0.,-0.94348417870998));
#11194=DIRECTION('',(0.,1.,0.));
#11195=DIRECTION('',(-0.331417568218636,0.,-0.94348417870998));
#11196=DIRECTION('',(0.,1.,0.));
#11197=DIRECTION('',(-0.331417568218636,0.,-0.94348417870998));
#11198=DIRECTION('',(0.,-1.,0.));
#11199=DIRECTION('',(0.,0.,-1.));
#11200=DIRECTION('',(0.,1.,0.));
#11201=DIRECTION('',(0.,0.,1.));
#11202=DIRECTION('',(0.,-1.,0.));
#11203=DIRECTION('',(0.,0.,-1.));
#11204=DIRECTION('',(0.,1.,0.));
#11205=DIRECTION('',(-0.347305252844821,0.,-0.93775213214708));
#11206=DIRECTION('',(0.,1.,0.));
#11207=DIRECTION('',(-0.347305252844821,0.,-0.93775213214708));
#11208=DIRECTION('',(0.,1.,0.));
#11209=DIRECTION('',(-0.347305252844821,0.,-0.93775213214708));
#11210=DIRECTION('',(0.,-1.,0.));
#11211=DIRECTION('',(0.,0.,-1.));
#11212=DIRECTION('',(0.,1.,0.));
#11213=DIRECTION('',(0.,0.,1.));
#11214=DIRECTION('',(0.,-1.,0.));
#11215=DIRECTION('',(0.,0.,-1.));
#11216=DIRECTION('',(0.,1.,0.));
#11217=DIRECTION('',(-0.363093860006475,0.,-0.931752568456668));
#11218=DIRECTION('',(0.,1.,0.));
#11219=DIRECTION('',(-0.363093860006475,0.,-0.931752568456668));
#11220=DIRECTION('',(0.,1.,0.));
#11221=DIRECTION('',(-0.363093860006475,0.,-0.931752568456668));
#11222=DIRECTION('',(0.,-1.,0.));
#11223=DIRECTION('',(0.,0.,-1.));
#11224=DIRECTION('',(0.,1.,0.));
#11225=DIRECTION('',(0.,0.,1.));
#11226=DIRECTION('',(0.,-1.,0.));
#11227=DIRECTION('',(0.,0.,-1.));
#11228=DIRECTION('',(0.,1.,0.));
#11229=DIRECTION('',(-0.378778885610576,0.,-0.92548719916356));
#11230=DIRECTION('',(0.,1.,0.));
#11231=DIRECTION('',(-0.378778885610576,0.,-0.92548719916356));
#11232=DIRECTION('',(0.,1.,0.));
#11233=DIRECTION('',(-0.378778885610576,0.,-0.92548719916356));
#11234=DIRECTION('',(0.,-1.,0.));
#11235=DIRECTION('',(0.,0.,-1.));
#11236=DIRECTION('',(0.,1.,0.));
#11237=DIRECTION('',(0.,0.,1.));
#11238=DIRECTION('',(0.,-1.,0.));
#11239=DIRECTION('',(0.,0.,-1.));
#11240=DIRECTION('',(0.,1.,0.));
#11241=DIRECTION('',(-0.394355855113318,0.,-0.918957811620231));
#11242=DIRECTION('',(0.,1.,0.));
#11243=DIRECTION('',(-0.394355855113318,0.,-0.918957811620231));
#11244=DIRECTION('',(0.,1.,0.));
#11245=DIRECTION('',(-0.394355855113318,0.,-0.918957811620231));
#11246=DIRECTION('',(0.,-1.,0.));
#11247=DIRECTION('',(0.,0.,-1.));
#11248=DIRECTION('',(0.,1.,0.));
#11249=DIRECTION('',(0.,0.,1.));
#11250=DIRECTION('',(0.,-1.,0.));
#11251=DIRECTION('',(0.,0.,-1.));
#11252=DIRECTION('',(0.,1.,0.));
#11253=DIRECTION('',(-0.409820324796588,0.,-0.912166268496933));
#11254=DIRECTION('',(0.,1.,0.));
#11255=DIRECTION('',(-0.409820324796588,0.,-0.912166268496933));
#11256=DIRECTION('',(0.,1.,0.));
#11257=DIRECTION('',(-0.409820324796588,0.,-0.912166268496933));
#11258=DIRECTION('',(0.,-1.,0.));
#11259=DIRECTION('',(0.,0.,-1.));
#11260=DIRECTION('',(0.,1.,0.));
#11261=DIRECTION('',(0.,0.,1.));
#11262=DIRECTION('',(0.,-1.,0.));
#11263=DIRECTION('',(0.,0.,-1.));
#11264=DIRECTION('',(0.,1.,0.));
#11265=DIRECTION('',(-0.425167883035641,0.,-0.905114507250321));
#11266=DIRECTION('',(0.,1.,0.));
#11267=DIRECTION('',(-0.425167883035641,0.,-0.905114507250321));
#11268=DIRECTION('',(0.,1.,0.));
#11269=DIRECTION('',(-0.425167883035641,0.,-0.905114507250321));
#11270=DIRECTION('',(0.,-1.,0.));
#11271=DIRECTION('',(0.,0.,-1.));
#11272=DIRECTION('',(0.,1.,0.));
#11273=DIRECTION('',(0.,0.,1.));
#11274=DIRECTION('',(0.,-1.,0.));
#11275=DIRECTION('',(0.,0.,-1.));
#11276=DIRECTION('',(0.,1.,0.));
#11277=DIRECTION('',(-0.440394151557635,0.,-0.897804539570742));
#11278=DIRECTION('',(0.,1.,0.));
#11279=DIRECTION('',(-0.440394151557635,0.,-0.897804539570742));
#11280=DIRECTION('',(0.,1.,0.));
#11281=DIRECTION('',(-0.440394151557635,0.,-0.897804539570742));
#11282=DIRECTION('',(0.,-1.,0.));
#11283=DIRECTION('',(0.,0.,-1.));
#11284=DIRECTION('',(0.,1.,0.));
#11285=DIRECTION('',(0.,0.,1.));
#11286=DIRECTION('',(0.,-1.,0.));
#11287=DIRECTION('',(0.,0.,-1.));
#11288=DIRECTION('',(0.,1.,0.));
#11289=DIRECTION('',(-0.455494786690634,0.,-0.890238450808352));
#11290=DIRECTION('',(0.,1.,0.));
#11291=DIRECTION('',(-0.455494786690634,0.,-0.890238450808352));
#11292=DIRECTION('',(0.,1.,0.));
#11293=DIRECTION('',(-0.455494786690634,0.,-0.890238450808352));
#11294=DIRECTION('',(0.,-1.,0.));
#11295=DIRECTION('',(0.,0.,-1.));
#11296=DIRECTION('',(0.,1.,0.));
#11297=DIRECTION('',(0.,0.,1.));
#11298=DIRECTION('',(0.,-1.,0.));
#11299=DIRECTION('',(0.,0.,-1.));
#11300=DIRECTION('',(0.,1.,0.));
#11301=DIRECTION('',(-0.470465480602755,0.,-0.882418399378219));
#11302=DIRECTION('',(0.,1.,0.));
#11303=DIRECTION('',(-0.470465480602755,0.,-0.882418399378219));
#11304=DIRECTION('',(0.,1.,0.));
#11305=DIRECTION('',(-0.470465480602755,0.,-0.882418399378219));
#11306=DIRECTION('',(0.,-1.,0.));
#11307=DIRECTION('',(0.,0.,-1.));
#11308=DIRECTION('',(0.,1.,0.));
#11309=DIRECTION('',(0.,0.,1.));
#11310=DIRECTION('',(0.,-1.,0.));
#11311=DIRECTION('',(0.,0.,-1.));
#11312=DIRECTION('',(0.,1.,0.));
#11313=DIRECTION('',(-0.485301962531081,0.,-0.874346616144582));
#11314=DIRECTION('',(0.,1.,0.));
#11315=DIRECTION('',(-0.485301962531081,0.,-0.874346616144582));
#11316=DIRECTION('',(0.,1.,0.));
#11317=DIRECTION('',(-0.485301962531081,0.,-0.874346616144582));
#11318=DIRECTION('',(0.,-1.,0.));
#11319=DIRECTION('',(0.,0.,-1.));
#11320=DIRECTION('',(0.,1.,0.));
#11321=DIRECTION('',(0.,0.,1.));
#11322=DIRECTION('',(0.,-1.,0.));
#11323=DIRECTION('',(0.,0.,-1.));
#11324=DIRECTION('',(0.,1.,0.));
#11325=DIRECTION('',(-0.5,0.,-0.866025403784439));
#11326=DIRECTION('',(0.,1.,0.));
#11327=DIRECTION('',(-0.5,0.,-0.866025403784439));
#11328=DIRECTION('',(0.,1.,0.));
#11329=DIRECTION('',(-0.5,0.,-0.866025403784439));
#11330=DIRECTION('',(0.,-1.,0.));
#11331=DIRECTION('',(0.,0.,-1.));
#11332=DIRECTION('',(0.,1.,0.));
#11333=DIRECTION('',(0.,0.,1.));
#11334=DIRECTION('',(0.,-1.,0.));
#11335=DIRECTION('',(0.,0.,-1.));
#11336=DIRECTION('',(0.,1.,0.));
#11337=DIRECTION('',(-0.514555400028629,0.,-0.857457136130651));
#11338=DIRECTION('',(0.,1.,0.));
#11339=DIRECTION('',(-0.514555400028629,0.,-0.857457136130651));
#11340=DIRECTION('',(0.,1.,0.));
#11341=DIRECTION('',(-0.514555400028629,0.,-0.857457136130651));
#11342=DIRECTION('',(0.,-1.,0.));
#11343=DIRECTION('',(0.,0.,-1.));
#11344=DIRECTION('',(0.,1.,0.));
#11345=DIRECTION('',(0.,0.,1.));
#11346=DIRECTION('',(0.,-1.,0.));
#11347=DIRECTION('',(0.,0.,-1.));
#11348=DIRECTION('',(0.,1.,0.));
#11349=DIRECTION('',(-0.528964010326963,0.,-0.848644257494751));
#11350=DIRECTION('',(0.,1.,0.));
#11351=DIRECTION('',(-0.528964010326963,0.,-0.848644257494751));
#11352=DIRECTION('',(0.,1.,0.));
#11353=DIRECTION('',(-0.528964010326963,0.,-0.848644257494751));
#11354=DIRECTION('',(0.,-1.,0.));
#11355=DIRECTION('',(0.,0.,-1.));
#11356=DIRECTION('',(0.,1.,0.));
#11357=DIRECTION('',(0.,0.,1.));
#11358=DIRECTION('',(0.,-1.,0.));
#11359=DIRECTION('',(0.,0.,-1.));
#11360=DIRECTION('',(0.,1.,0.));
#11361=DIRECTION('',(-0.543221720480419,0.,-0.839589281969639));
#11362=DIRECTION('',(0.,1.,0.));
#11363=DIRECTION('',(-0.543221720480419,0.,-0.839589281969639));
#11364=DIRECTION('',(0.,1.,0.));
#11365=DIRECTION('',(-0.543221720480419,0.,-0.839589281969639));
#11366=DIRECTION('',(0.,-1.,0.));
#11367=DIRECTION('',(0.,0.,-1.));
#11368=DIRECTION('',(0.,1.,0.));
#11369=DIRECTION('',(0.,0.,1.));
#11370=DIRECTION('',(0.,-1.,0.));
#11371=DIRECTION('',(0.,0.,-1.));
#11372=DIRECTION('',(0.,1.,0.));
#11373=DIRECTION('',(-0.557324463122436,0.,-0.830294792712376));
#11374=DIRECTION('',(0.,1.,0.));
#11375=DIRECTION('',(-0.557324463122436,0.,-0.830294792712376));
#11376=DIRECTION('',(0.,1.,0.));
#11377=DIRECTION('',(-0.557324463122436,0.,-0.830294792712376));
#11378=DIRECTION('',(0.,-1.,0.));
#11379=DIRECTION('',(0.,0.,-1.));
#11380=DIRECTION('',(0.,1.,0.));
#11381=DIRECTION('',(0.,0.,1.));
#11382=DIRECTION('',(0.,-1.,0.));
#11383=DIRECTION('',(0.,0.,-1.));
#11384=DIRECTION('',(0.,1.,0.));
#11385=DIRECTION('',(-0.571268215094792,0.,-0.820763441207276));
#11386=DIRECTION('',(0.,1.,0.));
#11387=DIRECTION('',(-0.571268215094792,0.,-0.820763441207276));
#11388=DIRECTION('',(0.,1.,0.));
#11389=DIRECTION('',(-0.571268215094792,0.,-0.820763441207276));
#11390=DIRECTION('',(0.,-1.,0.));
#11391=DIRECTION('',(0.,0.,-1.));
#11392=DIRECTION('',(0.,1.,0.));
#11393=DIRECTION('',(0.,0.,1.));
#11394=DIRECTION('',(0.,-1.,0.));
#11395=DIRECTION('',(0.,0.,-1.));
#11396=DIRECTION('',(0.,1.,0.));
#11397=DIRECTION('',(-0.585048998595308,0.,-0.810997946509501));
#11398=DIRECTION('',(0.,1.,0.));
#11399=DIRECTION('',(-0.585048998595308,0.,-0.810997946509501));
#11400=DIRECTION('',(0.,1.,0.));
#11401=DIRECTION('',(-0.585048998595308,0.,-0.810997946509501));
#11402=DIRECTION('',(0.,-1.,0.));
#11403=DIRECTION('',(0.,0.,-1.));
#11404=DIRECTION('',(0.,1.,0.));
#11405=DIRECTION('',(0.,0.,1.));
#11406=DIRECTION('',(0.,-1.,0.));
#11407=DIRECTION('',(0.,0.,-1.));
#11408=DIRECTION('',(0.,1.,0.));
#11409=DIRECTION('',(-0.598662882312615,0.,-0.801001094469385));
#11410=DIRECTION('',(0.,1.,0.));
#11411=DIRECTION('',(-0.598662882312615,0.,-0.801001094469385));
#11412=DIRECTION('',(0.,1.,0.));
#11413=DIRECTION('',(-0.598662882312615,0.,-0.801001094469385));
#11414=DIRECTION('',(0.,-1.,0.));
#11415=DIRECTION('',(0.,0.,-1.));
#11416=DIRECTION('',(0.,1.,0.));
#11417=DIRECTION('',(0.,0.,1.));
#11418=DIRECTION('',(0.,-1.,0.));
#11419=DIRECTION('',(0.,0.,-1.));
#11420=DIRECTION('',(0.,1.,0.));
#11421=DIRECTION('',(-0.612105982547663,0.,-0.790775736937699));
#11422=DIRECTION('',(0.,1.,0.));
#11423=DIRECTION('',(-0.612105982547663,0.,-0.790775736937699));
#11424=DIRECTION('',(0.,1.,0.));
#11425=DIRECTION('',(-0.612105982547663,0.,-0.790775736937699));
#11426=DIRECTION('',(0.,-1.,0.));
#11427=DIRECTION('',(0.,0.,-1.));
#11428=DIRECTION('',(0.,1.,0.));
#11429=DIRECTION('',(0.,0.,1.));
#11430=DIRECTION('',(0.,-1.,0.));
#11431=DIRECTION('',(0.,0.,-1.));
#11432=DIRECTION('',(0.,1.,0.));
#11433=DIRECTION('',(-0.625374464321637,0.,-0.780324790952092));
#11434=DIRECTION('',(0.,1.,0.));
#11435=DIRECTION('',(-0.625374464321637,0.,-0.780324790952092));
#11436=DIRECTION('',(0.,1.,0.));
#11437=DIRECTION('',(-0.625374464321637,0.,-0.780324790952092));
#11438=DIRECTION('',(0.,-1.,0.));
#11439=DIRECTION('',(0.,0.,-1.));
#11440=DIRECTION('',(0.,1.,0.));
#11441=DIRECTION('',(0.,0.,1.));
#11442=DIRECTION('',(0.,-1.,0.));
#11443=DIRECTION('',(0.,0.,-1.));
#11444=DIRECTION('',(0.,1.,0.));
#11445=DIRECTION('',(-0.638464542469984,0.,-0.769651237904932));
#11446=DIRECTION('',(0.,1.,0.));
#11447=DIRECTION('',(-0.638464542469984,0.,-0.769651237904932));
#11448=DIRECTION('',(0.,1.,0.));
#11449=DIRECTION('',(-0.638464542469984,0.,-0.769651237904932));
#11450=DIRECTION('',(0.,-1.,0.));
#11451=DIRECTION('',(0.,0.,-1.));
#11452=DIRECTION('',(0.,1.,0.));
#11453=DIRECTION('',(0.,0.,1.));
#11454=DIRECTION('',(0.,-1.,0.));
#11455=DIRECTION('',(0.,0.,-1.));
#11456=DIRECTION('',(0.,1.,0.));
#11457=DIRECTION('',(-0.651372482722222,0.,-0.758758122692791));
#11458=DIRECTION('',(0.,1.,0.));
#11459=DIRECTION('',(-0.651372482722222,0.,-0.758758122692791));
#11460=DIRECTION('',(0.,1.,0.));
#11461=DIRECTION('',(-0.651372482722222,0.,-0.758758122692791));
#11462=DIRECTION('',(0.,-1.,0.));
#11463=DIRECTION('',(0.,0.,-1.));
#11464=DIRECTION('',(0.,1.,0.));
#11465=DIRECTION('',(0.,0.,1.));
#11466=DIRECTION('',(0.,-1.,0.));
#11467=DIRECTION('',(0.,0.,-1.));
#11468=DIRECTION('',(0.,1.,0.));
#11469=DIRECTION('',(-0.664094602767239,0.,-0.747648552847809));
#11470=DIRECTION('',(0.,1.,0.));
#11471=DIRECTION('',(-0.664094602767239,0.,-0.747648552847809));
#11472=DIRECTION('',(0.,1.,0.));
#11473=DIRECTION('',(-0.664094602767239,0.,-0.747648552847809));
#11474=DIRECTION('',(0.,-1.,0.));
#11475=DIRECTION('',(0.,0.,-1.));
#11476=DIRECTION('',(0.,1.,0.));
#11477=DIRECTION('',(0.,0.,1.));
#11478=DIRECTION('',(0.,-1.,0.));
#11479=DIRECTION('',(0.,0.,-1.));
#11480=DIRECTION('',(0.,1.,0.));
#11481=DIRECTION('',(-0.676627273303758,0.,-0.736325697651197));
#11482=DIRECTION('',(0.,1.,0.));
#11483=DIRECTION('',(-0.676627273303758,0.,-0.736325697651197));
#11484=DIRECTION('',(0.,1.,0.));
#11485=DIRECTION('',(-0.676627273303758,0.,-0.736325697651197));
#11486=DIRECTION('',(0.,-1.,0.));
#11487=DIRECTION('',(0.,0.,-1.));
#11488=DIRECTION('',(0.,1.,0.));
#11489=DIRECTION('',(0.,0.,1.));
#11490=DIRECTION('',(0.,-1.,0.));
#11491=DIRECTION('',(0.,0.,-1.));
#11492=DIRECTION('',(0.,1.,0.));
#11493=DIRECTION('',(-0.688966919075687,0.,-0.72479278722912));
#11494=DIRECTION('',(0.,1.,0.));
#11495=DIRECTION('',(-0.688966919075687,0.,-0.72479278722912));
#11496=DIRECTION('',(0.,1.,0.));
#11497=DIRECTION('',(-0.688966919075687,0.,-0.72479278722912));
#11498=DIRECTION('',(0.,-1.,0.));
#11499=DIRECTION('',(0.,0.,-1.));
#11500=DIRECTION('',(0.,1.,0.));
#11501=DIRECTION('',(0.,0.,1.));
#11502=DIRECTION('',(0.,-1.,0.));
#11503=DIRECTION('',(0.,0.,-1.));
#11504=DIRECTION('',(0.,1.,0.));
#11505=DIRECTION('',(-0.701110019892053,0.,-0.71305311163122));
#11506=DIRECTION('',(0.,1.,0.));
#11507=DIRECTION('',(-0.701110019892053,0.,-0.71305311163122));
#11508=DIRECTION('',(0.,1.,0.));
#11509=DIRECTION('',(-0.701110019892053,0.,-0.71305311163122));
#11510=DIRECTION('',(0.,-1.,0.));
#11511=DIRECTION('',(0.,0.,-1.));
#11512=DIRECTION('',(0.,1.,0.));
#11513=DIRECTION('',(0.,0.,1.));
#11514=DIRECTION('',(0.,-1.,0.));
#11515=DIRECTION('',(0.,0.,-1.));
#11516=DIRECTION('',(0.,1.,0.));
#11517=DIRECTION('',(-0.713053111631221,0.,-0.701110019892053));
#11518=DIRECTION('',(0.,1.,0.));
#11519=DIRECTION('',(-0.713053111631221,0.,-0.701110019892053));
#11520=DIRECTION('',(0.,1.,0.));
#11521=DIRECTION('',(-0.713053111631221,0.,-0.701110019892053));
#11522=DIRECTION('',(0.,-1.,0.));
#11523=DIRECTION('',(0.,0.,-1.));
#11524=DIRECTION('',(0.,1.,0.));
#11525=DIRECTION('',(0.,0.,1.));
#11526=DIRECTION('',(0.,-1.,0.));
#11527=DIRECTION('',(0.,0.,-1.));
#11528=DIRECTION('',(0.,1.,0.));
#11529=DIRECTION('',(-0.72479278722912,0.,-0.688966919075686));
#11530=DIRECTION('',(0.,1.,0.));
#11531=DIRECTION('',(-0.72479278722912,0.,-0.688966919075686));
#11532=DIRECTION('',(0.,1.,0.));
#11533=DIRECTION('',(-0.72479278722912,0.,-0.688966919075686));
#11534=DIRECTION('',(0.,-1.,0.));
#11535=DIRECTION('',(0.,0.,-1.));
#11536=DIRECTION('',(0.,1.,0.));
#11537=DIRECTION('',(0.,0.,1.));
#11538=DIRECTION('',(0.,-1.,0.));
#11539=DIRECTION('',(0.,0.,-1.));
#11540=DIRECTION('',(0.,1.,0.));
#11541=DIRECTION('',(-0.736325697651197,0.,-0.676627273303757));
#11542=DIRECTION('',(0.,1.,0.));
#11543=DIRECTION('',(-0.736325697651197,0.,-0.676627273303757));
#11544=DIRECTION('',(0.,1.,0.));
#11545=DIRECTION('',(-0.736325697651197,0.,-0.676627273303757));
#11546=DIRECTION('',(0.,-1.,0.));
#11547=DIRECTION('',(0.,0.,-1.));
#11548=DIRECTION('',(0.,1.,0.));
#11549=DIRECTION('',(0.,0.,1.));
#11550=DIRECTION('',(0.,-1.,0.));
#11551=DIRECTION('',(0.,0.,-1.));
#11552=DIRECTION('',(0.,1.,0.));
#11553=DIRECTION('',(-0.747648552847809,0.,-0.664094602767239));
#11554=DIRECTION('',(0.,1.,0.));
#11555=DIRECTION('',(-0.747648552847809,0.,-0.664094602767239));
#11556=DIRECTION('',(0.,1.,0.));
#11557=DIRECTION('',(-0.747648552847809,0.,-0.664094602767239));
#11558=DIRECTION('',(0.,-1.,0.));
#11559=DIRECTION('',(0.,0.,-1.));
#11560=DIRECTION('',(0.,1.,0.));
#11561=DIRECTION('',(0.,0.,1.));
#11562=DIRECTION('',(0.,-1.,0.));
#11563=DIRECTION('',(0.,0.,-1.));
#11564=DIRECTION('',(0.,1.,0.));
#11565=DIRECTION('',(-0.758758122692791,0.,-0.651372482722222));
#11566=DIRECTION('',(0.,1.,0.));
#11567=DIRECTION('',(-0.758758122692791,0.,-0.651372482722222));
#11568=DIRECTION('',(0.,1.,0.));
#11569=DIRECTION('',(-0.758758122692791,0.,-0.651372482722222));
#11570=DIRECTION('',(0.,-1.,0.));
#11571=DIRECTION('',(0.,0.,-1.));
#11572=DIRECTION('',(0.,1.,0.));
#11573=DIRECTION('',(0.,0.,1.));
#11574=DIRECTION('',(0.,-1.,0.));
#11575=DIRECTION('',(0.,0.,-1.));
#11576=DIRECTION('',(-0.642787609686541,0.,0.766044443118976));
#11577=DIRECTION('',(0.,1.,0.));
#11578=DIRECTION('',(0.,0.,1.));
#11579=DIRECTION('',(0.,1.,0.));
#11580=DIRECTION('',(0.,0.,1.));
#11581=DIRECTION('',(0.,1.,0.));
#11582=DIRECTION('',(0.,0.,1.));
#11583=DIRECTION('',(0.,1.,0.));
#11584=DIRECTION('',(-1.,0.,0.));
#11585=DIRECTION('',(0.,1.,0.));
#11586=DIRECTION('',(0.,0.,1.));
#11587=DIRECTION('',(0.,1.,0.));
#11588=DIRECTION('',(0.,0.,1.));
#11589=DIRECTION('',(0.,1.,0.));
#11590=DIRECTION('',(0.,0.,1.));
#11591=DIRECTION('',(0.,1.,0.));
#11592=DIRECTION('',(0.,0.,1.));
#11593=DIRECTION('',(0.,1.,0.));
#11594=DIRECTION('',(0.,0.,1.));
#11595=DIRECTION('',(0.642787609686541,0.,-0.766044443118976));
#11596=DIRECTION('',(0.,1.,0.));
#11597=DIRECTION('',(0.,0.,1.));
#11598=DIRECTION('',(0.,1.,0.));
#11599=DIRECTION('',(0.,0.,1.));
#11600=DIRECTION('',(0.,-1.,0.));
#11601=DIRECTION('',(0.,0.,-1.));
#11602=DIRECTION('',(0.,1.,0.));
#11603=DIRECTION('',(-0.758758122692791,0.,-0.651372482722222));
#11604=DIRECTION('',(0.,1.,0.));
#11605=DIRECTION('',(-0.758758122692791,0.,-0.651372482722222));
#11606=DIRECTION('',(0.,1.,0.));
#11607=DIRECTION('',(-0.758758122692791,0.,-0.651372482722222));
#11608=DIRECTION('',(0.,-1.,0.));
#11609=DIRECTION('',(0.,0.,-1.));
#11610=DIRECTION('',(0.,1.,0.));
#11611=DIRECTION('',(0.,0.,1.));
#11612=DIRECTION('',(0.,-1.,0.));
#11613=DIRECTION('',(0.,0.,-1.));
#11614=DIRECTION('',(0.,1.,0.));
#11615=DIRECTION('',(-0.747648552847809,0.,-0.664094602767239));
#11616=DIRECTION('',(0.,1.,0.));
#11617=DIRECTION('',(-0.747648552847809,0.,-0.664094602767239));
#11618=DIRECTION('',(0.,1.,0.));
#11619=DIRECTION('',(-0.747648552847809,0.,-0.664094602767239));
#11620=DIRECTION('',(0.,-1.,0.));
#11621=DIRECTION('',(0.,0.,-1.));
#11622=DIRECTION('',(0.,1.,0.));
#11623=DIRECTION('',(0.,0.,1.));
#11624=DIRECTION('',(0.,-1.,0.));
#11625=DIRECTION('',(0.,0.,-1.));
#11626=DIRECTION('',(0.,1.,0.));
#11627=DIRECTION('',(-0.736325697651197,0.,-0.676627273303757));
#11628=DIRECTION('',(0.,1.,0.));
#11629=DIRECTION('',(-0.736325697651197,0.,-0.676627273303757));
#11630=DIRECTION('',(0.,1.,0.));
#11631=DIRECTION('',(-0.736325697651197,0.,-0.676627273303757));
#11632=DIRECTION('',(0.,-1.,0.));
#11633=DIRECTION('',(0.,0.,-1.));
#11634=DIRECTION('',(0.,1.,0.));
#11635=DIRECTION('',(0.,0.,1.));
#11636=DIRECTION('',(0.,-1.,0.));
#11637=DIRECTION('',(0.,0.,-1.));
#11638=DIRECTION('',(0.,1.,0.));
#11639=DIRECTION('',(-0.72479278722912,0.,-0.688966919075686));
#11640=DIRECTION('',(0.,1.,0.));
#11641=DIRECTION('',(-0.72479278722912,0.,-0.688966919075686));
#11642=DIRECTION('',(0.,1.,0.));
#11643=DIRECTION('',(-0.72479278722912,0.,-0.688966919075686));
#11644=DIRECTION('',(0.,-1.,0.));
#11645=DIRECTION('',(0.,0.,-1.));
#11646=DIRECTION('',(0.,1.,0.));
#11647=DIRECTION('',(0.,0.,1.));
#11648=DIRECTION('',(0.,-1.,0.));
#11649=DIRECTION('',(0.,0.,-1.));
#11650=DIRECTION('',(0.,1.,0.));
#11651=DIRECTION('',(-0.713053111631221,0.,-0.701110019892053));
#11652=DIRECTION('',(0.,1.,0.));
#11653=DIRECTION('',(-0.713053111631221,0.,-0.701110019892053));
#11654=DIRECTION('',(0.,1.,0.));
#11655=DIRECTION('',(-0.713053111631221,0.,-0.701110019892053));
#11656=DIRECTION('',(0.,-1.,0.));
#11657=DIRECTION('',(0.,0.,-1.));
#11658=DIRECTION('',(0.,1.,0.));
#11659=DIRECTION('',(0.,0.,1.));
#11660=DIRECTION('',(0.,-1.,0.));
#11661=DIRECTION('',(0.,0.,-1.));
#11662=DIRECTION('',(0.,1.,0.));
#11663=DIRECTION('',(-0.701110019892053,0.,-0.71305311163122));
#11664=DIRECTION('',(0.,1.,0.));
#11665=DIRECTION('',(-0.701110019892053,0.,-0.71305311163122));
#11666=DIRECTION('',(0.,1.,0.));
#11667=DIRECTION('',(-0.701110019892053,0.,-0.71305311163122));
#11668=DIRECTION('',(0.,-1.,0.));
#11669=DIRECTION('',(0.,0.,-1.));
#11670=DIRECTION('',(0.,1.,0.));
#11671=DIRECTION('',(0.,0.,1.));
#11672=DIRECTION('',(0.,-1.,0.));
#11673=DIRECTION('',(0.,0.,-1.));
#11674=DIRECTION('',(0.,1.,0.));
#11675=DIRECTION('',(-0.688966919075687,0.,-0.72479278722912));
#11676=DIRECTION('',(0.,1.,0.));
#11677=DIRECTION('',(-0.688966919075687,0.,-0.72479278722912));
#11678=DIRECTION('',(0.,1.,0.));
#11679=DIRECTION('',(-0.688966919075687,0.,-0.72479278722912));
#11680=DIRECTION('',(0.,-1.,0.));
#11681=DIRECTION('',(0.,0.,-1.));
#11682=DIRECTION('',(0.,1.,0.));
#11683=DIRECTION('',(0.,0.,1.));
#11684=DIRECTION('',(0.,-1.,0.));
#11685=DIRECTION('',(0.,0.,-1.));
#11686=DIRECTION('',(0.,1.,0.));
#11687=DIRECTION('',(-0.676627273303758,0.,-0.736325697651197));
#11688=DIRECTION('',(0.,1.,0.));
#11689=DIRECTION('',(-0.676627273303758,0.,-0.736325697651197));
#11690=DIRECTION('',(0.,1.,0.));
#11691=DIRECTION('',(-0.676627273303758,0.,-0.736325697651197));
#11692=DIRECTION('',(0.,-1.,0.));
#11693=DIRECTION('',(0.,0.,-1.));
#11694=DIRECTION('',(0.,1.,0.));
#11695=DIRECTION('',(0.,0.,1.));
#11696=DIRECTION('',(0.,-1.,0.));
#11697=DIRECTION('',(0.,0.,-1.));
#11698=DIRECTION('',(0.,1.,0.));
#11699=DIRECTION('',(-0.664094602767239,0.,-0.747648552847809));
#11700=DIRECTION('',(0.,1.,0.));
#11701=DIRECTION('',(-0.664094602767239,0.,-0.747648552847809));
#11702=DIRECTION('',(0.,1.,0.));
#11703=DIRECTION('',(-0.664094602767239,0.,-0.747648552847809));
#11704=DIRECTION('',(0.,-1.,0.));
#11705=DIRECTION('',(0.,0.,-1.));
#11706=DIRECTION('',(0.,1.,0.));
#11707=DIRECTION('',(0.,0.,1.));
#11708=DIRECTION('',(0.,-1.,0.));
#11709=DIRECTION('',(0.,0.,-1.));
#11710=DIRECTION('',(0.,1.,0.));
#11711=DIRECTION('',(-0.651372482722222,0.,-0.758758122692791));
#11712=DIRECTION('',(0.,1.,0.));
#11713=DIRECTION('',(-0.651372482722222,0.,-0.758758122692791));
#11714=DIRECTION('',(0.,1.,0.));
#11715=DIRECTION('',(-0.651372482722222,0.,-0.758758122692791));
#11716=DIRECTION('',(0.,-1.,0.));
#11717=DIRECTION('',(0.,0.,-1.));
#11718=DIRECTION('',(0.,1.,0.));
#11719=DIRECTION('',(0.,0.,1.));
#11720=DIRECTION('',(0.,-1.,0.));
#11721=DIRECTION('',(0.,0.,-1.));
#11722=DIRECTION('',(0.,1.,0.));
#11723=DIRECTION('',(-0.638464542469984,0.,-0.769651237904932));
#11724=DIRECTION('',(0.,1.,0.));
#11725=DIRECTION('',(-0.638464542469984,0.,-0.769651237904932));
#11726=DIRECTION('',(0.,1.,0.));
#11727=DIRECTION('',(-0.638464542469984,0.,-0.769651237904932));
#11728=DIRECTION('',(0.,-1.,0.));
#11729=DIRECTION('',(0.,0.,-1.));
#11730=DIRECTION('',(0.,1.,0.));
#11731=DIRECTION('',(0.,0.,1.));
#11732=DIRECTION('',(0.,-1.,0.));
#11733=DIRECTION('',(0.,0.,-1.));
#11734=DIRECTION('',(0.,1.,0.));
#11735=DIRECTION('',(-0.625374464321637,0.,-0.780324790952092));
#11736=DIRECTION('',(0.,1.,0.));
#11737=DIRECTION('',(-0.625374464321637,0.,-0.780324790952092));
#11738=DIRECTION('',(0.,1.,0.));
#11739=DIRECTION('',(-0.625374464321637,0.,-0.780324790952092));
#11740=DIRECTION('',(0.,-1.,0.));
#11741=DIRECTION('',(0.,0.,-1.));
#11742=DIRECTION('',(0.,1.,0.));
#11743=DIRECTION('',(0.,0.,1.));
#11744=DIRECTION('',(0.,-1.,0.));
#11745=DIRECTION('',(0.,0.,-1.));
#11746=DIRECTION('',(0.,1.,0.));
#11747=DIRECTION('',(-0.612105982547663,0.,-0.790775736937699));
#11748=DIRECTION('',(0.,1.,0.));
#11749=DIRECTION('',(-0.612105982547663,0.,-0.790775736937699));
#11750=DIRECTION('',(0.,1.,0.));
#11751=DIRECTION('',(-0.612105982547663,0.,-0.790775736937699));
#11752=DIRECTION('',(0.,-1.,0.));
#11753=DIRECTION('',(0.,0.,-1.));
#11754=DIRECTION('',(0.,1.,0.));
#11755=DIRECTION('',(0.,0.,1.));
#11756=DIRECTION('',(0.,-1.,0.));
#11757=DIRECTION('',(0.,0.,-1.));
#11758=DIRECTION('',(0.,1.,0.));
#11759=DIRECTION('',(-0.598662882312615,0.,-0.801001094469385));
#11760=DIRECTION('',(0.,1.,0.));
#11761=DIRECTION('',(-0.598662882312615,0.,-0.801001094469385));
#11762=DIRECTION('',(0.,1.,0.));
#11763=DIRECTION('',(-0.598662882312615,0.,-0.801001094469385));
#11764=DIRECTION('',(0.,-1.,0.));
#11765=DIRECTION('',(0.,0.,-1.));
#11766=DIRECTION('',(0.,1.,0.));
#11767=DIRECTION('',(0.,0.,1.));
#11768=DIRECTION('',(0.,-1.,0.));
#11769=DIRECTION('',(0.,0.,-1.));
#11770=DIRECTION('',(0.,1.,0.));
#11771=DIRECTION('',(-0.585048998595308,0.,-0.810997946509501));
#11772=DIRECTION('',(0.,1.,0.));
#11773=DIRECTION('',(-0.585048998595308,0.,-0.810997946509501));
#11774=DIRECTION('',(0.,1.,0.));
#11775=DIRECTION('',(-0.585048998595308,0.,-0.810997946509501));
#11776=DIRECTION('',(0.,-1.,0.));
#11777=DIRECTION('',(0.,0.,-1.));
#11778=DIRECTION('',(0.,1.,0.));
#11779=DIRECTION('',(0.,0.,1.));
#11780=DIRECTION('',(0.,-1.,0.));
#11781=DIRECTION('',(0.,0.,-1.));
#11782=DIRECTION('',(0.,1.,0.));
#11783=DIRECTION('',(-0.571268215094792,0.,-0.820763441207276));
#11784=DIRECTION('',(0.,1.,0.));
#11785=DIRECTION('',(-0.571268215094792,0.,-0.820763441207276));
#11786=DIRECTION('',(0.,1.,0.));
#11787=DIRECTION('',(-0.571268215094792,0.,-0.820763441207276));
#11788=DIRECTION('',(0.,-1.,0.));
#11789=DIRECTION('',(0.,0.,-1.));
#11790=DIRECTION('',(0.,1.,0.));
#11791=DIRECTION('',(0.,0.,1.));
#11792=DIRECTION('',(0.,-1.,0.));
#11793=DIRECTION('',(0.,0.,-1.));
#11794=DIRECTION('',(0.,1.,0.));
#11795=DIRECTION('',(-0.557324463122436,0.,-0.830294792712376));
#11796=DIRECTION('',(0.,1.,0.));
#11797=DIRECTION('',(-0.557324463122436,0.,-0.830294792712376));
#11798=DIRECTION('',(0.,1.,0.));
#11799=DIRECTION('',(-0.557324463122436,0.,-0.830294792712376));
#11800=DIRECTION('',(0.,-1.,0.));
#11801=DIRECTION('',(0.,0.,-1.));
#11802=DIRECTION('',(0.,1.,0.));
#11803=DIRECTION('',(0.,0.,1.));
#11804=DIRECTION('',(0.,-1.,0.));
#11805=DIRECTION('',(0.,0.,-1.));
#11806=DIRECTION('',(0.,1.,0.));
#11807=DIRECTION('',(-0.543221720480419,0.,-0.839589281969639));
#11808=DIRECTION('',(0.,1.,0.));
#11809=DIRECTION('',(-0.543221720480419,0.,-0.839589281969639));
#11810=DIRECTION('',(0.,1.,0.));
#11811=DIRECTION('',(-0.543221720480419,0.,-0.839589281969639));
#11812=DIRECTION('',(0.,-1.,0.));
#11813=DIRECTION('',(0.,0.,-1.));
#11814=DIRECTION('',(0.,1.,0.));
#11815=DIRECTION('',(0.,0.,1.));
#11816=DIRECTION('',(0.,-1.,0.));
#11817=DIRECTION('',(0.,0.,-1.));
#11818=DIRECTION('',(0.,1.,0.));
#11819=DIRECTION('',(-0.528964010326963,0.,-0.848644257494751));
#11820=DIRECTION('',(0.,1.,0.));
#11821=DIRECTION('',(-0.528964010326963,0.,-0.848644257494751));
#11822=DIRECTION('',(0.,1.,0.));
#11823=DIRECTION('',(-0.528964010326963,0.,-0.848644257494751));
#11824=DIRECTION('',(0.,-1.,0.));
#11825=DIRECTION('',(0.,0.,-1.));
#11826=DIRECTION('',(0.,1.,0.));
#11827=DIRECTION('',(0.,0.,1.));
#11828=DIRECTION('',(0.,-1.,0.));
#11829=DIRECTION('',(0.,0.,-1.));
#11830=DIRECTION('',(0.,1.,0.));
#11831=DIRECTION('',(-0.514555400028629,0.,-0.857457136130651));
#11832=DIRECTION('',(0.,1.,0.));
#11833=DIRECTION('',(-0.514555400028629,0.,-0.857457136130651));
#11834=DIRECTION('',(0.,1.,0.));
#11835=DIRECTION('',(-0.514555400028629,0.,-0.857457136130651));
#11836=DIRECTION('',(0.,-1.,0.));
#11837=DIRECTION('',(0.,0.,-1.));
#11838=DIRECTION('',(0.,1.,0.));
#11839=DIRECTION('',(0.,0.,1.));
#11840=DIRECTION('',(0.,-1.,0.));
#11841=DIRECTION('',(0.,0.,-1.));
#11842=DIRECTION('',(0.,1.,0.));
#11843=DIRECTION('',(-0.5,0.,-0.866025403784439));
#11844=DIRECTION('',(0.,1.,0.));
#11845=DIRECTION('',(-0.5,0.,-0.866025403784439));
#11846=DIRECTION('',(0.,1.,0.));
#11847=DIRECTION('',(-0.5,0.,-0.866025403784439));
#11848=DIRECTION('',(0.,-1.,0.));
#11849=DIRECTION('',(0.,0.,-1.));
#11850=DIRECTION('',(0.,1.,0.));
#11851=DIRECTION('',(0.,0.,1.));
#11852=DIRECTION('',(0.,-1.,0.));
#11853=DIRECTION('',(0.,0.,-1.));
#11854=DIRECTION('',(0.,1.,0.));
#11855=DIRECTION('',(-0.485301962531081,0.,-0.874346616144582));
#11856=DIRECTION('',(0.,1.,0.));
#11857=DIRECTION('',(-0.485301962531081,0.,-0.874346616144582));
#11858=DIRECTION('',(0.,1.,0.));
#11859=DIRECTION('',(-0.485301962531081,0.,-0.874346616144582));
#11860=DIRECTION('',(0.,-1.,0.));
#11861=DIRECTION('',(0.,0.,-1.));
#11862=DIRECTION('',(0.,1.,0.));
#11863=DIRECTION('',(0.,0.,1.));
#11864=DIRECTION('',(0.,-1.,0.));
#11865=DIRECTION('',(0.,0.,-1.));
#11866=DIRECTION('',(0.,1.,0.));
#11867=DIRECTION('',(-0.470465480602755,0.,-0.882418399378219));
#11868=DIRECTION('',(0.,1.,0.));
#11869=DIRECTION('',(-0.470465480602755,0.,-0.882418399378219));
#11870=DIRECTION('',(0.,1.,0.));
#11871=DIRECTION('',(-0.470465480602755,0.,-0.882418399378219));
#11872=DIRECTION('',(0.,-1.,0.));
#11873=DIRECTION('',(0.,0.,-1.));
#11874=DIRECTION('',(0.,1.,0.));
#11875=DIRECTION('',(0.,0.,1.));
#11876=DIRECTION('',(0.,-1.,0.));
#11877=DIRECTION('',(0.,0.,-1.));
#11878=DIRECTION('',(0.,1.,0.));
#11879=DIRECTION('',(-0.455494786690634,0.,-0.890238450808352));
#11880=DIRECTION('',(0.,1.,0.));
#11881=DIRECTION('',(-0.455494786690634,0.,-0.890238450808352));
#11882=DIRECTION('',(0.,1.,0.));
#11883=DIRECTION('',(-0.455494786690634,0.,-0.890238450808352));
#11884=DIRECTION('',(0.,-1.,0.));
#11885=DIRECTION('',(0.,0.,-1.));
#11886=DIRECTION('',(0.,1.,0.));
#11887=DIRECTION('',(0.,0.,1.));
#11888=DIRECTION('',(0.,-1.,0.));
#11889=DIRECTION('',(0.,0.,-1.));
#11890=DIRECTION('',(0.,1.,0.));
#11891=DIRECTION('',(-0.440394151557635,0.,-0.897804539570742));
#11892=DIRECTION('',(0.,1.,0.));
#11893=DIRECTION('',(-0.440394151557635,0.,-0.897804539570742));
#11894=DIRECTION('',(0.,1.,0.));
#11895=DIRECTION('',(-0.440394151557635,0.,-0.897804539570742));
#11896=DIRECTION('',(0.,-1.,0.));
#11897=DIRECTION('',(0.,0.,-1.));
#11898=DIRECTION('',(0.,1.,0.));
#11899=DIRECTION('',(0.,0.,1.));
#11900=DIRECTION('',(0.,-1.,0.));
#11901=DIRECTION('',(0.,0.,-1.));
#11902=DIRECTION('',(0.,1.,0.));
#11903=DIRECTION('',(-0.425167883035641,0.,-0.905114507250321));
#11904=DIRECTION('',(0.,1.,0.));
#11905=DIRECTION('',(-0.425167883035641,0.,-0.905114507250321));
#11906=DIRECTION('',(0.,1.,0.));
#11907=DIRECTION('',(-0.425167883035641,0.,-0.905114507250321));
#11908=DIRECTION('',(0.,-1.,0.));
#11909=DIRECTION('',(0.,0.,-1.));
#11910=DIRECTION('',(0.,1.,0.));
#11911=DIRECTION('',(0.,0.,1.));
#11912=DIRECTION('',(0.,-1.,0.));
#11913=DIRECTION('',(0.,0.,-1.));
#11914=DIRECTION('',(0.,1.,0.));
#11915=DIRECTION('',(-0.409820324796588,0.,-0.912166268496933));
#11916=DIRECTION('',(0.,1.,0.));
#11917=DIRECTION('',(-0.409820324796588,0.,-0.912166268496933));
#11918=DIRECTION('',(0.,1.,0.));
#11919=DIRECTION('',(-0.409820324796588,0.,-0.912166268496933));
#11920=DIRECTION('',(0.,-1.,0.));
#11921=DIRECTION('',(0.,0.,-1.));
#11922=DIRECTION('',(0.,1.,0.));
#11923=DIRECTION('',(0.,0.,1.));
#11924=DIRECTION('',(0.,-1.,0.));
#11925=DIRECTION('',(0.,0.,-1.));
#11926=DIRECTION('',(0.,1.,0.));
#11927=DIRECTION('',(-0.394355855113318,0.,-0.918957811620231));
#11928=DIRECTION('',(0.,1.,0.));
#11929=DIRECTION('',(-0.394355855113318,0.,-0.918957811620231));
#11930=DIRECTION('',(0.,1.,0.));
#11931=DIRECTION('',(-0.394355855113318,0.,-0.918957811620231));
#11932=DIRECTION('',(0.,-1.,0.));
#11933=DIRECTION('',(0.,0.,-1.));
#11934=DIRECTION('',(0.,1.,0.));
#11935=DIRECTION('',(0.,0.,1.));
#11936=DIRECTION('',(0.,-1.,0.));
#11937=DIRECTION('',(0.,0.,-1.));
#11938=DIRECTION('',(0.,1.,0.));
#11939=DIRECTION('',(-0.378778885610576,0.,-0.92548719916356));
#11940=DIRECTION('',(0.,1.,0.));
#11941=DIRECTION('',(-0.378778885610576,0.,-0.92548719916356));
#11942=DIRECTION('',(0.,1.,0.));
#11943=DIRECTION('',(-0.378778885610576,0.,-0.92548719916356));
#11944=DIRECTION('',(0.,-1.,0.));
#11945=DIRECTION('',(0.,0.,-1.));
#11946=DIRECTION('',(0.,1.,0.));
#11947=DIRECTION('',(0.,0.,1.));
#11948=DIRECTION('',(0.,-1.,0.));
#11949=DIRECTION('',(0.,0.,-1.));
#11950=DIRECTION('',(0.,1.,0.));
#11951=DIRECTION('',(-0.363093860006475,0.,-0.931752568456668));
#11952=DIRECTION('',(0.,1.,0.));
#11953=DIRECTION('',(-0.363093860006475,0.,-0.931752568456668));
#11954=DIRECTION('',(0.,1.,0.));
#11955=DIRECTION('',(-0.363093860006475,0.,-0.931752568456668));
#11956=DIRECTION('',(0.,-1.,0.));
#11957=DIRECTION('',(0.,0.,-1.));
#11958=DIRECTION('',(0.,1.,0.));
#11959=DIRECTION('',(0.,0.,1.));
#11960=DIRECTION('',(0.,-1.,0.));
#11961=DIRECTION('',(0.,0.,-1.));
#11962=DIRECTION('',(0.,1.,0.));
#11963=DIRECTION('',(-0.347305252844821,0.,-0.93775213214708));
#11964=DIRECTION('',(0.,1.,0.));
#11965=DIRECTION('',(-0.347305252844821,0.,-0.93775213214708));
#11966=DIRECTION('',(0.,1.,0.));
#11967=DIRECTION('',(-0.347305252844821,0.,-0.93775213214708));
#11968=DIRECTION('',(0.,-1.,0.));
#11969=DIRECTION('',(0.,0.,-1.));
#11970=DIRECTION('',(0.,1.,0.));
#11971=DIRECTION('',(0.,0.,1.));
#11972=DIRECTION('',(0.,-1.,0.));
#11973=DIRECTION('',(0.,0.,-1.));
#11974=DIRECTION('',(0.,1.,0.));
#11975=DIRECTION('',(-0.331417568218636,0.,-0.94348417870998));
#11976=DIRECTION('',(0.,1.,0.));
#11977=DIRECTION('',(-0.331417568218636,0.,-0.94348417870998));
#11978=DIRECTION('',(0.,1.,0.));
#11979=DIRECTION('',(-0.331417568218636,0.,-0.94348417870998));
#11980=DIRECTION('',(0.,-1.,0.));
#11981=DIRECTION('',(0.,0.,-1.));
#11982=DIRECTION('',(0.,1.,0.));
#11983=DIRECTION('',(0.,0.,1.));
#11984=DIRECTION('',(0.,-1.,0.));
#11985=DIRECTION('',(0.,0.,-1.));
#11986=DIRECTION('',(0.,1.,0.));
#11987=DIRECTION('',(-0.315435338485256,0.,-0.948947072936469));
#11988=DIRECTION('',(0.,1.,0.));
#11989=DIRECTION('',(-0.315435338485256,0.,-0.948947072936469));
#11990=DIRECTION('',(0.,1.,0.));
#11991=DIRECTION('',(-0.315435338485256,0.,-0.948947072936469));
#11992=DIRECTION('',(0.,-1.,0.));
#11993=DIRECTION('',(0.,0.,-1.));
#11994=DIRECTION('',(0.,1.,0.));
#11995=DIRECTION('',(0.,0.,1.));
#11996=DIRECTION('',(0.,-1.,0.));
#11997=DIRECTION('',(0.,0.,-1.));
#11998=DIRECTION('',(0.,1.,0.));
#11999=DIRECTION('',(-0.299363122973358,0.,-0.954139256400049));
#12000=DIRECTION('',(0.,1.,0.));
#12001=DIRECTION('',(-0.299363122973358,0.,-0.954139256400049));
#12002=DIRECTION('',(0.,1.,0.));
#12003=DIRECTION('',(-0.299363122973358,0.,-0.954139256400049));
#12004=DIRECTION('',(0.,-1.,0.));
#12005=DIRECTION('',(0.,0.,-1.));
#12006=DIRECTION('',(0.,1.,0.));
#12007=DIRECTION('',(0.,0.,1.));
#12008=DIRECTION('',(0.,-1.,0.));
#12009=DIRECTION('',(0.,0.,-1.));
#12010=DIRECTION('',(0.,1.,0.));
#12011=DIRECTION('',(-0.283205506682304,0.,-0.959059247901202));
#12012=DIRECTION('',(0.,1.,0.));
#12013=DIRECTION('',(-0.283205506682304,0.,-0.959059247901202));
#12014=DIRECTION('',(0.,1.,0.));
#12015=DIRECTION('',(-0.283205506682304,0.,-0.959059247901202));
#12016=DIRECTION('',(0.,-1.,0.));
#12017=DIRECTION('',(0.,0.,-1.));
#12018=DIRECTION('',(0.,1.,0.));
#12019=DIRECTION('',(0.,0.,1.));
#12020=DIRECTION('',(0.,-1.,0.));
#12021=DIRECTION('',(0.,0.,-1.));
#12022=DIRECTION('',(0.,1.,0.));
#12023=DIRECTION('',(-0.266967098974151,0.,-0.963705643889941));
#12024=DIRECTION('',(0.,1.,0.));
#12025=DIRECTION('',(-0.266967098974151,0.,-0.963705643889941));
#12026=DIRECTION('',(0.,1.,0.));
#12027=DIRECTION('',(-0.266967098974151,0.,-0.963705643889941));
#12028=DIRECTION('',(0.,-1.,0.));
#12029=DIRECTION('',(0.,0.,-1.));
#12030=DIRECTION('',(0.,1.,0.));
#12031=DIRECTION('',(0.,0.,1.));
#12032=DIRECTION('',(0.,-1.,0.));
#12033=DIRECTION('',(0.,0.,-1.));
#12034=DIRECTION('',(0.,1.,0.));
#12035=DIRECTION('',(-0.25065253225872,0.,-0.968077118866204));
#12036=DIRECTION('',(0.,1.,0.));
#12037=DIRECTION('',(-0.25065253225872,0.,-0.968077118866204));
#12038=DIRECTION('',(0.,1.,0.));
#12039=DIRECTION('',(-0.25065253225872,0.,-0.968077118866204));
#12040=DIRECTION('',(0.,-1.,0.));
#12041=DIRECTION('',(0.,0.,-1.));
#12042=DIRECTION('',(0.,1.,0.));
#12043=DIRECTION('',(0.,0.,1.));
#12044=DIRECTION('',(0.,-1.,0.));
#12045=DIRECTION('',(0.,0.,-1.));
#12046=DIRECTION('',(0.,1.,0.));
#12047=DIRECTION('',(-0.234266460672083,0.,-0.972172425757991));
#12048=DIRECTION('',(0.,1.,0.));
#12049=DIRECTION('',(-0.234266460672083,0.,-0.972172425757991));
#12050=DIRECTION('',(0.,1.,0.));
#12051=DIRECTION('',(-0.234266460672083,0.,-0.972172425757991));
#12052=DIRECTION('',(0.,-1.,0.));
#12053=DIRECTION('',(0.,0.,-1.));
#12054=DIRECTION('',(0.,1.,0.));
#12055=DIRECTION('',(0.,0.,1.));
#12056=DIRECTION('',(0.,-1.,0.));
#12057=DIRECTION('',(0.,0.,-1.));
#12058=DIRECTION('',(0.,1.,0.));
#12059=DIRECTION('',(-0.217813558748852,0.,-0.975990396277115));
#12060=DIRECTION('',(0.,1.,0.));
#12061=DIRECTION('',(-0.217813558748852,0.,-0.975990396277115));
#12062=DIRECTION('',(0.,1.,0.));
#12063=DIRECTION('',(-0.217813558748852,0.,-0.975990396277115));
#12064=DIRECTION('',(0.,-1.,0.));
#12065=DIRECTION('',(0.,0.,-1.));
#12066=DIRECTION('',(0.,1.,0.));
#12067=DIRECTION('',(0.,0.,1.));
#12068=DIRECTION('',(0.,-1.,0.));
#12069=DIRECTION('',(0.,0.,-1.));
#12070=DIRECTION('',(0.,1.,0.));
#12071=DIRECTION('',(-0.201298520088661,0.,-0.979529941252494));
#12072=DIRECTION('',(0.,1.,0.));
#12073=DIRECTION('',(-0.201298520088661,0.,-0.979529941252494));
#12074=DIRECTION('',(0.,1.,0.));
#12075=DIRECTION('',(-0.201298520088661,0.,-0.979529941252494));
#12076=DIRECTION('',(0.,-1.,0.));
#12077=DIRECTION('',(0.,0.,-1.));
#12078=DIRECTION('',(0.,1.,0.));
#12079=DIRECTION('',(0.,0.,1.));
#12080=DIRECTION('',(0.,-1.,0.));
#12081=DIRECTION('',(0.,0.,-1.));
#12082=DIRECTION('',(0.,1.,0.));
#12083=DIRECTION('',(-0.184726056017189,0.,-0.982790050940858));
#12084=DIRECTION('',(0.,1.,0.));
#12085=DIRECTION('',(-0.184726056017189,0.,-0.982790050940858));
#12086=DIRECTION('',(0.,1.,0.));
#12087=DIRECTION('',(-0.184726056017189,0.,-0.982790050940858));
#12088=DIRECTION('',(0.,-1.,0.));
#12089=DIRECTION('',(0.,0.,-1.));
#12090=DIRECTION('',(0.,1.,0.));
#12091=DIRECTION('',(0.,0.,1.));
#12092=DIRECTION('',(0.,-1.,0.));
#12093=DIRECTION('',(0.,0.,-1.));
#12094=DIRECTION('',(0.,1.,0.));
#12095=DIRECTION('',(-0.168100894242148,0.,-0.985769795314804));
#12096=DIRECTION('',(0.,1.,0.));
#12097=DIRECTION('',(-0.168100894242148,0.,-0.985769795314804));
#12098=DIRECTION('',(0.,1.,0.));
#12099=DIRECTION('',(-0.168100894242148,0.,-0.985769795314804));
#12100=DIRECTION('',(0.,-1.,0.));
#12101=DIRECTION('',(0.,0.,-1.));
#12102=DIRECTION('',(0.,1.,0.));
#12103=DIRECTION('',(0.,0.,1.));
#12104=DIRECTION('',(0.,-1.,0.));
#12105=DIRECTION('',(0.,0.,-1.));
#12106=DIRECTION('',(0.,1.,0.));
#12107=DIRECTION('',(-0.151427777504577,0.,-0.988468324328111));
#12108=DIRECTION('',(0.,1.,0.));
#12109=DIRECTION('',(-0.151427777504577,0.,-0.988468324328111));
#12110=DIRECTION('',(0.,1.,0.));
#12111=DIRECTION('',(-0.151427777504577,0.,-0.988468324328111));
#12112=DIRECTION('',(0.,-1.,0.));
#12113=DIRECTION('',(0.,0.,-1.));
#12114=DIRECTION('',(0.,1.,0.));
#12115=DIRECTION('',(0.,0.,1.));
#12116=DIRECTION('',(0.,-1.,0.));
#12117=DIRECTION('',(0.,0.,-1.));
#12118=DIRECTION('',(0.,1.,0.));
#12119=DIRECTION('',(-0.134711462225861,0.,-0.990884868158239));
#12120=DIRECTION('',(0.,1.,0.));
#12121=DIRECTION('',(-0.134711462225861,0.,-0.990884868158239));
#12122=DIRECTION('',(0.,1.,0.));
#12123=DIRECTION('',(-0.134711462225861,0.,-0.990884868158239));
#12124=DIRECTION('',(0.,-1.,0.));
#12125=DIRECTION('',(0.,0.,-1.));
#12126=DIRECTION('',(0.,1.,0.));
#12127=DIRECTION('',(0.,0.,1.));
#12128=DIRECTION('',(0.,-1.,0.));
#12129=DIRECTION('',(0.,0.,-1.));
#12130=DIRECTION('',(0.,1.,0.));
#12131=DIRECTION('',(-0.117956717150846,0.,-0.993018737425934));
#12132=DIRECTION('',(0.,1.,0.));
#12133=DIRECTION('',(-0.117956717150846,0.,-0.993018737425934));
#12134=DIRECTION('',(0.,1.,0.));
#12135=DIRECTION('',(-0.117956717150846,0.,-0.993018737425934));
#12136=DIRECTION('',(0.,-1.,0.));
#12137=DIRECTION('',(0.,0.,-1.));
#12138=DIRECTION('',(0.,1.,0.));
#12139=DIRECTION('',(0.,0.,1.));
#12140=DIRECTION('',(0.,-1.,0.));
#12141=DIRECTION('',(0.,0.,-1.));
#12142=DIRECTION('',(0.,1.,0.));
#12143=DIRECTION('',(-0.101168321987432,0.,-0.994869323391895));
#12144=DIRECTION('',(0.,1.,0.));
#12145=DIRECTION('',(-0.101168321987432,0.,-0.994869323391895));
#12146=DIRECTION('',(0.,1.,0.));
#12147=DIRECTION('',(-0.101168321987432,0.,-0.994869323391895));
#12148=DIRECTION('',(0.,-1.,0.));
#12149=DIRECTION('',(0.,0.,-1.));
#12150=DIRECTION('',(0.,1.,0.));
#12151=DIRECTION('',(0.,0.,1.));
#12152=DIRECTION('',(0.,-1.,0.));
#12153=DIRECTION('',(0.,0.,-1.));
#12154=DIRECTION('',(0.,1.,0.));
#12155=DIRECTION('',(-0.0843510660430448,0.,-0.996436098130433));
#12156=DIRECTION('',(0.,1.,0.));
#12157=DIRECTION('',(-0.0843510660430448,0.,-0.996436098130433));
#12158=DIRECTION('',(0.,1.,0.));
#12159=DIRECTION('',(-0.0843510660430448,0.,-0.996436098130433));
#12160=DIRECTION('',(0.,-1.,0.));
#12161=DIRECTION('',(0.,0.,-1.));
#12162=DIRECTION('',(0.,1.,0.));
#12163=DIRECTION('',(0.,0.,1.));
#12164=DIRECTION('',(0.,-1.,0.));
#12165=DIRECTION('',(0.,0.,-1.));
#12166=DIRECTION('',(0.,1.,0.));
#12167=DIRECTION('',(-0.0675097468583653,0.,-0.997718614680071));
#12168=DIRECTION('',(0.,1.,0.));
#12169=DIRECTION('',(-0.0675097468583653,0.,-0.997718614680071));
#12170=DIRECTION('',(0.,1.,0.));
#12171=DIRECTION('',(-0.0675097468583653,0.,-0.997718614680071));
#12172=DIRECTION('',(0.,-1.,0.));
#12173=DIRECTION('',(0.,0.,-1.));
#12174=DIRECTION('',(0.,1.,0.));
#12175=DIRECTION('',(0.,0.,1.));
#12176=DIRECTION('',(0.,-1.,0.));
#12177=DIRECTION('',(0.,0.,-1.));
#12178=DIRECTION('',(0.,1.,0.));
#12179=DIRECTION('',(-0.0506491688387128,0.,-0.998716507171053));
#12180=DIRECTION('',(0.,1.,0.));
#12181=DIRECTION('',(-0.0506491688387128,0.,-0.998716507171053));
#12182=DIRECTION('',(0.,1.,0.));
#12183=DIRECTION('',(-0.0506491688387128,0.,-0.998716507171053));
#12184=DIRECTION('',(0.,-1.,0.));
#12185=DIRECTION('',(0.,0.,-1.));
#12186=DIRECTION('',(0.,1.,0.));
#12187=DIRECTION('',(0.,0.,1.));
#12188=DIRECTION('',(0.,-1.,0.));
#12189=DIRECTION('',(0.,0.,-1.));
#12190=DIRECTION('',(0.,1.,0.));
#12191=DIRECTION('',(-0.0337741418834683,0.,-0.999429490929718));
#12192=DIRECTION('',(0.,1.,0.));
#12193=DIRECTION('',(-0.0337741418834683,0.,-0.999429490929718));
#12194=DIRECTION('',(0.,1.,0.));
#12195=DIRECTION('',(-0.0337741418834683,0.,-0.999429490929718));
#12196=DIRECTION('',(0.,-1.,0.));
#12197=DIRECTION('',(0.,0.,-1.));
#12198=DIRECTION('',(0.,1.,0.));
#12199=DIRECTION('',(0.,0.,1.));
#12200=DIRECTION('',(0.,-1.,0.));
#12201=DIRECTION('',(0.,0.,-1.));
#12202=DIRECTION('',(0.,1.,0.));
#12203=DIRECTION('',(-0.0168894800139309,0.,-0.99985736255971));
#12204=DIRECTION('',(0.,1.,0.));
#12205=DIRECTION('',(-0.0168894800139309,0.,-0.99985736255971));
#12206=DIRECTION('',(0.,1.,0.));
#12207=DIRECTION('',(-0.0168894800139309,0.,-0.99985736255971));
#12208=DIRECTION('',(0.,-1.,0.));
#12209=DIRECTION('',(0.,0.,-1.));
#12210=DIRECTION('',(0.,1.,0.));
#12211=DIRECTION('',(0.,0.,1.));
#12212=DIRECTION('',(0.,-1.,0.));
#12213=DIRECTION('',(0.,0.,-1.));
#12214=DIRECTION('',(0.,1.,0.));
#12215=DIRECTION('',(1.22464679914735E-16,0.,-1.));
#12216=DIRECTION('',(0.,1.,0.));
#12217=DIRECTION('',(1.22464679914735E-16,0.,-1.));
#12218=DIRECTION('',(0.,1.,0.));
#12219=DIRECTION('',(1.22464679914735E-16,0.,-1.));
#12220=DIRECTION('',(0.,-1.,0.));
#12221=DIRECTION('',(0.,0.,-1.));
#12222=DIRECTION('',(0.,1.,0.));
#12223=DIRECTION('',(0.,0.,1.));
#12224=DIRECTION('',(0.,-1.,0.));
#12225=DIRECTION('',(0.,0.,-1.));
#12226=DIRECTION('',(0.,1.,0.));
#12227=DIRECTION('',(0.0168894800139311,0.,-0.99985736255971));
#12228=DIRECTION('',(0.,1.,0.));
#12229=DIRECTION('',(0.0168894800139311,0.,-0.99985736255971));
#12230=DIRECTION('',(0.,1.,0.));
#12231=DIRECTION('',(0.0168894800139311,0.,-0.99985736255971));
#12232=DIRECTION('',(0.,-1.,0.));
#12233=DIRECTION('',(0.,0.,-1.));
#12234=DIRECTION('',(0.,1.,0.));
#12235=DIRECTION('',(0.,0.,1.));
#12236=DIRECTION('',(0.,-1.,0.));
#12237=DIRECTION('',(0.,0.,-1.));
#12238=DIRECTION('',(0.,1.,0.));
#12239=DIRECTION('',(0.0337741418834681,0.,-0.999429490929718));
#12240=DIRECTION('',(0.,1.,0.));
#12241=DIRECTION('',(0.0337741418834681,0.,-0.999429490929718));
#12242=DIRECTION('',(0.,1.,0.));
#12243=DIRECTION('',(0.0337741418834681,0.,-0.999429490929718));
#12244=DIRECTION('',(0.,-1.,0.));
#12245=DIRECTION('',(0.,0.,-1.));
#12246=DIRECTION('',(0.,1.,0.));
#12247=DIRECTION('',(0.,0.,1.));
#12248=DIRECTION('',(0.,-1.,0.));
#12249=DIRECTION('',(0.,0.,-1.));
#12250=DIRECTION('',(0.,1.,0.));
#12251=DIRECTION('',(0.0506491688387126,0.,-0.998716507171053));
#12252=DIRECTION('',(0.,1.,0.));
#12253=DIRECTION('',(0.0506491688387126,0.,-0.998716507171053));
#12254=DIRECTION('',(0.,1.,0.));
#12255=DIRECTION('',(0.0506491688387126,0.,-0.998716507171053));
#12256=DIRECTION('',(0.,-1.,0.));
#12257=DIRECTION('',(0.,0.,-1.));
#12258=DIRECTION('',(0.,1.,0.));
#12259=DIRECTION('',(0.,0.,1.));
#12260=DIRECTION('',(0.,-1.,0.));
#12261=DIRECTION('',(0.,0.,-1.));
#12262=DIRECTION('',(0.,1.,0.));
#12263=DIRECTION('',(0.0675097468583656,0.,-0.997718614680071));
#12264=DIRECTION('',(0.,1.,0.));
#12265=DIRECTION('',(0.0675097468583656,0.,-0.997718614680071));
#12266=DIRECTION('',(0.,1.,0.));
#12267=DIRECTION('',(0.0675097468583656,0.,-0.997718614680071));
#12268=DIRECTION('',(0.,-1.,0.));
#12269=DIRECTION('',(0.,0.,-1.));
#12270=DIRECTION('',(0.,1.,0.));
#12271=DIRECTION('',(0.,0.,1.));
#12272=DIRECTION('',(0.,-1.,0.));
#12273=DIRECTION('',(0.,0.,-1.));
#12274=DIRECTION('',(0.,1.,0.));
#12275=DIRECTION('',(0.0843510660430451,0.,-0.996436098130433));
#12276=DIRECTION('',(0.,1.,0.));
#12277=DIRECTION('',(0.0843510660430451,0.,-0.996436098130433));
#12278=DIRECTION('',(0.,1.,0.));
#12279=DIRECTION('',(0.0843510660430451,0.,-0.996436098130433));
#12280=DIRECTION('',(0.,-1.,0.));
#12281=DIRECTION('',(0.,0.,-1.));
#12282=DIRECTION('',(0.,1.,0.));
#12283=DIRECTION('',(0.,0.,1.));
#12284=DIRECTION('',(0.,-1.,0.));
#12285=DIRECTION('',(0.,0.,-1.));
#12286=DIRECTION('',(0.,1.,0.));
#12287=DIRECTION('',(0.101168321987432,0.,-0.994869323391895));
#12288=DIRECTION('',(0.,1.,0.));
#12289=DIRECTION('',(0.101168321987432,0.,-0.994869323391895));
#12290=DIRECTION('',(0.,1.,0.));
#12291=DIRECTION('',(0.101168321987432,0.,-0.994869323391895));
#12292=DIRECTION('',(0.,-1.,0.));
#12293=DIRECTION('',(0.,0.,-1.));
#12294=DIRECTION('',(0.,1.,0.));
#12295=DIRECTION('',(0.,0.,1.));
#12296=DIRECTION('',(0.,-1.,0.));
#12297=DIRECTION('',(0.,0.,-1.));
#12298=DIRECTION('',(0.,1.,0.));
#12299=DIRECTION('',(0.117956717150846,0.,-0.993018737425934));
#12300=DIRECTION('',(0.,1.,0.));
#12301=DIRECTION('',(0.117956717150846,0.,-0.993018737425934));
#12302=DIRECTION('',(0.,1.,0.));
#12303=DIRECTION('',(0.117956717150846,0.,-0.993018737425934));
#12304=DIRECTION('',(0.,-1.,0.));
#12305=DIRECTION('',(0.,0.,-1.));
#12306=DIRECTION('',(0.,1.,0.));
#12307=DIRECTION('',(0.,0.,1.));
#12308=DIRECTION('',(0.,-1.,0.));
#12309=DIRECTION('',(0.,0.,-1.));
#12310=DIRECTION('',(0.,1.,0.));
#12311=DIRECTION('',(0.134711462225861,0.,-0.990884868158239));
#12312=DIRECTION('',(0.,1.,0.));
#12313=DIRECTION('',(0.134711462225861,0.,-0.990884868158239));
#12314=DIRECTION('',(0.,1.,0.));
#12315=DIRECTION('',(0.134711462225861,0.,-0.990884868158239));
#12316=DIRECTION('',(0.,-1.,0.));
#12317=DIRECTION('',(0.,0.,-1.));
#12318=DIRECTION('',(0.,1.,0.));
#12319=DIRECTION('',(0.,0.,1.));
#12320=DIRECTION('',(0.,-1.,0.));
#12321=DIRECTION('',(0.,1.,0.));
#12322=DIRECTION('',(0.,0.,1.));
#12323=DIRECTION('',(0.,1.,0.));
#12324=DIRECTION('',(0.,1.,0.));
#12325=DIRECTION('',(-1.,0.,0.));
#12326=DIRECTION('',(0.,1.,0.));
#12327=DIRECTION('',(0.,0.,1.));
#12328=DIRECTION('',(0.,1.,0.));
#12329=DIRECTION('',(0.,0.,1.));
#12330=DIRECTION('',(0.,1.,0.));
#12331=DIRECTION('',(0.,0.,1.));
#12332=DIRECTION('',(0.,1.,0.));
#12333=DIRECTION('',(0.,0.,1.));
#12334=DIRECTION('',(0.,-1.,0.));
#12335=DIRECTION('',(0.,0.,-1.));
#12336=DIRECTION('',(0.,1.,0.));
#12337=DIRECTION('',(0.,0.,1.));
#12338=DIRECTION('',(0.,1.,0.));
#12339=DIRECTION('',(0.,0.,1.));
#12340=DIRECTION('',(0.,1.,0.));
#12341=DIRECTION('',(0.,0.,1.));
#12342=DIRECTION('',(0.,1.,0.));
#12343=DIRECTION('',(0.,0.,1.));
#12344=DIRECTION('',(0.,1.,0.));
#12345=DIRECTION('',(0.,0.,1.));
#12346=DIRECTION('',(0.,1.,0.));
#12347=DIRECTION('',(0.,0.,1.));
#12348=DIRECTION('',(0.,-1.,0.));
#12349=DIRECTION('',(0.,0.,-1.));
#12350=DIRECTION('',(0.,1.,0.));
#12351=DIRECTION('',(0.,0.,1.));
#12352=DIRECTION('',(0.,-1.,0.));
#12353=DIRECTION('',(0.,1.,0.));
#12354=DIRECTION('',(0.,0.,1.));
#12355=DIRECTION('',(0.,-1.,0.));
#12356=DIRECTION('',(0.,1.,0.));
#12357=DIRECTION('',(-1.,0.,0.));
#12358=DIRECTION('',(0.,1.,0.));
#12359=DIRECTION('',(0.,0.,1.));
#12360=DIRECTION('',(0.,1.,0.));
#12361=DIRECTION('',(0.,0.,1.));
#12362=DIRECTION('',(0.,1.,0.));
#12363=DIRECTION('',(0.,0.,1.));
#12364=DIRECTION('',(-0.976296007119933,0.,-0.216439613938103));
#12365=DIRECTION('',(0.,1.,0.));
#12366=DIRECTION('',(0.217813558748851,0.,-0.975990396277115));
#12367=DIRECTION('',(0.,-1.,0.));
#12368=DIRECTION('',(0.,0.,-1.));
#12369=DIRECTION('',(0.,1.,0.));
#12370=DIRECTION('',(-1.,0.,0.));
#12371=DIRECTION('',(0.,1.,0.));
#12372=DIRECTION('',(0.,0.,1.));
#12373=DIRECTION('',(0.,1.,0.));
#12374=DIRECTION('',(0.,0.,1.));
#12375=DIRECTION('',(0.,-1.,0.));
#12376=DIRECTION('',(0.,0.,-1.));
#12377=DIRECTION('',(0.,1.,0.));
#12378=DIRECTION('',(0.217813558748851,0.,-0.975990396277115));
#12379=DIRECTION('',(0.976296007119933,0.,0.216439613938103));
#12380=DIRECTION('',(0.,1.,0.));
#12381=DIRECTION('',(0.,0.,1.));
#12382=DIRECTION('',(0.,1.,0.));
#12383=DIRECTION('',(0.,0.,1.));
#12384=DIRECTION('',(0.,-1.,0.));
#12385=DIRECTION('',(-0.503430049756009,0.,-0.864035985941941));
#12386=DIRECTION('',(0.,-1.,0.));
#12387=DIRECTION('',(0.,-1.,0.));
#12388=DIRECTION('',(0.,-1.,0.));
#12389=DIRECTION('',(0.,0.,-1.));
#12390=DIRECTION('',(0.,-1.,0.));
#12391=DIRECTION('',(0.,-1.,0.));
#12392=DIRECTION('',(0.,-1.,0.));
#12393=DIRECTION('',(0.,0.,-1.));
#12394=DIRECTION('',(0.,-1.,0.));
#12395=DIRECTION('',(0.,-1.,0.));
#12396=DIRECTION('',(0.,-1.,0.));
#12397=DIRECTION('',(0.,0.,-1.));
#12398=DIRECTION('',(0.,-1.,0.));
#12399=DIRECTION('',(0.,-1.,0.));
#12400=DIRECTION('',(0.,-1.,0.));
#12401=DIRECTION('',(0.,0.,-1.));
#12402=DIRECTION('',(0.,-1.,0.));
#12403=DIRECTION('',(0.,-1.,0.));
#12404=DIRECTION('',(0.,-1.,0.));
#12405=DIRECTION('',(0.,0.,-1.));
#12406=DIRECTION('',(0.,-1.,0.));
#12407=DIRECTION('',(0.,-1.,0.));
#12408=DIRECTION('',(0.,-1.,0.));
#12409=DIRECTION('',(0.,0.,-1.));
#12410=DIRECTION('',(0.,-1.,0.));
#12411=DIRECTION('',(0.,-1.,0.));
#12412=DIRECTION('',(0.,-1.,0.));
#12413=DIRECTION('',(0.,0.,-1.));
#12414=DIRECTION('',(0.,-1.,0.));
#12415=DIRECTION('',(0.,-1.,0.));
#12416=DIRECTION('',(0.,-1.,0.));
#12417=DIRECTION('',(0.,0.,-1.));
#12418=DIRECTION('',(0.,-1.,0.));
#12419=DIRECTION('',(0.,-1.,0.));
#12420=DIRECTION('',(0.,-1.,0.));
#12421=DIRECTION('',(0.,0.,-1.));
#12422=DIRECTION('',(0.,-1.,0.));
#12423=DIRECTION('',(0.,-1.,0.));
#12424=DIRECTION('',(0.,-1.,0.));
#12425=DIRECTION('',(0.,0.,-1.));
#12426=DIRECTION('',(0.,-1.,0.));
#12427=DIRECTION('',(0.,-1.,0.));
#12428=DIRECTION('',(0.,-1.,0.));
#12429=DIRECTION('',(0.,0.,-1.));
#12430=DIRECTION('',(0.,-1.,0.));
#12431=DIRECTION('',(0.,-1.,0.));
#12432=DIRECTION('',(0.,-1.,0.));
#12433=DIRECTION('',(0.,0.,-1.));
#12434=DIRECTION('',(0.,-1.,0.));
#12435=DIRECTION('',(0.,-1.,0.));
#12436=DIRECTION('',(0.,-1.,0.));
#12437=DIRECTION('',(0.,0.,-1.));
#12438=DIRECTION('',(0.,-1.,0.));
#12439=DIRECTION('',(0.,-1.,0.));
#12440=DIRECTION('',(0.,-1.,0.));
#12441=DIRECTION('',(0.,0.,-1.));
#12442=DIRECTION('',(0.,-1.,0.));
#12443=DIRECTION('',(0.,-1.,0.));
#12444=DIRECTION('',(0.,-1.,0.));
#12445=DIRECTION('',(0.,0.,-1.));
#12446=DIRECTION('',(0.,-1.,0.));
#12447=DIRECTION('',(0.,-1.,0.));
#12448=DIRECTION('',(0.,-1.,0.));
#12449=DIRECTION('',(0.,0.,-1.));
#12450=DIRECTION('',(0.,-1.,0.));
#12451=DIRECTION('',(0.,-1.,0.));
#12452=DIRECTION('',(0.,-1.,0.));
#12453=DIRECTION('',(0.,0.,-1.));
#12454=DIRECTION('',(0.,-1.,0.));
#12455=DIRECTION('',(0.,-1.,0.));
#12456=DIRECTION('',(0.,-1.,0.));
#12457=DIRECTION('',(0.,0.,-1.));
#12458=DIRECTION('',(0.,-1.,0.));
#12459=DIRECTION('',(0.,-1.,0.));
#12460=DIRECTION('',(0.,-1.,0.));
#12461=DIRECTION('',(0.,0.,-1.));
#12462=DIRECTION('',(0.,-1.,0.));
#12463=DIRECTION('',(0.,-1.,0.));
#12464=DIRECTION('',(0.,-1.,0.));
#12465=DIRECTION('',(0.,0.,-1.));
#12466=DIRECTION('',(0.,-1.,0.));
#12467=DIRECTION('',(0.,-1.,0.));
#12468=DIRECTION('',(0.,-1.,0.));
#12469=DIRECTION('',(0.,0.,-1.));
#12470=DIRECTION('',(0.,-1.,0.));
#12471=DIRECTION('',(0.,-1.,0.));
#12472=DIRECTION('',(0.,-1.,0.));
#12473=DIRECTION('',(0.,0.,-1.));
#12474=DIRECTION('',(0.,-1.,0.));
#12475=DIRECTION('',(0.,-1.,0.));
#12476=DIRECTION('',(0.,-1.,0.));
#12477=DIRECTION('',(0.,0.,-1.));
#12478=DIRECTION('',(0.,-1.,0.));
#12479=DIRECTION('',(0.,-1.,0.));
#12480=DIRECTION('',(0.,-1.,0.));
#12481=DIRECTION('',(0.,0.,-1.));
#12482=DIRECTION('',(0.,-1.,0.));
#12483=DIRECTION('',(0.,-1.,0.));
#12484=DIRECTION('',(0.,-1.,0.));
#12485=DIRECTION('',(0.,0.,-1.));
#12486=DIRECTION('',(0.,-1.,0.));
#12487=DIRECTION('',(0.,-1.,0.));
#12488=DIRECTION('',(0.,-1.,0.));
#12489=DIRECTION('',(0.,0.,-1.));
#12490=DIRECTION('',(0.,-1.,0.));
#12491=DIRECTION('',(0.,-1.,0.));
#12492=DIRECTION('',(0.,-1.,0.));
#12493=DIRECTION('',(0.,0.,-1.));
#12494=DIRECTION('',(0.,-1.,0.));
#12495=DIRECTION('',(0.,-1.,0.));
#12496=DIRECTION('',(0.,-1.,0.));
#12497=DIRECTION('',(0.,0.,-1.));
#12498=DIRECTION('',(0.,-1.,0.));
#12499=DIRECTION('',(0.,-1.,0.));
#12500=DIRECTION('',(0.,-1.,0.));
#12501=DIRECTION('',(0.,0.,-1.));
#12502=DIRECTION('',(0.,-1.,0.));
#12503=DIRECTION('',(0.,-1.,0.));
#12504=DIRECTION('',(0.,-1.,0.));
#12505=DIRECTION('',(0.,0.,-1.));
#12506=DIRECTION('',(0.,-1.,0.));
#12507=DIRECTION('',(0.,-1.,0.));
#12508=DIRECTION('',(0.,-1.,0.));
#12509=DIRECTION('',(0.,0.,-1.));
#12510=DIRECTION('',(0.,-1.,0.));
#12511=DIRECTION('',(0.,-1.,0.));
#12512=DIRECTION('',(0.,-1.,0.));
#12513=DIRECTION('',(0.,0.,-1.));
#12514=DIRECTION('',(0.,-1.,0.));
#12515=DIRECTION('',(0.,-1.,0.));
#12516=DIRECTION('',(0.,-1.,0.));
#12517=DIRECTION('',(0.,0.,-1.));
#12518=DIRECTION('',(0.,-1.,0.));
#12519=DIRECTION('',(0.,-1.,0.));
#12520=DIRECTION('',(0.,-1.,0.));
#12521=DIRECTION('',(0.,0.,-1.));
#12522=DIRECTION('',(0.,-1.,0.));
#12523=DIRECTION('',(0.,-1.,0.));
#12524=DIRECTION('',(0.,-1.,0.));
#12525=DIRECTION('',(0.,0.,-1.));
#12526=DIRECTION('',(0.,-1.,0.));
#12527=DIRECTION('',(0.,-1.,0.));
#12528=DIRECTION('',(0.,-1.,0.));
#12529=DIRECTION('',(0.,0.,-1.));
#12530=DIRECTION('',(0.,-1.,0.));
#12531=DIRECTION('',(0.,-1.,0.));
#12532=DIRECTION('',(0.,-1.,0.));
#12533=DIRECTION('',(0.,0.,-1.));
#12534=DIRECTION('',(0.,-1.,0.));
#12535=DIRECTION('',(0.,-1.,0.));
#12536=DIRECTION('',(0.,-1.,0.));
#12537=DIRECTION('',(0.,0.,-1.));
#12538=DIRECTION('',(0.,-1.,0.));
#12539=DIRECTION('',(0.,-1.,0.));
#12540=DIRECTION('',(0.,-1.,0.));
#12541=DIRECTION('',(0.,0.,-1.));
#12542=DIRECTION('',(0.,-1.,0.));
#12543=DIRECTION('',(0.,-1.,0.));
#12544=DIRECTION('',(0.,-1.,0.));
#12545=DIRECTION('',(0.,0.,-1.));
#12546=DIRECTION('',(0.,-1.,0.));
#12547=DIRECTION('',(0.,-1.,0.));
#12548=DIRECTION('',(0.,-1.,0.));
#12549=DIRECTION('',(0.,0.,-1.));
#12550=DIRECTION('',(0.,-1.,0.));
#12551=DIRECTION('',(0.,-1.,0.));
#12552=DIRECTION('',(0.,0.,-1.));
#12553=DIRECTION('',(0.,-1.,0.));
#12554=DIRECTION('',(0.,-1.,0.));
#12555=DIRECTION('',(0.,-1.,0.));
#12556=DIRECTION('',(0.,0.,-1.));
#12557=DIRECTION('',(0.,-1.,0.));
#12558=DIRECTION('',(0.,-1.,0.));
#12559=DIRECTION('',(0.,-1.,0.));
#12560=DIRECTION('',(0.,0.,-1.));
#12561=DIRECTION('',(0.,-1.,0.));
#12562=DIRECTION('',(0.,-1.,0.));
#12563=DIRECTION('',(0.,-1.,0.));
#12564=DIRECTION('',(0.,0.,-1.));
#12565=DIRECTION('',(0.,-1.,0.));
#12566=DIRECTION('',(0.,-1.,0.));
#12567=DIRECTION('',(0.,-1.,0.));
#12568=DIRECTION('',(0.,0.,-1.));
#12569=DIRECTION('',(0.,-1.,0.));
#12570=DIRECTION('',(0.,-1.,0.));
#12571=DIRECTION('',(0.,-1.,0.));
#12572=DIRECTION('',(0.,0.,-1.));
#12573=DIRECTION('',(0.,-1.,0.));
#12574=DIRECTION('',(0.,-1.,0.));
#12575=DIRECTION('',(0.,-1.,0.));
#12576=DIRECTION('',(0.,0.,-1.));
#12577=DIRECTION('',(0.,-1.,0.));
#12578=DIRECTION('',(0.,-1.,0.));
#12579=DIRECTION('',(0.,-1.,0.));
#12580=DIRECTION('',(0.,0.,-1.));
#12581=DIRECTION('',(0.,-1.,0.));
#12582=DIRECTION('',(0.,-1.,0.));
#12583=DIRECTION('',(0.,-1.,0.));
#12584=DIRECTION('',(0.,0.,-1.));
#12585=DIRECTION('',(0.,-1.,0.));
#12586=DIRECTION('',(0.,-1.,0.));
#12587=DIRECTION('',(0.,-1.,0.));
#12588=DIRECTION('',(0.,0.,-1.));
#12589=DIRECTION('',(0.,-1.,0.));
#12590=DIRECTION('',(0.,-1.,0.));
#12591=DIRECTION('',(0.,-1.,0.));
#12592=DIRECTION('',(0.,0.,-1.));
#12593=DIRECTION('',(0.,-1.,0.));
#12594=DIRECTION('',(0.,-1.,0.));
#12595=DIRECTION('',(0.,-1.,0.));
#12596=DIRECTION('',(0.,0.,-1.));
#12597=DIRECTION('',(0.,-1.,0.));
#12598=DIRECTION('',(0.,-1.,0.));
#12599=DIRECTION('',(0.,-1.,0.));
#12600=DIRECTION('',(0.,0.,-1.));
#12601=DIRECTION('',(0.,-1.,0.));
#12602=DIRECTION('',(0.,-1.,0.));
#12603=DIRECTION('',(0.,-1.,0.));
#12604=DIRECTION('',(0.,0.,-1.));
#12605=DIRECTION('',(0.,-1.,0.));
#12606=DIRECTION('',(0.,-1.,0.));
#12607=DIRECTION('',(0.,-1.,0.));
#12608=DIRECTION('',(0.,0.,-1.));
#12609=DIRECTION('',(0.,-1.,0.));
#12610=DIRECTION('',(0.,-1.,0.));
#12611=DIRECTION('',(0.,-1.,0.));
#12612=DIRECTION('',(0.,0.,-1.));
#12613=DIRECTION('',(0.,-1.,0.));
#12614=DIRECTION('',(0.,-1.,0.));
#12615=DIRECTION('',(0.,-1.,0.));
#12616=DIRECTION('',(0.,0.,-1.));
#12617=DIRECTION('',(0.,-1.,0.));
#12618=DIRECTION('',(0.,-1.,0.));
#12619=DIRECTION('',(0.,-1.,0.));
#12620=DIRECTION('',(0.,0.,-1.));
#12621=DIRECTION('',(0.,-1.,0.));
#12622=DIRECTION('',(0.,-1.,0.));
#12623=DIRECTION('',(0.,-1.,0.));
#12624=DIRECTION('',(0.,0.,-1.));
#12625=DIRECTION('',(0.,-1.,0.));
#12626=DIRECTION('',(0.,-1.,0.));
#12627=DIRECTION('',(0.,-1.,0.));
#12628=DIRECTION('',(0.,0.,-1.));
#12629=DIRECTION('',(0.,-1.,0.));
#12630=DIRECTION('',(0.,-1.,0.));
#12631=DIRECTION('',(0.,-1.,0.));
#12632=DIRECTION('',(0.130781327539233,0.,0.991411238773838));
#12633=DIRECTION('',(0.,-1.,0.));
#12634=DIRECTION('',(0.,-1.,0.));
#12635=DIRECTION('',(-0.217813558748851,0.,0.975990396277115));
#12636=DIRECTION('',(0.,-1.,0.));
#12637=DIRECTION('',(0.,-1.,0.));
#12638=DIRECTION('',(0.213941830599243,0.,0.976846402009981));
#12639=DIRECTION('',(0.,-1.,0.));
#12640=DIRECTION('',(-0.134711462225861,0.,0.990884868158239));
#12641=DIRECTION('',(0.,-1.,0.));
#12642=DIRECTION('',(0.,-1.,0.));
#12643=DIRECTION('',(0.,-1.,0.));
#12644=DIRECTION('',(0.466962799700411,0.,-0.88427696096639));
#12645=DIRECTION('',(0.,-1.,0.));
#12646=DIRECTION('',(-0.134711462225861,0.,0.990884868158239));
#12647=DIRECTION('',(0.,-1.,0.));
#12648=DIRECTION('',(-0.134711462225861,0.,0.990884868158239));
#12649=DIRECTION('',(0.,-1.,0.));
#12650=DIRECTION('',(0.230409742267471,0.,0.973093700867618));
#12651=DIRECTION('',(0.,-1.,0.));
#12652=DIRECTION('',(-0.117956717150846,0.,0.993018737425934));
#12653=DIRECTION('',(0.,-1.,0.));
#12654=DIRECTION('',(0.,-1.,0.));
#12655=DIRECTION('',(0.,-1.,0.));
#12656=DIRECTION('',(0.451961215263075,0.,-0.892037588836885));
#12657=DIRECTION('',(0.,-1.,0.));
#12658=DIRECTION('',(-0.117956717150846,0.,0.993018737425934));
#12659=DIRECTION('',(0.,-1.,0.));
#12660=DIRECTION('',(-0.117956717150846,0.,0.993018737425934));
#12661=DIRECTION('',(0.,-1.,0.));
#12662=DIRECTION('',(0.24681192382409,0.,0.969063400535925));
#12663=DIRECTION('',(0.,-1.,0.));
#12664=DIRECTION('',(-0.101168321987432,0.,0.994869323391895));
#12665=DIRECTION('',(0.,-1.,0.));
#12666=DIRECTION('',(0.,-1.,0.));
#12667=DIRECTION('',(0.,-1.,0.));
#12668=DIRECTION('',(0.436830697643936,0.,-0.899543740790804));
#12669=DIRECTION('',(0.,-1.,0.));
#12670=DIRECTION('',(-0.101168321987432,0.,0.994869323391895));
#12671=DIRECTION('',(0.,-1.,0.));
#12672=DIRECTION('',(-0.101168321987432,0.,0.994869323391895));
#12673=DIRECTION('',(0.,-1.,0.));
#12674=DIRECTION('',(0.263143696138645,0.,0.964756650758362));
#12675=DIRECTION('',(0.,-1.,0.));
#12676=DIRECTION('',(-0.0843510660430451,0.,0.996436098130433));
#12677=DIRECTION('',(0.,-1.,0.));
#12678=DIRECTION('',(0.,-1.,0.));
#12679=DIRECTION('',(0.,-1.,0.));
#12680=DIRECTION('',(0.421575563199306,0.,-0.906793275511672));
#12681=DIRECTION('',(0.,-1.,0.));
#12682=DIRECTION('',(-0.0843510660430451,0.,0.996436098130433));
#12683=DIRECTION('',(0.,-1.,0.));
#12684=DIRECTION('',(-0.0843510660430451,0.,0.996436098130433));
#12685=DIRECTION('',(0.,-1.,0.));
#12686=DIRECTION('',(0.279400400166782,0.,0.960174680142443));
#12687=DIRECTION('',(0.,-1.,0.));
#12688=DIRECTION('',(-0.0675097468583656,0.,0.997718614680071));
#12689=DIRECTION('',(0.,-1.,0.));
#12690=DIRECTION('',(0.,-1.,0.));
#12691=DIRECTION('',(0.,-1.,0.));
#12692=DIRECTION('',(0.40620016383674,0.,-0.913784124888918));
#12693=DIRECTION('',(0.,-1.,0.));
#12694=DIRECTION('',(-0.0675097468583656,0.,0.997718614680071));
#12695=DIRECTION('',(0.,-1.,0.));
#12696=DIRECTION('',(-0.0675097468583656,0.,0.997718614680071));
#12697=DIRECTION('',(0.,-1.,0.));
#12698=DIRECTION('',(0.295577398279016,0.,0.95531879580934));
#12699=DIRECTION('',(0.,-1.,0.));
#12700=DIRECTION('',(-0.0506491688387126,0.,0.998716507171053));
#12701=DIRECTION('',(0.,-1.,0.));
#12702=DIRECTION('',(0.,-1.,0.));
#12703=DIRECTION('',(0.,-1.,0.));
#12704=DIRECTION('',(0.390708885770812,0.,-0.920514294609122));
#12705=DIRECTION('',(0.,-1.,0.));
#12706=DIRECTION('',(-0.0506491688387126,0.,0.998716507171053));
#12707=DIRECTION('',(0.,-1.,0.));
#12708=DIRECTION('',(-0.0506491688387126,0.,0.998716507171053));
#12709=DIRECTION('',(0.,-1.,0.));
#12710=DIRECTION('',(0.311670075583987,0.,0.950190383020935));
#12711=DIRECTION('',(0.,-1.,0.));
#12712=DIRECTION('',(-0.0337741418834681,0.,0.999429490929718));
#12713=DIRECTION('',(0.,-1.,0.));
#12714=DIRECTION('',(0.,-1.,0.));
#12715=DIRECTION('',(0.,-1.,0.));
#12716=DIRECTION('',(0.375106148273992,0.,-0.926981864723928));
#12717=DIRECTION('',(0.,-1.,0.));
#12718=DIRECTION('',(-0.0337741418834681,0.,0.999429490929718));
#12719=DIRECTION('',(0.,-1.,0.));
#12720=DIRECTION('',(-0.0337741418834681,0.,0.999429490929718));
#12721=DIRECTION('',(0.,-1.,0.));
#12722=DIRECTION('',(0.327673841245836,0.,0.944790904784333));
#12723=DIRECTION('',(0.,-1.,0.));
#12724=DIRECTION('',(-0.0168894800139311,0.,0.99985736255971));
#12725=DIRECTION('',(0.,-1.,0.));
#12726=DIRECTION('',(0.,-1.,0.));
#12727=DIRECTION('',(0.,-1.,0.));
#12728=DIRECTION('',(0.359396402415753,0.,-0.933184990197878));
#12729=DIRECTION('',(0.,-1.,0.));
#12730=DIRECTION('',(-0.0168894800139311,0.,0.99985736255971));
#12731=DIRECTION('',(0.,-1.,0.));
#12732=DIRECTION('',(-0.0168894800139311,0.,0.99985736255971));
#12733=DIRECTION('',(0.,-1.,0.));
#12734=DIRECTION('',(0.343584129791503,0.,0.93912190143528));
#12735=DIRECTION('',(0.,-1.,0.));
#12736=DIRECTION('',(-1.22464679914735E-16,0.,1.));
#12737=DIRECTION('',(0.,-1.,0.));
#12738=DIRECTION('',(0.,-1.,0.));
#12739=DIRECTION('',(0.,-1.,0.));
#12740=DIRECTION('',(0.343584129791499,0.,-0.939121901435281));
#12741=DIRECTION('',(0.,-1.,0.));
#12742=DIRECTION('',(-1.22464679914735E-16,0.,1.));
#12743=DIRECTION('',(0.,-1.,0.));
#12744=DIRECTION('',(-1.22464679914735E-16,0.,1.));
#12745=DIRECTION('',(0.,-1.,0.));
#12746=DIRECTION('',(0.359396402415879,0.,0.93318499019783));
#12747=DIRECTION('',(0.,-1.,0.));
#12748=DIRECTION('',(0.0168894800139309,0.,0.99985736255971));
#12749=DIRECTION('',(0.,-1.,0.));
#12750=DIRECTION('',(0.,-1.,0.));
#12751=DIRECTION('',(0.,-1.,0.));
#12752=DIRECTION('',(0.327673841245865,0.,-0.944790904784323));
#12753=DIRECTION('',(0.,-1.,0.));
#12754=DIRECTION('',(0.0168894800139309,0.,0.99985736255971));
#12755=DIRECTION('',(0.,-1.,0.));
#12756=DIRECTION('',(0.0168894800139309,0.,0.99985736255971));
#12757=DIRECTION('',(0.,-1.,0.));
#12758=DIRECTION('',(0.375106148274022,0.,0.926981864723915));
#12759=DIRECTION('',(0.,-1.,0.));
#12760=DIRECTION('',(0.0337741418834683,0.,0.999429490929718));
#12761=DIRECTION('',(0.,-1.,0.));
#12762=DIRECTION('',(0.,-1.,0.));
#12763=DIRECTION('',(0.,-1.,0.));
#12764=DIRECTION('',(0.311670075584115,0.,-0.950190383020893));
#12765=DIRECTION('',(0.,-1.,0.));
#12766=DIRECTION('',(0.0337741418834683,0.,0.999429490929718));
#12767=DIRECTION('',(0.,-1.,0.));
#12768=DIRECTION('',(0.0337741418834683,0.,0.999429490929718));
#12769=DIRECTION('',(0.,-1.,0.));
#12770=DIRECTION('',(0.390708885770734,0.,0.920514294609156));
#12771=DIRECTION('',(0.,-1.,0.));
#12772=DIRECTION('',(0.0506491688387128,0.,0.998716507171053));
#12773=DIRECTION('',(0.,-1.,0.));
#12774=DIRECTION('',(0.,-1.,0.));
#12775=DIRECTION('',(0.,-1.,0.));
#12776=DIRECTION('',(0.295577398278873,0.,-0.955318795809385));
#12777=DIRECTION('',(0.,-1.,0.));
#12778=DIRECTION('',(0.0506491688387128,0.,0.998716507171053));
#12779=DIRECTION('',(0.,-1.,0.));
#12780=DIRECTION('',(0.0506491688387128,0.,0.998716507171053));
#12781=DIRECTION('',(0.,-1.,0.));
#12782=DIRECTION('',(0.40620016383674,0.,0.913784124888918));
#12783=DIRECTION('',(0.,-1.,0.));
#12784=DIRECTION('',(0.0675097468583653,0.,0.997718614680071));
#12785=DIRECTION('',(0.,-1.,0.));
#12786=DIRECTION('',(0.,-1.,0.));
#12787=DIRECTION('',(0.,-1.,0.));
#12788=DIRECTION('',(0.279400400166757,0.,-0.96017468014245));
#12789=DIRECTION('',(0.,-1.,0.));
#12790=DIRECTION('',(0.0675097468583653,0.,0.997718614680071));
#12791=DIRECTION('',(0.,-1.,0.));
#12792=DIRECTION('',(0.0675097468583653,0.,0.997718614680071));
#12793=DIRECTION('',(0.,-1.,0.));
#12794=DIRECTION('',(0.421575563199313,0.,0.906793275511669));
#12795=DIRECTION('',(0.,-1.,0.));
#12796=DIRECTION('',(0.0843510660430448,0.,0.996436098130433));
#12797=DIRECTION('',(0.,-1.,0.));
#12798=DIRECTION('',(0.,-1.,0.));
#12799=DIRECTION('',(0.,-1.,0.));
#12800=DIRECTION('',(0.263143696138621,0.,-0.964756650758369));
#12801=DIRECTION('',(0.,-1.,0.));
#12802=DIRECTION('',(0.0843510660430448,0.,0.996436098130433));
#12803=DIRECTION('',(0.,-1.,0.));
#12804=DIRECTION('',(0.0843510660430448,0.,0.996436098130433));
#12805=DIRECTION('',(0.,-1.,0.));
#12806=DIRECTION('',(0.436830697643605,0.,0.899543740790964));
#12807=DIRECTION('',(0.,-1.,0.));
#12808=DIRECTION('',(0.101168321987432,0.,0.994869323391895));
#12809=DIRECTION('',(0.,-1.,0.));
#12810=DIRECTION('',(0.,-1.,0.));
#12811=DIRECTION('',(0.,-1.,0.));
#12812=DIRECTION('',(0.246811923823677,0.,-0.969063400536031));
#12813=DIRECTION('',(0.,-1.,0.));
#12814=DIRECTION('',(0.101168321987432,0.,0.994869323391895));
#12815=DIRECTION('',(0.,-1.,0.));
#12816=DIRECTION('',(0.101168321987432,0.,0.994869323391895));
#12817=DIRECTION('',(0.,-1.,0.));
#12818=DIRECTION('',(0.923977982143746,0.,0.382445667400707));
#12819=DIRECTION('',(0.,-1.,0.));
#12820=DIRECTION('',(0.736325697651197,0.,0.676627273303757));
#12821=DIRECTION('',(0.,-1.,0.));
#12822=DIRECTION('',(0.,-1.,0.));
#12823=DIRECTION('',(0.,-1.,0.));
#12824=DIRECTION('',(-0.45902119636252,0.,-0.888425315538634));
#12825=DIRECTION('',(0.,-1.,0.));
#12826=DIRECTION('',(0.736325697651197,0.,0.676627273303757));
#12827=DIRECTION('',(0.,-1.,0.));
#12828=DIRECTION('',(0.736325697651197,0.,0.676627273303757));
#12829=DIRECTION('',(0.,-1.,0.));
#12830=DIRECTION('',(0.930305496746816,0.,0.366785608663507));
#12831=DIRECTION('',(0.,-1.,0.));
#12832=DIRECTION('',(0.747648552847809,0.,0.664094602767239));
#12833=DIRECTION('',(0.,-1.,0.));
#12834=DIRECTION('',(0.,-1.,0.));
#12835=DIRECTION('',(0.,-1.,0.));
#12836=DIRECTION('',(-0.473960764364738,0.,-0.880545963503776));
#12837=DIRECTION('',(0.,-1.,0.));
#12838=DIRECTION('',(0.747648552847809,0.,0.664094602767239));
#12839=DIRECTION('',(0.,-1.,0.));
#12840=DIRECTION('',(0.747648552847809,0.,0.664094602767239));
#12841=DIRECTION('',(0.,-1.,0.));
#12842=DIRECTION('',(0.910534070091741,0.,0.413434042142358));
#12843=DIRECTION('',(0.,-1.,0.));
#12844=DIRECTION('',(0.713053111631221,0.,0.701110019892053));
#12845=DIRECTION('',(0.,-1.,0.));
#12846=DIRECTION('',(0.,-1.,0.));
#12847=DIRECTION('',(0.,-1.,0.));
#12848=DIRECTION('',(-0.428753517946736,0.,-0.90342150785129));
#12849=DIRECTION('',(0.,-1.,0.));
#12850=DIRECTION('',(0.713053111631221,0.,0.701110019892053));
#12851=DIRECTION('',(0.,-1.,0.));
#12852=DIRECTION('',(0.713053111631221,0.,0.701110019892053));
#12853=DIRECTION('',(0.,-1.,0.));
#12854=DIRECTION('',(0.917386879834947,0.,0.397996623989073));
#12855=DIRECTION('',(0.,-1.,0.));
#12856=DIRECTION('',(0.72479278722912,0.,0.688966919075686));
#12857=DIRECTION('',(0.,-1.,0.));
#12858=DIRECTION('',(0.,-1.,0.));
#12859=DIRECTION('',(0.,-1.,0.));
#12860=DIRECTION('',(-0.443950681143351,0.,-0.896051222147682));
#12861=DIRECTION('',(0.,-1.,0.));
#12862=DIRECTION('',(0.72479278722912,0.,0.688966919075686));
#12863=DIRECTION('',(0.,-1.,0.));
#12864=DIRECTION('',(0.72479278722912,0.,0.688966919075686));
#12865=DIRECTION('',(0.,-1.,0.));
#12866=DIRECTION('',(0.93636761855811,0.,0.35102091521135));
#12867=DIRECTION('',(0.,-1.,0.));
#12868=DIRECTION('',(0.758758122692791,0.,0.651372482722222));
#12869=DIRECTION('',(0.,-1.,0.));
#12870=DIRECTION('',(0.,-1.,0.));
#12871=DIRECTION('',(0.,-1.,0.));
#12872=DIRECTION('',(-0.488765123156763,0.,-0.872415413885813));
#12873=DIRECTION('',(0.,-1.,0.));
#12874=DIRECTION('',(0.758758122692791,0.,0.651372482722222));
#12875=DIRECTION('',(0.,-1.,0.));
#12876=DIRECTION('',(0.758758122692791,0.,0.651372482722222));
#12877=DIRECTION('',(0.,-1.,0.));
#12878=DIRECTION('',(0.864035985941967,0.,0.503430049755965));
#12879=DIRECTION('',(0.,-1.,0.));
#12880=DIRECTION('',(0.638464542469984,0.,0.769651237904932));
#12881=DIRECTION('',(0.,-1.,0.));
#12882=DIRECTION('',(0.,-1.,0.));
#12883=DIRECTION('',(0.,-1.,0.));
#12884=DIRECTION('',(-0.335156084304871,0.,-0.942162618210586));
#12885=DIRECTION('',(0.,-1.,0.));
#12886=DIRECTION('',(0.638464542469984,0.,0.769651237904932));
#12887=DIRECTION('',(0.,-1.,0.));
#12888=DIRECTION('',(0.638464542469984,0.,0.769651237904932));
#12889=DIRECTION('',(0.,-1.,0.));
#12890=DIRECTION('',(0.87241541382437,0.,0.488765123266434));
#12891=DIRECTION('',(0.,-1.,0.));
#12892=DIRECTION('',(0.651372482722222,0.,0.758758122692791));
#12893=DIRECTION('',(0.,-1.,0.));
#12894=DIRECTION('',(0.,-1.,0.));
#12895=DIRECTION('',(0.,-1.,0.));
#12896=DIRECTION('',(-0.351020915209103,0.,-0.936367618558952));
#12897=DIRECTION('',(0.,-1.,0.));
#12898=DIRECTION('',(0.651372482722222,0.,0.758758122692791));
#12899=DIRECTION('',(0.,-1.,0.));
#12900=DIRECTION('',(0.651372482722222,0.,0.758758122692791));
#12901=DIRECTION('',(0.,-1.,0.));
#12902=DIRECTION('',(0.846540127645079,0.,0.532324912329541));
#12903=DIRECTION('',(0.,-1.,0.));
#12904=DIRECTION('',(0.612105982547663,0.,0.790775736937699));
#12905=DIRECTION('',(0.,-1.,0.));
#12906=DIRECTION('',(0.,-1.,0.));
#12907=DIRECTION('',(0.,-1.,0.));
#12908=DIRECTION('',(-0.303144140774007,0.,-0.952944715035657));
#12909=DIRECTION('',(0.,-1.,0.));
#12910=DIRECTION('',(0.612105982547663,0.,0.790775736937699));
#12911=DIRECTION('',(0.,-1.,0.));
#12912=DIRECTION('',(0.612105982547663,0.,0.790775736937699));
#12913=DIRECTION('',(0.,-1.,0.));
#12914=DIRECTION('',(0.855410070296836,0.,0.517951360298207));
#12915=DIRECTION('',(0.,-1.,0.));
#12916=DIRECTION('',(0.625374464321637,0.,0.780324790952092));
#12917=DIRECTION('',(0.,-1.,0.));
#12918=DIRECTION('',(0.,-1.,0.));
#12919=DIRECTION('',(0.,-1.,0.));
#12920=DIRECTION('',(-0.319195641788719,0.,-0.947688842533818));
#12921=DIRECTION('',(0.,-1.,0.));
#12922=DIRECTION('',(0.625374464321637,0.,0.780324790952092));
#12923=DIRECTION('',(0.,-1.,0.));
#12924=DIRECTION('',(0.625374464321637,0.,0.780324790952092));
#12925=DIRECTION('',(0.,-1.,0.));
#12926=DIRECTION('',(0.89605122214765,0.,0.443950681143415));
#12927=DIRECTION('',(0.,-1.,0.));
#12928=DIRECTION('',(0.688966919075687,0.,0.72479278722912));
#12929=DIRECTION('',(0.,-1.,0.));
#12930=DIRECTION('',(0.,-1.,0.));
#12931=DIRECTION('',(0.,-1.,0.));
#12932=DIRECTION('',(-0.397996623989003,0.,-0.917386879834978));
#12933=DIRECTION('',(0.,-1.,0.));
#12934=DIRECTION('',(0.688966919075687,0.,0.72479278722912));
#12935=DIRECTION('',(0.,-1.,0.));
#12936=DIRECTION('',(0.688966919075687,0.,0.72479278722912));
#12937=DIRECTION('',(0.,-1.,0.));
#12938=DIRECTION('',(0.903421507851297,0.,0.42875351794672));
#12939=DIRECTION('',(0.,-1.,0.));
#12940=DIRECTION('',(0.701110019892053,0.,0.71305311163122));
#12941=DIRECTION('',(0.,-1.,0.));
#12942=DIRECTION('',(0.,-1.,0.));
#12943=DIRECTION('',(0.,-1.,0.));
#12944=DIRECTION('',(-0.413434042026908,0.,-0.910534070144161));
#12945=DIRECTION('',(0.,-1.,0.));
#12946=DIRECTION('',(0.701110019892053,0.,0.71305311163122));
#12947=DIRECTION('',(0.,-1.,0.));
#12948=DIRECTION('',(0.701110019892053,0.,0.71305311163122));
#12949=DIRECTION('',(0.,-1.,0.));
#12950=DIRECTION('',(0.880545963503771,0.,0.473960764364747));
#12951=DIRECTION('',(0.,-1.,0.));
#12952=DIRECTION('',(0.664094602767239,0.,0.747648552847809));
#12953=DIRECTION('',(0.,-1.,0.));
#12954=DIRECTION('',(0.,-1.,0.));
#12955=DIRECTION('',(0.,-1.,0.));
#12956=DIRECTION('',(-0.366785608663478,0.,-0.930305496746828));
#12957=DIRECTION('',(0.,-1.,0.));
#12958=DIRECTION('',(0.664094602767239,0.,0.747648552847809));
#12959=DIRECTION('',(0.,-1.,0.));
#12960=DIRECTION('',(0.664094602767239,0.,0.747648552847809));
#12961=DIRECTION('',(0.,-1.,0.));
#12962=DIRECTION('',(0.888425315538623,0.,0.459021196362541));
#12963=DIRECTION('',(0.,-1.,0.));
#12964=DIRECTION('',(0.676627273303758,0.,0.736325697651197));
#12965=DIRECTION('',(0.,-1.,0.));
#12966=DIRECTION('',(0.,-1.,0.));
#12967=DIRECTION('',(0.,-1.,0.));
#12968=DIRECTION('',(-0.382445667397321,0.,-0.923977982145147));
#12969=DIRECTION('',(0.,-1.,0.));
#12970=DIRECTION('',(0.676627273303758,0.,0.736325697651197));
#12971=DIRECTION('',(0.,-1.,0.));
#12972=DIRECTION('',(0.676627273303758,0.,0.736325697651197));
#12973=DIRECTION('',(0.,-1.,0.));
#12974=DIRECTION('',(0.837428688361481,0.,0.546546605431933));
#12975=DIRECTION('',(0.,-1.,0.));
#12976=DIRECTION('',(0.598662882312615,0.,0.801001094469385));
#12977=DIRECTION('',(0.,-1.,0.));
#12978=DIRECTION('',(0.,-1.,0.));
#12979=DIRECTION('',(0.,-1.,0.));
#12980=DIRECTION('',(-0.287006160350846,0.,-0.957928736347681));
#12981=DIRECTION('',(0.,-1.,0.));
#12982=DIRECTION('',(0.598662882312615,0.,0.801001094469385));
#12983=DIRECTION('',(0.,-1.,0.));
#12984=DIRECTION('',(0.598662882312615,0.,0.801001094469385));
#12985=DIRECTION('',(0.,-1.,0.));
#12986=DIRECTION('',(0.828078351707822,0.,0.56061238251831));
#12987=DIRECTION('',(0.,-1.,0.));
#12988=DIRECTION('',(0.585048998595308,0.,0.810997946509501));
#12989=DIRECTION('',(0.,-1.,0.));
#12990=DIRECTION('',(0.,-1.,0.));
#12991=DIRECTION('',(0.,-1.,0.));
#12992=DIRECTION('',(-0.270786304279487,0.,-0.962639484653864));
#12993=DIRECTION('',(0.,-1.,0.));
#12994=DIRECTION('',(0.585048998595308,0.,0.810997946509501));
#12995=DIRECTION('',(0.,-1.,0.));
#12996=DIRECTION('',(0.585048998595308,0.,0.810997946509501));
#12997=DIRECTION('',(0.,-1.,0.));
#12998=DIRECTION('',(0.818491785101257,0.,0.574518230974229));
#12999=DIRECTION('',(0.,-1.,0.));
#13000=DIRECTION('',(0.571268215094792,0.,0.820763441207276));
#13001=DIRECTION('',(0.,-1.,0.));
#13002=DIRECTION('',(0.,-1.,0.));
#13003=DIRECTION('',(0.,-1.,0.));
#13004=DIRECTION('',(-0.254489199677492,0.,-0.967075616096027));
#13005=DIRECTION('',(0.,-1.,0.));
#13006=DIRECTION('',(0.571268215094792,0.,0.820763441207276));
#13007=DIRECTION('',(0.,-1.,0.));
#13008=DIRECTION('',(0.571268215094792,0.,0.820763441207276));
#13009=DIRECTION('',(0.,-1.,0.));
#13010=DIRECTION('',(0.808671723348471,0.,0.588260183810374));
#13011=DIRECTION('',(0.,-1.,0.));
#13012=DIRECTION('',(0.557324463122436,0.,0.830294792712376));
#13013=DIRECTION('',(0.,-1.,0.));
#13014=DIRECTION('',(0.,-1.,0.));
#13015=DIRECTION('',(0.,-1.,0.));
#13016=DIRECTION('',(-0.238119495699432,0.,-0.9712358651573));
#13017=DIRECTION('',(0.,-1.,0.));
#13018=DIRECTION('',(0.557324463122436,0.,0.830294792712376));
#13019=DIRECTION('',(0.,-1.,0.));
#13020=DIRECTION('',(0.557324463122436,0.,0.830294792712376));
#13021=DIRECTION('',(0.,-1.,0.));
#13022=DIRECTION('',(0.798620967866356,0.,0.601834320792861));
#13023=DIRECTION('',(0.,-1.,0.));
#13024=DIRECTION('',(0.543221720480419,0.,0.839589281969639));
#13025=DIRECTION('',(0.,-1.,0.));
#13026=DIRECTION('',(0.,-1.,0.));
#13027=DIRECTION('',(0.,-1.,0.));
#13028=DIRECTION('',(-0.221681862210963,0.,-0.975119045023057));
#13029=DIRECTION('',(0.,-1.,0.));
#13030=DIRECTION('',(0.543221720480419,0.,0.839589281969639));
#13031=DIRECTION('',(0.,-1.,0.));
#13032=DIRECTION('',(0.543221720480419,0.,0.839589281969639));
#13033=DIRECTION('',(0.,-1.,0.));
#13034=DIRECTION('',(0.788342385883076,0.,0.615236769561264));
#13035=DIRECTION('',(0.,-1.,0.));
#13036=DIRECTION('',(0.528964010326963,0.,0.848644257494751));
#13037=DIRECTION('',(0.,-1.,0.));
#13038=DIRECTION('',(0.,-1.,0.));
#13039=DIRECTION('',(0.,-1.,0.));
#13040=DIRECTION('',(-0.20518098845521,0.,-0.978724047919812));
#13041=DIRECTION('',(0.,-1.,0.));
#13042=DIRECTION('',(0.528964010326963,0.,0.848644257494751));
#13043=DIRECTION('',(0.,-1.,0.));
#13044=DIRECTION('',(0.528964010326963,0.,0.848644257494751));
#13045=DIRECTION('',(0.,-1.,0.));
#13046=DIRECTION('',(0.77783890961841,0.,0.628463706735435));
#13047=DIRECTION('',(0.,-1.,0.));
#13048=DIRECTION('',(0.514555400028629,0.,0.857457136130651));
#13049=DIRECTION('',(0.,-1.,0.));
#13050=DIRECTION('',(0.,-1.,0.));
#13051=DIRECTION('',(0.,-1.,0.));
#13052=DIRECTION('',(-0.188621581717736,0.,-0.982049845430617));
#13053=DIRECTION('',(0.,-1.,0.));
#13054=DIRECTION('',(0.514555400028629,0.,0.857457136130651));
#13055=DIRECTION('',(0.,-1.,0.));
#13056=DIRECTION('',(0.514555400028629,0.,0.857457136130651));
#13057=DIRECTION('',(0.,-1.,0.));
#13058=DIRECTION('',(0.767113535454273,0.,0.64151135899752));
#13059=DIRECTION('',(0.,-1.,0.));
#13060=DIRECTION('',(0.5,0.,0.866025403784439));
#13061=DIRECTION('',(0.,-1.,0.));
#13062=DIRECTION('',(0.,-1.,0.));
#13063=DIRECTION('',(0.,-1.,0.));
#13064=DIRECTION('',(-0.172008365980947,0.,-0.985095488789064));
#13065=DIRECTION('',(0.,-1.,0.));
#13066=DIRECTION('',(0.5,0.,0.866025403784439));
#13067=DIRECTION('',(0.,-1.,0.));
#13068=DIRECTION('',(0.5,0.,0.866025403784439));
#13069=DIRECTION('',(0.,-1.,0.));
#13070=DIRECTION('',(0.756169323066666,0.,0.654376004184826));
#13071=DIRECTION('',(0.,-1.,0.));
#13072=DIRECTION('',(0.485301962531081,0.,0.874346616144582));
#13073=DIRECTION('',(0.,-1.,0.));
#13074=DIRECTION('',(0.,-1.,0.));
#13075=DIRECTION('',(0.,-1.,0.));
#13076=DIRECTION('',(-0.155346080579666,0.,-0.987860109149335));
#13077=DIRECTION('',(0.,-1.,0.));
#13078=DIRECTION('',(0.485301962531081,0.,0.874346616144582));
#13079=DIRECTION('',(0.,-1.,0.));
#13080=DIRECTION('',(0.485301962531081,0.,0.874346616144582));
#13081=DIRECTION('',(0.,-1.,0.));
#13082=DIRECTION('',(0.745009394565823,0.,0.667053972335572));
#13083=DIRECTION('',(0.,-1.,0.));
#13084=DIRECTION('',(0.470465480602755,0.,0.882418399378219));
#13085=DIRECTION('',(0.,-1.,0.));
#13086=DIRECTION('',(0.,-1.,0.));
#13087=DIRECTION('',(0.,-1.,0.));
#13088=DIRECTION('',(-0.138639478840899,0.,-0.990342917835395));
#13089=DIRECTION('',(0.,-1.,0.));
#13090=DIRECTION('',(0.470465480602755,0.,0.882418399378219));
#13091=DIRECTION('',(0.,-1.,0.));
#13092=DIRECTION('',(0.470465480602755,0.,0.882418399378219));
#13093=DIRECTION('',(0.,-1.,0.));
#13094=DIRECTION('',(0.733636933598767,0.,0.679541646744184));
#13095=DIRECTION('',(0.,-1.,0.));
#13096=DIRECTION('',(0.455494786690634,0.,0.890238450808352));
#13097=DIRECTION('',(0.,-1.,0.));
#13098=DIRECTION('',(0.,-1.,0.));
#13099=DIRECTION('',(0.,-1.,0.));
#13100=DIRECTION('',(-0.12189332674582,0.,-0.992543206563239));
#13101=DIRECTION('',(0.,-1.,0.));
#13102=DIRECTION('',(0.455494786690634,0.,0.890238450808352));
#13103=DIRECTION('',(0.,-1.,0.));
#13104=DIRECTION('',(0.455494786690634,0.,0.890238450808352));
#13105=DIRECTION('',(0.,-1.,0.));
#13106=DIRECTION('',(0.722055184443009,0.,0.691835464990753));
#13107=DIRECTION('',(0.,-1.,0.));
#13108=DIRECTION('',(0.440394151557635,0.,0.897804539570742));
#13109=DIRECTION('',(0.,-1.,0.));
#13110=DIRECTION('',(0.,-1.,0.));
#13111=DIRECTION('',(0.,-1.,0.));
#13112=DIRECTION('',(-0.105112401540439,0.,-0.994460347647105));
#13113=DIRECTION('',(0.,-1.,0.));
#13114=DIRECTION('',(0.440394151557635,0.,0.897804539570742));
#13115=DIRECTION('',(0.,-1.,0.));
#13116=DIRECTION('',(0.440394151557635,0.,0.897804539570742));
#13117=DIRECTION('',(0.,-1.,0.));
#13118=DIRECTION('',(0.710267451080932,0.,0.70393191995746));
#13119=DIRECTION('',(0.,-1.,0.));
#13120=DIRECTION('',(0.425167883035641,0.,0.905114507250321));
#13121=DIRECTION('',(0.,-1.,0.));
#13122=DIRECTION('',(0.,-1.,0.));
#13123=DIRECTION('',(0.,-1.,0.));
#13124=DIRECTION('',(-0.088301490410429,0.,-0.99609379417367));
#13125=DIRECTION('',(0.,-1.,0.));
#13126=DIRECTION('',(0.425167883035641,0.,0.905114507250321));
#13127=DIRECTION('',(0.,-1.,0.));
#13128=DIRECTION('',(0.425167883035641,0.,0.905114507250321));
#13129=DIRECTION('',(0.,-1.,0.));
#13130=DIRECTION('',(0.698277096256481,0.,0.715827560829853));
#13131=DIRECTION('',(0.,-1.,0.));
#13132=DIRECTION('',(0.409820324796588,0.,0.912166268496933));
#13133=DIRECTION('',(0.,-1.,0.));
#13134=DIRECTION('',(0.,-1.,0.));
#13135=DIRECTION('',(0.,-1.,0.));
#13136=DIRECTION('',(-0.071465389083177,0.,-0.997443080162066));
#13137=DIRECTION('',(0.,-1.,0.));
#13138=DIRECTION('',(0.409820324796588,0.,0.912166268496933));
#13139=DIRECTION('',(0.,-1.,0.));
#13140=DIRECTION('',(0.409820324796588,0.,0.912166268496933));
#13141=DIRECTION('',(0.,-1.,0.));
#13142=DIRECTION('',(0.686087540516818,0.,0.727518994080281));
#13143=DIRECTION('',(0.,-1.,0.));
#13144=DIRECTION('',(0.394355855113318,0.,0.918957811620231));
#13145=DIRECTION('',(0.,-1.,0.));
#13146=DIRECTION('',(0.,-1.,0.));
#13147=DIRECTION('',(0.,-1.,0.));
#13148=DIRECTION('',(-0.054608900475372,0.,-0.998507820694896));
#13149=DIRECTION('',(0.,-1.,0.));
#13150=DIRECTION('',(0.394355855113318,0.,0.918957811620231));
#13151=DIRECTION('',(0.,-1.,0.));
#13152=DIRECTION('',(0.394355855113318,0.,0.918957811620231));
#13153=DIRECTION('',(0.,-1.,0.));
#13154=DIRECTION('',(0.673702261235952,0.,0.739002884436566));
#13155=DIRECTION('',(0.,-1.,0.));
#13156=DIRECTION('',(0.378778885610576,0.,0.92548719916356));
#13157=DIRECTION('',(0.,-1.,0.));
#13158=DIRECTION('',(0.,-1.,0.));
#13159=DIRECTION('',(0.,-1.,0.));
#13160=DIRECTION('',(-0.0377368333206041,0.,-0.999287712028389));
#13161=DIRECTION('',(0.,-1.,0.));
#13162=DIRECTION('',(0.378778885610576,0.,0.92548719916356));
#13163=DIRECTION('',(0.,-1.,0.));
#13164=DIRECTION('',(0.378778885610576,0.,0.92548719916356));
#13165=DIRECTION('',(0.,-1.,0.));
#13166=DIRECTION('',(0.661124791622961,0.,0.750275955833249));
#13167=DIRECTION('',(0.,-1.,0.));
#13168=DIRECTION('',(0.363093860006475,0.,0.931752568456668));
#13169=DIRECTION('',(0.,-1.,0.));
#13170=DIRECTION('',(0.,-1.,0.));
#13171=DIRECTION('',(0.,-1.,0.));
#13172=DIRECTION('',(-0.0208540007945337,0.,-0.999782531679196));
#13173=DIRECTION('',(0.,-1.,0.));
#13174=DIRECTION('',(0.363093860006475,0.,0.931752568456668));
#13175=DIRECTION('',(0.,-1.,0.));
#13176=DIRECTION('',(0.363093860006475,0.,0.931752568456668));
#13177=DIRECTION('',(0.,-1.,0.));
#13178=DIRECTION('',(0.648358719714092,0.,0.761334992346144));
#13179=DIRECTION('',(0.,-1.,0.));
#13180=DIRECTION('',(0.347305252844821,0.,0.93775213214708));
#13181=DIRECTION('',(0.,-1.,0.));
#13182=DIRECTION('',(0.,-1.,0.));
#13183=DIRECTION('',(0.,-1.,0.));
#13184=DIRECTION('',(-0.00396521914638791,0.,-0.999992138487659));
#13185=DIRECTION('',(0.,-1.,0.));
#13186=DIRECTION('',(0.347305252844821,0.,0.93775213214708));
#13187=DIRECTION('',(0.,-1.,0.));
#13188=DIRECTION('',(0.347305252844821,0.,0.93775213214708));
#13189=DIRECTION('',(0.,-1.,0.));
#13190=DIRECTION('',(0.635407687348582,0.,0.772176839110269));
#13191=DIRECTION('',(0.,-1.,0.));
#13192=DIRECTION('',(0.331417568218636,0.,0.94348417870998));
#13193=DIRECTION('',(0.,-1.,0.));
#13194=DIRECTION('',(0.,-1.,0.));
#13195=DIRECTION('',(0.,-1.,0.));
#13196=DIRECTION('',(0.0129246936797627,0.,-0.999916472658234));
#13197=DIRECTION('',(0.,-1.,0.));
#13198=DIRECTION('',(0.331417568218636,0.,0.94348417870998));
#13199=DIRECTION('',(0.,-1.,0.));
#13200=DIRECTION('',(0.331417568218636,0.,0.94348417870998));
#13201=DIRECTION('',(0.,-1.,0.));
#13202=DIRECTION('',(0.62227538913132,0.,0.78279840321852));
#13203=DIRECTION('',(0.,-1.,0.));
#13204=DIRECTION('',(0.315435338485256,0.,0.948947072936469));
#13205=DIRECTION('',(0.,-1.,0.));
#13206=DIRECTION('',(0.,-1.,0.));
#13207=DIRECTION('',(0.,-1.,0.));
#13208=DIRECTION('',(0.0298109194140059,0.,-0.999555555776512));
#13209=DIRECTION('',(0.,-1.,0.));
#13210=DIRECTION('',(0.315435338485256,0.,0.948947072936469));
#13211=DIRECTION('',(0.,-1.,0.));
#13212=DIRECTION('',(0.315435338485256,0.,0.948947072936469));
#13213=DIRECTION('',(0.,-1.,0.));
#13214=DIRECTION('',(0.608965571376525,0.,0.793196654605945));
#13215=DIRECTION('',(0.,-1.,0.));
#13216=DIRECTION('',(0.299363122973358,0.,0.954139256400049));
#13217=DIRECTION('',(0.,-1.,0.));
#13218=DIRECTION('',(0.,-1.,0.));
#13219=DIRECTION('',(0.,-1.,0.));
#13220=DIRECTION('',(0.0466886408438133,0.,-0.998909490802924));
#13221=DIRECTION('',(0.,-1.,0.));
#13222=DIRECTION('',(0.299363122973358,0.,0.954139256400049));
#13223=DIRECTION('',(0.,-1.,0.));
#13224=DIRECTION('',(0.299363122973358,0.,0.954139256400049));
#13225=DIRECTION('',(0.,-1.,0.));
#13226=DIRECTION('',(0.595482031041015,0.,0.803368626912495));
#13227=DIRECTION('',(0.,-1.,0.));
#13228=DIRECTION('',(0.283205506682304,0.,0.959059247901202));
#13229=DIRECTION('',(0.,-1.,0.));
#13230=DIRECTION('',(0.,-1.,0.));
#13231=DIRECTION('',(0.,-1.,0.));
#13232=DIRECTION('',(0.0635530431763549,0.,-0.997978462043658));
#13233=DIRECTION('',(0.,-1.,0.));
#13234=DIRECTION('',(0.283205506682304,0.,0.959059247901202));
#13235=DIRECTION('',(0.,-1.,0.));
#13236=DIRECTION('',(0.283205506682304,0.,0.959059247901202));
#13237=DIRECTION('',(0.,-1.,0.));
#13238=DIRECTION('',(0.581828614640403,0.,0.813311418329799));
#13239=DIRECTION('',(0.,-1.,0.));
#13240=DIRECTION('',(0.266967098974151,0.,0.963705643889941));
#13241=DIRECTION('',(0.,-1.,0.));
#13242=DIRECTION('',(0.,-1.,0.));
#13243=DIRECTION('',(0.,-1.,0.));
#13244=DIRECTION('',(0.0803993154195639,0.,-0.99676273509801));
#13245=DIRECTION('',(0.,-1.,0.));
#13246=DIRECTION('',(0.266967098974151,0.,0.963705643889941));
#13247=DIRECTION('',(0.,-1.,0.));
#13248=DIRECTION('',(0.266967098974151,0.,0.963705643889941));
#13249=DIRECTION('',(0.,-1.,0.));
#13250=DIRECTION('',(0.568009217151136,0.,0.823022192429435));
#13251=DIRECTION('',(0.,-1.,0.));
#13252=DIRECTION('',(0.25065253225872,0.,0.968077118866204));
#13253=DIRECTION('',(0.,-1.,0.));
#13254=DIRECTION('',(0.,-1.,0.));
#13255=DIRECTION('',(0.,-1.,0.));
#13256=DIRECTION('',(0.0972226517624692,0.,-0.995262656781753));
#13257=DIRECTION('',(0.,-1.,0.));
#13258=DIRECTION('',(0.25065253225872,0.,0.968077118866204));
#13259=DIRECTION('',(0.,-1.,0.));
#13260=DIRECTION('',(0.25065253225872,0.,0.968077118866204));
#13261=DIRECTION('',(0.,-1.,0.));
#13262=DIRECTION('',(0.554027780900277,0.,0.83249817897141));
#13263=DIRECTION('',(0.,-1.,0.));
#13264=DIRECTION('',(0.234266460672083,0.,0.972172425757991));
#13265=DIRECTION('',(0.,-1.,0.));
#13266=DIRECTION('',(0.,-1.,0.));
#13267=DIRECTION('',(0.,-1.,0.));
#13268=DIRECTION('',(0.114018252922372,0.,-0.993478655030157));
#13269=DIRECTION('',(0.,-1.,0.));
#13270=DIRECTION('',(0.234266460672083,0.,0.972172425757991));
#13271=DIRECTION('',(0.,-1.,0.));
#13272=DIRECTION('',(0.234266460672083,0.,0.972172425757991));
#13273=DIRECTION('',(0.,-1.,0.));
#13274=DIRECTION('',(0.539888294440234,0.,0.841736674694893));
#13275=DIRECTION('',(0.,-1.,0.));
#13276=DIRECTION('',(0.217813558748852,0.,0.975990396277115));
#13277=DIRECTION('',(0.,-1.,0.));
#13278=DIRECTION('',(0.,-1.,0.));
#13279=DIRECTION('',(0.,-1.,0.));
#13280=DIRECTION('',(0.130781327539248,0.,-0.991411238773836));
#13281=DIRECTION('',(0.,-1.,0.));
#13282=DIRECTION('',(0.217813558748852,0.,0.975990396277115));
#13283=DIRECTION('',(0.,-1.,0.));
#13284=DIRECTION('',(0.217813558748852,0.,0.975990396277115));
#13285=DIRECTION('',(0.,-1.,0.));
#13286=DIRECTION('',(0.525594791411756,0.,0.850735044088835));
#13287=DIRECTION('',(0.,-1.,0.));
#13288=DIRECTION('',(0.201298520088661,0.,0.979529941252494));
#13289=DIRECTION('',(0.,-1.,0.));
#13290=DIRECTION('',(0.,-1.,0.));
#13291=DIRECTION('',(0.,-1.,0.));
#13292=DIRECTION('',(0.147507093528029,0.,-0.989060997794834));
#13293=DIRECTION('',(0.,-1.,0.));
#13294=DIRECTION('',(0.201298520088661,0.,0.979529941252494));
#13295=DIRECTION('',(0.,-1.,0.));
#13296=DIRECTION('',(0.201298520088661,0.,0.979529941252494));
#13297=DIRECTION('',(0.,-1.,0.));
#13298=DIRECTION('',(0.511151349391685,0.,0.859490720144819));
#13299=DIRECTION('',(0.,-1.,0.));
#13300=DIRECTION('',(0.184726056017189,0.,0.982790050940858));
#13301=DIRECTION('',(0.,-1.,0.));
#13302=DIRECTION('',(0.,-1.,0.));
#13303=DIRECTION('',(0.,-1.,0.));
#13304=DIRECTION('',(0.164190779448919,0.,-0.98642860255771));
#13305=DIRECTION('',(0.,-1.,0.));
#13306=DIRECTION('',(0.184726056017189,0.,0.982790050940858));
#13307=DIRECTION('',(0.,-1.,0.));
#13308=DIRECTION('',(0.184726056017189,0.,0.982790050940858));
#13309=DIRECTION('',(0.,-1.,0.));
#13310=DIRECTION('',(0.496562088731643,0.,0.868001205088143));
#13311=DIRECTION('',(0.,-1.,0.));
#13312=DIRECTION('',(0.168100894242148,0.,0.985769795314804));
#13313=DIRECTION('',(0.,-1.,0.));
#13314=DIRECTION('',(0.,-1.,0.));
#13315=DIRECTION('',(0.,-1.,0.));
#13316=DIRECTION('',(0.180827625864228,0.,-0.983514804018886));
#13317=DIRECTION('',(0.,-1.,0.));
#13318=DIRECTION('',(0.168100894242148,0.,0.985769795314804));
#13319=DIRECTION('',(0.,-1.,0.));
#13320=DIRECTION('',(0.168100894242148,0.,0.985769795314804));
#13321=DIRECTION('',(0.,-1.,0.));
#13322=DIRECTION('',(0.481831171381099,0.,0.876264071091311));
#13323=DIRECTION('',(0.,-1.,0.));
#13324=DIRECTION('',(0.151427777504577,0.,0.988468324328111));
#13325=DIRECTION('',(0.,-1.,0.));
#13326=DIRECTION('',(0.,-1.,0.));
#13327=DIRECTION('',(0.,-1.,0.));
#13328=DIRECTION('',(0.197412886700556,0.,-0.980320433411726));
#13329=DIRECTION('',(0.,-1.,0.));
#13330=DIRECTION('',(0.151427777504577,0.,0.988468324328111));
#13331=DIRECTION('',(0.,-1.,0.));
#13332=DIRECTION('',(0.151427777504577,0.,0.988468324328111));
#13333=DIRECTION('',(0.,-1.,0.));
#13334=DIRECTION('',(0.466962799700412,0.,0.884276960966389));
#13335=DIRECTION('',(0.,-1.,0.));
#13336=DIRECTION('',(0.134711462225861,0.,0.990884868158239));
#13337=DIRECTION('',(0.,-1.,0.));
#13338=DIRECTION('',(0.,-1.,0.));
#13339=DIRECTION('',(0.,-1.,0.));
#13340=DIRECTION('',(0.213941830599266,0.,-0.976846402009976));
#13341=DIRECTION('',(0.,-1.,0.));
#13342=DIRECTION('',(0.134711462225861,0.,0.990884868158239));
#13343=DIRECTION('',(0.,-1.,0.));
#13344=DIRECTION('',(0.134711462225861,0.,0.990884868158239));
#13345=DIRECTION('',(0.,-1.,0.));
#13346=DIRECTION('',(0.451961215263109,0.,0.892037588836868));
#13347=DIRECTION('',(0.,-1.,0.));
#13348=DIRECTION('',(0.117956717150846,0.,0.993018737425934));
#13349=DIRECTION('',(0.,-1.,0.));
#13350=DIRECTION('',(0.,-1.,0.));
#13351=DIRECTION('',(0.,-1.,0.));
#13352=DIRECTION('',(0.230409742267695,0.,-0.973093700867565));
#13353=DIRECTION('',(0.,-1.,0.));
#13354=DIRECTION('',(0.117956717150846,0.,0.993018737425934));
#13355=DIRECTION('',(0.,-1.,0.));
#13356=DIRECTION('',(0.117956717150846,0.,0.993018737425934));
#13357=DIRECTION('',(0.,-1.,0.));
#13358=DIRECTION('',(0.,0.,-1.));
#13359=DIRECTION('',(0.,-1.,0.));
#13360=DIRECTION('',(0.,1.,0.));
#13361=DIRECTION('',(0.,0.,1.));
#13362=DIRECTION('',(0.,-1.,0.));
#13363=DIRECTION('',(-0.766044443118976,0.,-0.642787609686541));
#13364=DIRECTION('',(-0.642787609686541,0.,0.766044443118976));
#13365=DIRECTION('',(0.,-1.,0.));
#13366=DIRECTION('',(0.216439613938103,0.,-0.976296007119933));
#13367=DIRECTION('',(-0.976296007119933,0.,-0.216439613938103));
#13368=DIRECTION('',(0.,1.,0.));
#13369=DIRECTION('',(0.,-1.,0.));
#13370=DIRECTION('',(0.,0.,-1.));
#13371=DIRECTION('',(0.,1.,0.));
#13372=DIRECTION('',(0.,0.,1.));
#13373=DIRECTION('',(0.,-1.,0.));
#13374=DIRECTION('',(0.,0.,-1.));
#13375=DIRECTION('',(0.,1.,0.));
#13376=DIRECTION('',(0.,0.,1.));
#13377=DIRECTION('',(0.,-1.,0.));
#13378=DIRECTION('',(0.,0.,-1.));
#13379=DIRECTION('',(0.,1.,0.));
#13380=DIRECTION('',(0.,0.,1.));
#13381=DIRECTION('',(0.,-1.,0.));
#13382=DIRECTION('',(0.,0.,-1.));
#13383=DIRECTION('',(0.,1.,0.));
#13384=DIRECTION('',(0.,0.,1.));
#13385=DIRECTION('',(0.,1.,0.));
#13386=DIRECTION('',(0.,0.,1.));
#13387=DIRECTION('',(0.,-1.,0.));
#13388=DIRECTION('',(0.,1.,0.));
#13389=DIRECTION('',(0.,-1.,0.));
#13390=DIRECTION('',(0.,0.,-1.));
#13391=DIRECTION('',(0.,1.,0.));
#13392=DIRECTION('',(0.,0.,1.));
#13393=DIRECTION('',(0.,-1.,0.));
#13394=DIRECTION('',(0.,-1.,0.));
#13395=DIRECTION('',(0.,1.,0.));
#13396=DIRECTION('',(-1.,0.,0.));
#13397=DIRECTION('',(0.,1.,0.));
#13398=DIRECTION('',(0.,0.,1.));
#13399=DIRECTION('',(0.,1.,0.));
#13400=DIRECTION('',(0.,0.,1.));
#13401=DIRECTION('',(0.,1.,0.));
#13402=DIRECTION('',(0.,0.,1.));
#13403=DIRECTION('',(0.,1.,0.));
#13404=DIRECTION('',(0.,0.,1.));
#13405=DIRECTION('',(0.,1.,0.));
#13406=DIRECTION('',(0.,0.,1.));
#13407=DIRECTION('',(0.,-1.,0.));
#13408=DIRECTION('',(0.,0.,-1.));
#13409=DIRECTION('',(0.,-1.,0.));
#13410=DIRECTION('',(0.,1.,0.));
#13411=DIRECTION('',(0.,-1.,0.));
#13412=DIRECTION('',(0.,0.,-1.));
#13413=DIRECTION('',(0.,-1.,0.));
#13414=DIRECTION('',(0.,1.,0.));
#13415=DIRECTION('',(0.,1.,0.));
#13416=DIRECTION('',(0.,0.,1.));
#13417=DIRECTION('',(0.,1.,0.));
#13418=DIRECTION('',(0.,0.,1.));
#13419=DIRECTION('',(0.,-1.,0.));
#13420=DIRECTION('',(0.,0.,-1.));
#13421=DIRECTION('',(0.,-1.,0.));
#13422=DIRECTION('',(0.,0.,-1.));
#13423=DIRECTION('',(0.,-1.,0.));
#13424=DIRECTION('',(0.,0.,-1.));
#13425=DIRECTION('',(2.08166817117217E-17,2.10071902006042E-32,1.));
#13426=DIRECTION('',(-1.,1.22168669720282E-28,2.08166817117217E-17));
#13427=DIRECTION('',(0.,-1.,0.));
#13428=DIRECTION('',(1.,0.,0.));
#13429=DIRECTION('',(0.,-1.,0.));
#13430=DIRECTION('',(0.,0.,-1.));
#13431=DIRECTION('',(-0.948430886681395,0.,0.31698399516181));
#13432=DIRECTION('',(0.,-1.,0.));
#13433=DIRECTION('',(0.,0.,-1.));
#13434=DIRECTION('',(0.993908692911945,0.,0.110206670188644));
#13435=DIRECTION('',(0.,-1.,0.));
#13436=DIRECTION('',(0.,0.,-1.));
#13437=DIRECTION('',(-0.965748471473406,0.,-0.259480037472596));
#13438=DIRECTION('',(0.,-1.,0.));
#13439=DIRECTION('',(0.,0.,-1.));
#13440=DIRECTION('',(0.990831080728493,0.,0.135106511547025));
#13441=DIRECTION('',(0.,-1.,0.));
#13442=DIRECTION('',(0.,0.,-1.));
#13443=DIRECTION('',(-0.329922493822639,0.,-0.944008023307986));
#13444=DIRECTION('',(0.,-1.,0.));
#13445=DIRECTION('',(0.,0.,-1.));
#13446=DIRECTION('',(-0.708315282379132,0.,0.705896211031176));
#13447=DIRECTION('',(0.,-1.,0.));
#13448=DIRECTION('',(0.,0.,-1.));
#13449=DIRECTION('',(0.708315282379132,0.,-0.705896211031176));
#13450=DIRECTION('',(0.,-1.,0.));
#13451=DIRECTION('',(0.,0.,-1.));
#13452=DIRECTION('',(0.999573845872007,0.,0.029191208413574));
#13453=DIRECTION('',(0.,-1.,0.));
#13454=DIRECTION('',(0.,0.,-1.));
#13455=DIRECTION('',(0.,-1.,0.));
#13456=DIRECTION('',(0.,0.,-1.));
#13457=DIRECTION('',(1.,0.,0.));
#13458=DIRECTION('',(0.,-1.,0.));
#13459=DIRECTION('',(0.,0.,-1.));
#13460=DIRECTION('',(-0.708315282379132,0.,0.705896211031176));
#13461=DIRECTION('',(0.,-1.,0.));
#13462=DIRECTION('',(0.,0.,-1.));
#13463=DIRECTION('',(0.965748471473406,0.,0.259480037472597));
#13464=DIRECTION('',(0.,-1.,0.));
#13465=DIRECTION('',(0.,0.,-1.));
#13466=DIRECTION('',(0.948430886681396,0.,-0.31698399516181));
#13467=DIRECTION('',(0.,-1.,0.));
#13468=DIRECTION('',(0.,0.,-1.));
#13469=DIRECTION('',(0.999573845872007,0.,0.029191208413574));
#13470=DIRECTION('',(0.,-1.,0.));
#13471=DIRECTION('',(0.,0.,-1.));
#13472=DIRECTION('',(1.,0.,0.));
#13473=DIRECTION('',(0.,-1.,0.));
#13474=DIRECTION('',(0.,0.,-1.));
#13475=DIRECTION('',(0.,-1.,0.));
#13476=DIRECTION('',(0.,0.,-1.));
#13477=DIRECTION('',(0.,-1.,0.));
#13478=DIRECTION('',(0.,0.,-1.));
#13479=DIRECTION('',(-0.507759197020808,0.,0.861499041114258));
#13480=DIRECTION('',(0.,-1.,0.));
#13481=DIRECTION('',(0.,0.,-1.));
#13482=DIRECTION('',(0.,-1.,0.));
#13483=DIRECTION('',(0.,0.,-1.));
#13484=DIRECTION('',(0.999573845872007,0.,0.029191208413574));
#13485=DIRECTION('',(0.,-1.,0.));
#13486=DIRECTION('',(0.,0.,-1.));
#13487=DIRECTION('',(0.,1.,0.));
#13488=DIRECTION('',(0.,0.,-1.));
#13489=DIRECTION('',(0.,-1.,0.));
#13490=DIRECTION('',(0.,0.,-1.));
#13491=DIRECTION('',(0.,-1.,0.));
#13492=DIRECTION('',(0.,0.,-1.));
#13493=DIRECTION('',(0.,-1.,0.));
#13494=DIRECTION('',(0.,0.,-1.));
#13495=DIRECTION('',(0.993908692911945,0.,0.110206670188644));
#13496=DIRECTION('',(0.,-1.,0.));
#13497=DIRECTION('',(0.,0.,-1.));
#13498=DIRECTION('',(0.970803054076935,0.,-0.239877948538201));
#13499=DIRECTION('',(0.,-1.,0.));
#13500=DIRECTION('',(0.,0.,-1.));
#13501=DIRECTION('',(0.89653339596353,0.,0.442976150511628));
#13502=DIRECTION('',(0.,-1.,0.));
#13503=DIRECTION('',(0.,0.,-1.));
#13504=DIRECTION('',(0.999573845872007,0.,0.0291912084135745));
#13505=DIRECTION('',(0.,-1.,0.));
#13506=DIRECTION('',(0.,0.,-1.));
#13507=DIRECTION('',(0.,1.,0.));
#13508=DIRECTION('',(0.,0.,-1.));
#13509=DIRECTION('',(0.,-1.,0.));
#13510=DIRECTION('',(0.,0.,-1.));
#13511=DIRECTION('',(0.,1.,0.));
#13512=DIRECTION('',(0.,0.,-1.));
#13513=DIRECTION('',(0.,-1.,0.));
#13514=DIRECTION('',(0.,0.,-1.));
#13515=DIRECTION('',(0.,-1.,0.));
#13516=DIRECTION('',(0.,0.,-1.));
#13517=DIRECTION('',(0.,-1.,0.));
#13518=DIRECTION('',(0.,0.,-1.));
#13519=DIRECTION('',(0.,-1.,0.));
#13520=DIRECTION('',(0.,0.,-1.));
#13521=DIRECTION('',(0.,-1.,0.));
#13522=DIRECTION('',(0.,0.,-1.));
#13523=DIRECTION('',(0.,-1.,0.));
#13524=DIRECTION('',(0.,0.,-1.));
#13525=DIRECTION('',(0.,-1.,0.));
#13526=DIRECTION('',(0.,0.,-1.));
#13527=DIRECTION('',(0.,-1.,0.));
#13528=DIRECTION('',(0.,0.,-1.));
#13529=DIRECTION('',(0.990831080728493,0.,0.135106511547025));
#13530=DIRECTION('',(0.,-1.,0.));
#13531=DIRECTION('',(0.,0.,-1.));
#13532=DIRECTION('',(-0.634331366479118,0.,-0.773061263743525));
#13533=DIRECTION('',(0.,-1.,0.));
#13534=DIRECTION('',(0.,0.,-1.));
#13535=DIRECTION('',(0.,-1.,0.));
#13536=DIRECTION('',(0.,0.,-1.));
#13537=DIRECTION('',(0.,-1.,0.));
#13538=DIRECTION('',(0.,0.,-1.));
#13539=DIRECTION('',(0.,-1.,0.));
#13540=DIRECTION('',(0.,0.,-1.));
#13541=DIRECTION('',(0.,-1.,0.));
#13542=DIRECTION('',(0.,0.,-1.));
#13543=DIRECTION('',(-0.948430886681395,0.,0.31698399516181));
#13544=DIRECTION('',(0.,-1.,0.));
#13545=DIRECTION('',(0.,0.,-1.));
#13546=DIRECTION('',(0.965748471473406,0.,0.259480037472597));
#13547=DIRECTION('',(0.,-1.,0.));
#13548=DIRECTION('',(0.,0.,-1.));
#13549=DIRECTION('',(0.,-1.,0.));
#13550=DIRECTION('',(0.,0.,-1.));
#13551=DIRECTION('',(0.,-1.,0.));
#13552=DIRECTION('',(0.,0.,-1.));
#13553=DIRECTION('',(0.,-1.,0.));
#13554=DIRECTION('',(0.,0.,-1.));
#13555=DIRECTION('',(0.,-1.,0.));
#13556=DIRECTION('',(0.,0.,-1.));
#13557=DIRECTION('',(-1.,0.,0.));
#13558=DIRECTION('',(0.,-1.,0.));
#13559=DIRECTION('',(0.,0.,-1.));
#13560=DIRECTION('',(0.,-1.,0.));
#13561=DIRECTION('',(0.,0.,-1.));
#13562=DIRECTION('',(0.,-1.,0.));
#13563=DIRECTION('',(0.,0.,-1.));
#13564=DIRECTION('',(0.,0.,1.));
#13565=DIRECTION('',(0.,-1.,0.));
#13566=DIRECTION('',(0.,0.,-1.));
#13567=DIRECTION('',(0.990831080728493,0.,0.135106511547025));
#13568=DIRECTION('',(0.,-1.,0.));
#13569=DIRECTION('',(0.,0.,-1.));
#13570=DIRECTION('',(0.708315282379132,0.,-0.705896211031176));
#13571=DIRECTION('',(0.,-1.,0.));
#13572=DIRECTION('',(0.,0.,-1.));
#13573=DIRECTION('',(-0.965748471473406,0.,-0.259480037472596));
#13574=DIRECTION('',(0.,-1.,0.));
#13575=DIRECTION('',(0.,0.,-1.));
#13576=DIRECTION('',(0.329922493822639,0.,0.944008023307986));
#13577=DIRECTION('',(0.,-1.,0.));
#13578=DIRECTION('',(0.,0.,-1.));
#13579=DIRECTION('',(0.,-1.,0.));
#13580=DIRECTION('',(0.,0.,-1.));
#13581=DIRECTION('',(0.993908692911945,0.,0.110206670188644));
#13582=DIRECTION('',(0.,-1.,0.));
#13583=DIRECTION('',(0.,0.,-1.));
#13584=DIRECTION('',(0.948430886681396,0.,-0.31698399516181));
#13585=DIRECTION('',(0.,-1.,0.));
#13586=DIRECTION('',(0.,0.,-1.));
#13587=DIRECTION('',(0.990831080728493,0.,0.135106511547025));
#13588=DIRECTION('',(0.,-1.,0.));
#13589=DIRECTION('',(0.,0.,-1.));
#13590=DIRECTION('',(0.,0.,-1.));
#13591=DIRECTION('',(0.,-1.,0.));
#13592=DIRECTION('',(0.,0.,-1.));
#13593=DIRECTION('',(0.,-1.,0.));
#13594=DIRECTION('',(0.,0.,-1.));
#13595=DIRECTION('',(0.,-1.,0.));
#13596=DIRECTION('',(0.,0.,-1.));
#13597=DIRECTION('',(-1.,0.,0.));
#13598=DIRECTION('',(0.,-1.,0.));
#13599=DIRECTION('',(0.,0.,-1.));
#13600=DIRECTION('',(0.,-1.,0.));
#13601=DIRECTION('',(0.,0.,-1.));
#13602=DIRECTION('',(0.,-1.,0.));
#13603=DIRECTION('',(0.,0.,-1.));
#13604=DIRECTION('',(0.634331366479118,0.,0.773061263743525));
#13605=DIRECTION('',(0.,-1.,0.));
#13606=DIRECTION('',(1.,0.,0.));
#13607=DIRECTION('',(0.708315282379132,0.,-0.705896211031176));
#13608=DIRECTION('',(0.,-1.,0.));
#13609=DIRECTION('',(0.,0.,-1.));
#13610=DIRECTION('',(0.990831080728493,0.,0.135106511547025));
#13611=DIRECTION('',(0.,-1.,0.));
#13612=DIRECTION('',(0.,0.,-1.));
#13613=DIRECTION('',(0.,0.,1.));
#13614=DIRECTION('',(0.,-1.,0.));
#13615=DIRECTION('',(0.,0.,-1.));
#13616=DIRECTION('',(0.,-1.,0.));
#13617=DIRECTION('',(0.,0.,-1.));
#13618=DIRECTION('',(0.,-1.,0.));
#13619=DIRECTION('',(0.,0.,-1.));
#13620=DIRECTION('',(-1.,0.,0.));
#13621=DIRECTION('',(0.,-1.,0.));
#13622=DIRECTION('',(0.,0.,-1.));
#13623=DIRECTION('',(0.990831080728493,0.,0.135106511547025));
#13624=DIRECTION('',(0.,-1.,0.));
#13625=DIRECTION('',(0.,0.,-1.));
#13626=DIRECTION('',(0.,-1.,0.));
#13627=DIRECTION('',(0.,0.,-1.));
#13628=DIRECTION('',(0.,-1.,0.));
#13629=DIRECTION('',(0.,0.,-1.));
#13630=DIRECTION('',(-0.634331366479118,0.,-0.773061263743525));
#13631=DIRECTION('',(0.,-1.,0.));
#13632=DIRECTION('',(0.,0.,-1.));
#13633=DIRECTION('',(0.708315282379132,0.,-0.705896211031176));
#13634=DIRECTION('',(0.,-1.,0.));
#13635=DIRECTION('',(0.,0.,-1.));
#13636=DIRECTION('',(1.,0.,0.));
#13637=DIRECTION('',(0.,-1.,0.));
#13638=DIRECTION('',(0.,0.,-1.));
#13639=DIRECTION('',(0.,-1.,0.));
#13640=DIRECTION('',(0.,0.,-1.));
#13641=DIRECTION('',(0.999573845872007,0.,0.029191208413574));
#13642=DIRECTION('',(0.,-1.,0.));
#13643=DIRECTION('',(0.,0.,-1.));
#13644=DIRECTION('',(0.965748471473406,0.,0.259480037472597));
#13645=DIRECTION('',(0.,-1.,0.));
#13646=DIRECTION('',(0.,0.,-1.));
#13647=DIRECTION('',(-0.708315282379132,0.,0.705896211031176));
#13648=DIRECTION('',(0.,-1.,0.));
#13649=DIRECTION('',(0.,0.,-1.));
#13650=DIRECTION('',(0.999573845872007,0.,0.029191208413574));
#13651=DIRECTION('',(0.,-1.,0.));
#13652=DIRECTION('',(0.,0.,-1.));
#13653=DIRECTION('',(0.948430886681396,0.,-0.31698399516181));
#13654=DIRECTION('',(0.,-1.,0.));
#13655=DIRECTION('',(0.,0.,-1.));
#13656=DIRECTION('',(0.,-1.,0.));
#13657=DIRECTION('',(0.,0.,-1.));
#13658=DIRECTION('',(0.,-1.,0.));
#13659=DIRECTION('',(0.,0.,-1.));
#13660=DIRECTION('',(1.,0.,0.));
#13661=DIRECTION('',(0.,-1.,0.));
#13662=DIRECTION('',(0.,0.,-1.));
#13663=DIRECTION('',(0.,-1.,0.));
#13664=DIRECTION('',(0.,0.,-1.));
#13665=DIRECTION('',(0.,-1.,0.));
#13666=DIRECTION('',(0.,0.,-1.));
#13667=DIRECTION('',(-0.507759197020808,0.,0.861499041114258));
#13668=DIRECTION('',(0.,-1.,0.));
#13669=DIRECTION('',(0.,0.,-1.));
#13670=DIRECTION('',(0.,1.,0.));
#13671=DIRECTION('',(0.,0.,-1.));
#13672=DIRECTION('',(0.,-1.,0.));
#13673=DIRECTION('',(0.,0.,-1.));
#13674=DIRECTION('',(0.999573845872007,0.,0.029191208413574));
#13675=DIRECTION('',(0.,-1.,0.));
#13676=DIRECTION('',(0.,0.,-1.));
#13677=DIRECTION('',(0.,1.,0.));
#13678=DIRECTION('',(0.,0.,-1.));
#13679=DIRECTION('',(0.,-1.,0.));
#13680=DIRECTION('',(0.,0.,-1.));
#13681=DIRECTION('',(0.,1.,0.));
#13682=DIRECTION('',(0.,0.,-1.));
#13683=DIRECTION('',(0.,-1.,0.));
#13684=DIRECTION('',(0.,0.,-1.));
#13685=DIRECTION('',(0.999573845872007,0.,0.0291912084135745));
#13686=DIRECTION('',(0.,-1.,0.));
#13687=DIRECTION('',(0.,0.,-1.));
#13688=DIRECTION('',(0.89653339596353,0.,0.442976150511628));
#13689=DIRECTION('',(0.,-1.,0.));
#13690=DIRECTION('',(0.,0.,-1.));
#13691=DIRECTION('',(0.970803054076935,0.,-0.239877948538201));
#13692=DIRECTION('',(0.,-1.,0.));
#13693=DIRECTION('',(0.,0.,-1.));
#13694=DIRECTION('',(0.993908692911945,0.,0.110206670188644));
#13695=DIRECTION('',(0.,-1.,0.));
#13696=DIRECTION('',(0.,0.,-1.));
#13697=DIRECTION('',(0.,-1.,0.));
#13698=DIRECTION('',(0.,0.,-1.));
#13699=DIRECTION('',(0.,-1.,0.));
#13700=DIRECTION('',(0.,0.,-1.));
#13701=DIRECTION('',(0.,-1.,0.));
#13702=DIRECTION('',(0.,0.,-1.));
#13703=DIRECTION('',(0.,-1.,0.));
#13704=DIRECTION('',(0.,0.,-1.));
#13705=DIRECTION('',(0.,-1.,0.));
#13706=DIRECTION('',(0.,0.,-1.));
#13707=DIRECTION('',(0.,-1.,0.));
#13708=DIRECTION('',(0.,0.,-1.));
#13709=DIRECTION('',(0.,-1.,0.));
#13710=DIRECTION('',(0.,0.,-1.));
#13711=DIRECTION('',(0.,-1.,0.));
#13712=DIRECTION('',(0.,0.,-1.));
#13713=DIRECTION('',(0.990831080728493,0.,0.135106511547025));
#13714=DIRECTION('',(0.,-1.,0.));
#13715=DIRECTION('',(0.,0.,-1.));
#13716=DIRECTION('',(-0.708315282379132,0.,0.705896211031176));
#13717=DIRECTION('',(0.,-1.,0.));
#13718=DIRECTION('',(0.,0.,-1.));
#13719=DIRECTION('',(-0.329922493822639,0.,-0.944008023307986));
#13720=DIRECTION('',(0.,-1.,0.));
#13721=DIRECTION('',(0.,0.,-1.));
#13722=DIRECTION('',(-0.948430886681395,0.,0.31698399516181));
#13723=DIRECTION('',(0.,-1.,0.));
#13724=DIRECTION('',(0.,0.,-1.));
#13725=DIRECTION('',(0.,-1.,0.));
#13726=DIRECTION('',(0.,0.,-1.));
#13727=DIRECTION('',(0.,-1.,0.));
#13728=DIRECTION('',(0.,0.,-1.));
#13729=DIRECTION('',(0.,-1.,0.));
#13730=DIRECTION('',(0.,0.,-1.));
#13731=DIRECTION('',(0.,-1.,0.));
#13732=DIRECTION('',(0.,0.,-1.));
#13733=DIRECTION('',(0.,-1.,0.));
#13734=DIRECTION('',(0.,0.,-1.));
#13735=DIRECTION('',(0.,-1.,0.));
#13736=DIRECTION('',(0.,0.,-1.));
#13737=DIRECTION('',(0.965748471473406,0.,0.259480037472597));
#13738=DIRECTION('',(0.,-1.,0.));
#13739=DIRECTION('',(0.,0.,-1.));
#13740=DIRECTION('',(-0.965748471473406,0.,-0.259480037472596));
#13741=DIRECTION('',(0.,-1.,0.));
#13742=DIRECTION('',(0.,0.,-1.));
#13743=DIRECTION('',(0.948430886681396,0.,-0.31698399516181));
#13744=DIRECTION('',(0.,-1.,0.));
#13745=DIRECTION('',(0.,0.,-1.));
#13746=DIRECTION('',(0.993908692911945,0.,0.110206670188644));
#13747=DIRECTION('',(0.,-1.,0.));
#13748=DIRECTION('',(0.,0.,-1.));
#13749=DIRECTION('',(0.,-1.,0.));
#13750=DIRECTION('',(0.,0.,-1.));
#13751=DIRECTION('',(0.329922493822639,0.,0.944008023307986));
#13752=DIRECTION('',(0.,-1.,0.));
#13753=DIRECTION('',(0.,0.,-1.));
#13754=DIRECTION('',(0.,-1.,0.));
#13755=DIRECTION('',(0.,0.,-1.));
#13756=DIRECTION('',(0.,-1.,0.));
#13757=DIRECTION('',(0.,0.,-1.));
#13758=DIRECTION('',(0.,0.,-1.));
#13759=DIRECTION('',(0.,-1.,0.));
#13760=DIRECTION('',(0.,0.,-1.));
#13761=DIRECTION('',(0.990831080728493,0.,0.135106511547025));
#13762=DIRECTION('',(0.,-1.,0.));
#13763=DIRECTION('',(0.,0.,-1.));
#13764=DIRECTION('',(0.634331366479118,0.,0.773061263743525));
#13765=DIRECTION('',(0.,-1.,0.));
#13766=DIRECTION('',(0.,0.,-1.));
#13767=DIRECTION('',(0.,-1.,0.));
#13768=DIRECTION('',(0.,0.,-1.));
#13769=DIRECTION('',(0.,-1.,0.));
#13770=DIRECTION('',(0.,0.,-1.));
#13771=DIRECTION('',(-1.,0.,0.));
#13772=DIRECTION('',(0.,-1.,0.));
#13773=DIRECTION('',(0.,0.,-1.));
#13774=DIRECTION('',(-0.948430886681395,0.,0.31698399516181));
#13775=DIRECTION('',(0.,-1.,0.));
#13776=DIRECTION('',(0.,0.,-1.));
#13777=DIRECTION('',(-0.965748471473406,0.,-0.259480037472596));
#13778=DIRECTION('',(0.,-1.,0.));
#13779=DIRECTION('',(0.,0.,-1.));
#13780=DIRECTION('',(0.993908692911945,0.,0.110206670188644));
#13781=DIRECTION('',(0.,-1.,0.));
#13782=DIRECTION('',(0.,0.,-1.));
#13783=DIRECTION('',(-0.110206670188644,0.,0.993908692911945));
#13784=DIRECTION('',(0.993908692911945,0.,0.110206670188644));
#13785=DIRECTION('',(0.,1.,0.));
#13786=DIRECTION('',(0.,-1.,0.));
#13787=DIRECTION('',(0.239877948538201,0.,0.970803054076935));
#13788=DIRECTION('',(0.970803054076935,0.,-0.239877948538201));
#13789=DIRECTION('',(0.,1.,0.));
#13790=DIRECTION('',(0.,1.,0.));
#13791=DIRECTION('',(-0.442976150511628,0.,0.89653339596353));
#13792=DIRECTION('',(0.89653339596353,0.,0.442976150511628));
#13793=DIRECTION('',(0.,1.,0.));
#13794=DIRECTION('',(0.,1.,0.));
#13795=DIRECTION('',(0.,1.,0.));
#13796=DIRECTION('',(0.,0.,1.));
#13797=DIRECTION('',(0.,1.,0.));
#13798=DIRECTION('',(-0.0291912084135745,0.,0.999573845872007));
#13799=DIRECTION('',(0.999573845872007,0.,0.0291912084135745));
#13800=DIRECTION('',(0.,-1.,0.));
#13801=DIRECTION('',(0.,1.,0.));
#13802=DIRECTION('',(0.,0.,1.));
#13803=DIRECTION('',(0.,1.,0.));
#13804=DIRECTION('',(0.,1.,0.));
#13805=DIRECTION('',(0.,1.,0.));
#13806=DIRECTION('',(0.,0.,1.));
#13807=DIRECTION('',(0.,1.,0.));
#13808=DIRECTION('',(0.,1.,0.));
#13809=DIRECTION('',(0.,0.,1.));
#13810=DIRECTION('',(0.,1.,0.));
#13811=DIRECTION('',(-0.029191208413574,0.,0.999573845872007));
#13812=DIRECTION('',(0.999573845872007,0.,0.029191208413574));
#13813=DIRECTION('',(0.,-1.,0.));
#13814=DIRECTION('',(0.,1.,0.));
#13815=DIRECTION('',(0.,1.,0.));
#13816=DIRECTION('',(0.,0.,1.));
#13817=DIRECTION('',(0.,1.,0.));
#13818=DIRECTION('',(0.,1.,0.));
#13819=DIRECTION('',(0.,1.,0.));
#13820=DIRECTION('',(0.,0.,1.));
#13821=DIRECTION('',(0.,1.,0.));
#13822=DIRECTION('',(0.,1.,0.));
#13823=DIRECTION('',(0.,1.,0.));
#13824=DIRECTION('',(0.,0.,1.));
#13825=DIRECTION('',(0.,1.,0.));
#13826=DIRECTION('',(0.,0.,1.));
#13827=DIRECTION('',(0.,1.,0.));
#13828=DIRECTION('',(0.,0.,1.));
#13829=DIRECTION('',(0.,1.,0.));
#13830=DIRECTION('',(0.,0.,1.));
#13831=DIRECTION('',(0.,1.,0.));
#13832=DIRECTION('',(0.,0.,1.));
#13833=DIRECTION('',(0.,1.,0.));
#13834=DIRECTION('',(0.,0.,1.));
#13835=DIRECTION('',(0.,-1.,0.));
#13836=DIRECTION('',(0.,0.,-1.));
#13837=DIRECTION('',(0.,1.,0.));
#13838=DIRECTION('',(0.,0.,1.));
#13839=DIRECTION('',(0.,1.,0.));
#13840=DIRECTION('',(0.,0.,1.));
#13841=DIRECTION('',(0.,-1.,0.));
#13842=DIRECTION('',(0.,0.,-1.));
#13843=DIRECTION('',(0.,-1.,0.));
#13844=DIRECTION('',(0.,0.,-1.));
#13845=DIRECTION('',(0.,1.,0.));
#13846=DIRECTION('',(0.,0.,1.));
#13847=DIRECTION('',(0.,1.,0.));
#13848=DIRECTION('',(0.,0.,1.));
#13849=DIRECTION('',(0.,-1.,0.));
#13850=DIRECTION('',(0.,0.,-1.));
#13851=DIRECTION('',(0.,-1.,0.));
#13852=DIRECTION('',(0.,-1.,0.));
#13853=DIRECTION('',(0.,-1.,0.));
#13854=DIRECTION('',(0.,0.,-1.));
#13855=DIRECTION('',(0.,-1.,0.));
#13856=DIRECTION('',(0.,-1.,0.));
#13857=DIRECTION('',(0.,0.,-1.));
#13858=DIRECTION('',(-1.,0.,0.));
#13859=DIRECTION('',(0.,-1.,0.));
#13860=DIRECTION('',(0.,-1.,0.));
#13861=DIRECTION('',(0.861499041114258,0.,0.507759197020808));
#13862=DIRECTION('',(0.507759197020808,0.,-0.861499041114258));
#13863=DIRECTION('',(0.,-1.,0.));
#13864=DIRECTION('',(0.,-1.,0.));
#13865=DIRECTION('',(0.,-1.,0.));
#13866=DIRECTION('',(0.,0.,-1.));
#13867=DIRECTION('',(0.,-1.,0.));
#13868=DIRECTION('',(0.,0.,-1.));
#13869=DIRECTION('',(0.,-1.,0.));
#13870=DIRECTION('',(0.,0.,-1.));
#13871=DIRECTION('',(0.,-1.,0.));
#13872=DIRECTION('',(0.,0.,-1.));
#13873=DIRECTION('',(0.029191208413574,0.,-0.999573845872007));
#13874=DIRECTION('',(-0.999573845872007,0.,-0.029191208413574));
#13875=DIRECTION('',(0.,1.,0.));
#13876=DIRECTION('',(0.,-1.,0.));
#13877=DIRECTION('',(-0.31698399516181,0.,-0.948430886681396));
#13878=DIRECTION('',(-0.948430886681396,0.,0.31698399516181));
#13879=DIRECTION('',(0.,-1.,0.));
#13880=DIRECTION('',(0.,-1.,0.));
#13881=DIRECTION('',(0.705896211031176,0.,0.708315282379132));
#13882=DIRECTION('',(0.708315282379132,0.,-0.705896211031176));
#13883=DIRECTION('',(0.,1.,0.));
#13884=DIRECTION('',(0.,1.,0.));
#13885=DIRECTION('',(0.259480037472597,0.,-0.965748471473406));
#13886=DIRECTION('',(-0.965748471473406,0.,-0.259480037472597));
#13887=DIRECTION('',(0.,-1.,0.));
#13888=DIRECTION('',(0.,1.,0.));
#13889=DIRECTION('',(0.,1.,0.));
#13890=DIRECTION('',(0.,0.,1.));
#13891=DIRECTION('',(0.,-1.,0.));
#13892=DIRECTION('',(0.,0.,-1.));
#13893=DIRECTION('',(0.,-1.,0.));
#13894=DIRECTION('',(0.,0.,-1.));
#13895=DIRECTION('',(0.,1.,0.));
#13896=DIRECTION('',(0.,0.,1.));
#13897=DIRECTION('',(0.029191208413574,0.,-0.999573845872007));
#13898=DIRECTION('',(-0.999573845872007,0.,-0.029191208413574));
#13899=DIRECTION('',(0.,-1.,0.));
#13900=DIRECTION('',(0.,-1.,0.));
#13901=DIRECTION('',(0.,-1.,0.));
#13902=DIRECTION('',(0.,0.,-1.));
#13903=DIRECTION('',(0.,-1.,0.));
#13904=DIRECTION('',(-0.705896211031176,0.,-0.708315282379132));
#13905=DIRECTION('',(-0.708315282379132,0.,0.705896211031176));
#13906=DIRECTION('',(0.,-1.,0.));
#13907=DIRECTION('',(0.,1.,0.));
#13908=DIRECTION('',(0.,0.,-1.));
#13909=DIRECTION('',(-1.,0.,0.));
#13910=DIRECTION('',(0.,1.,0.));
#13911=DIRECTION('',(0.,1.,0.));
#13912=DIRECTION('',(0.,1.,0.));
#13913=DIRECTION('',(0.,0.,1.));
#13914=DIRECTION('',(0.,1.,0.));
#13915=DIRECTION('',(0.,0.,1.));
#13916=DIRECTION('',(0.,-1.,0.));
#13917=DIRECTION('',(0.,0.,-1.));
#13918=DIRECTION('',(0.135106511547025,0.,-0.990831080728493));
#13919=DIRECTION('',(-0.990831080728493,0.,-0.135106511547025));
#13920=DIRECTION('',(0.,1.,0.));
#13921=DIRECTION('',(0.,-1.,0.));
#13922=DIRECTION('',(0.705896211031176,0.,0.708315282379132));
#13923=DIRECTION('',(0.708315282379132,0.,-0.705896211031176));
#13924=DIRECTION('',(0.,-1.,0.));
#13925=DIRECTION('',(0.,-1.,0.));
#13926=DIRECTION('',(-0.944008023307986,0.,0.329922493822639));
#13927=DIRECTION('',(0.329922493822639,0.,0.944008023307986));
#13928=DIRECTION('',(0.,-1.,0.));
#13929=DIRECTION('',(0.,1.,0.));
#13930=DIRECTION('',(0.,-1.,0.));
#13931=DIRECTION('',(0.,0.,-1.));
#13932=DIRECTION('',(0.,1.,0.));
#13933=DIRECTION('',(0.,0.,1.));
#13934=DIRECTION('',(0.,-1.,0.));
#13935=DIRECTION('',(0.,0.,-1.));
#13936=DIRECTION('',(0.,-1.,0.));
#13937=DIRECTION('',(0.,0.,-1.));
#13938=DIRECTION('',(0.,-1.,0.));
#13939=DIRECTION('',(0.,-1.,0.));
#13940=DIRECTION('',(0.135106511547025,0.,-0.990831080728493));
#13941=DIRECTION('',(-0.990831080728493,0.,-0.135106511547025));
#13942=DIRECTION('',(0.,1.,0.));
#13943=DIRECTION('',(0.,-1.,0.));
#13944=DIRECTION('',(-0.773061263743525,0.,0.634331366479118));
#13945=DIRECTION('',(0.634331366479118,0.,0.773061263743525));
#13946=DIRECTION('',(0.,-1.,0.));
#13947=DIRECTION('',(0.,1.,0.));
#13948=DIRECTION('',(0.,1.,0.));
#13949=DIRECTION('',(0.,0.,1.));
#13950=DIRECTION('',(0.,-1.,0.));
#13951=DIRECTION('',(0.,0.,-1.));
#13952=DIRECTION('',(0.,-1.,0.));
#13953=DIRECTION('',(0.,0.,-1.));
#13954=DIRECTION('',(0.,-1.,0.));
#13955=DIRECTION('',(0.,0.,-1.));
#13956=DIRECTION('',(0.,-1.,0.));
#13957=DIRECTION('',(0.,-1.,0.));
#13958=DIRECTION('',(0.,-1.,0.));
#13959=DIRECTION('',(0.,0.,-1.));
#13960=DIRECTION('',(0.,-1.,0.));
#13961=DIRECTION('',(0.,-1.,0.));
#13962=DIRECTION('',(0.,-1.,0.));
#13963=DIRECTION('',(0.,0.,-1.));
#13964=DIRECTION('',(0.,-1.,0.));
#13965=DIRECTION('',(0.,-1.,0.));
#13966=DIRECTION('',(0.259480037472597,0.,-0.965748471473406));
#13967=DIRECTION('',(-0.965748471473406,0.,-0.259480037472597));
#13968=DIRECTION('',(0.,-1.,0.));
#13969=DIRECTION('',(0.,1.,0.));
#13970=DIRECTION('',(0.31698399516181,0.,0.948430886681395));
#13971=DIRECTION('',(0.948430886681395,0.,-0.31698399516181));
#13972=DIRECTION('',(0.,1.,0.));
#13973=DIRECTION('',(0.,-1.,0.));
#13974=DIRECTION('',(0.,1.,0.));
#13975=DIRECTION('',(0.,0.,1.));
#13976=DIRECTION('',(0.,-1.,0.));
#13977=DIRECTION('',(0.,0.,-1.));
#13978=DIRECTION('',(0.,-1.,0.));
#13979=DIRECTION('',(0.,0.,-1.));
#13980=DIRECTION('',(0.,-1.,0.));
#13981=DIRECTION('',(0.,0.,-1.));
#13982=DIRECTION('',(0.,-1.,0.));
#13983=DIRECTION('',(0.,0.,-1.));
#13984=DIRECTION('',(0.,-1.,0.));
#13985=DIRECTION('',(0.,0.,-1.));
#13986=DIRECTION('',(0.,-1.,0.));
#13987=DIRECTION('',(0.,-1.,0.));
#13988=DIRECTION('',(0.,0.,1.));
#13989=DIRECTION('',(1.,0.,0.));
#13990=DIRECTION('',(0.,-1.,0.));
#13991=DIRECTION('',(0.,-1.,0.));
#13992=DIRECTION('',(-0.705896211031176,0.,-0.708315282379132));
#13993=DIRECTION('',(-0.708315282379132,0.,0.705896211031176));
#13994=DIRECTION('',(0.,-1.,0.));
#13995=DIRECTION('',(0.,1.,0.));
#13996=DIRECTION('',(1.,0.,0.));
#13997=DIRECTION('',(0.,0.,-1.));
#13998=DIRECTION('',(0.,1.,0.));
#13999=DIRECTION('',(0.,-1.,0.));
#14000=DIRECTION('',(0.135106511547025,0.,-0.990831080728493));
#14001=DIRECTION('',(-0.990831080728493,0.,-0.135106511547025));
#14002=DIRECTION('',(0.,1.,0.));
#14003=DIRECTION('',(0.,1.,0.));
#14004=DIRECTION('',(0.,1.,0.));
#14005=DIRECTION('',(0.,0.,1.));
#14006=DIRECTION('',(0.,-1.,0.));
#14007=DIRECTION('',(0.,0.,-1.));
#14008=DIRECTION('',(0.,1.,0.));
#14009=DIRECTION('',(0.,0.,1.));
#14010=DIRECTION('',(0.,-1.,0.));
#14011=DIRECTION('',(0.,0.,-1.));
#14012=DIRECTION('',(0.,-1.,0.));
#14013=DIRECTION('',(0.,0.,-1.));
#14014=DIRECTION('',(0.110206670188644,0.,-0.993908692911945));
#14015=DIRECTION('',(-0.993908692911945,0.,-0.110206670188644));
#14016=DIRECTION('',(0.,-1.,0.));
#14017=DIRECTION('',(0.,1.,0.));
#14018=DIRECTION('',(0.,-1.,0.));
#14019=DIRECTION('',(0.,0.,-1.));
#14020=DIRECTION('',(0.,-1.,0.));
#14021=DIRECTION('',(0.944008023307986,0.,-0.329922493822639));
#14022=DIRECTION('',(-0.329922493822639,0.,-0.944008023307986));
#14023=DIRECTION('',(0.,1.,0.));
#14024=DIRECTION('',(0.,-1.,0.));
#14025=DIRECTION('',(-0.31698399516181,0.,-0.948430886681396));
#14026=DIRECTION('',(-0.948430886681396,0.,0.31698399516181));
#14027=DIRECTION('',(0.,1.,0.));
#14028=DIRECTION('',(0.,-1.,0.));
#14029=DIRECTION('',(-0.259480037472596,0.,0.965748471473406));
#14030=DIRECTION('',(0.965748471473406,0.,0.259480037472596));
#14031=DIRECTION('',(0.,-1.,0.));
#14032=DIRECTION('',(0.,1.,0.));
#14033=DIRECTION('',(0.,-1.,0.));
#14034=DIRECTION('',(0.,0.,-1.));
#14035=DIRECTION('',(0.,1.,0.));
#14036=DIRECTION('',(0.,0.,1.));
#14037=DIRECTION('',(0.,-1.,0.));
#14038=DIRECTION('',(0.,0.,-1.));
#14039=DIRECTION('',(0.,-1.,0.));
#14040=DIRECTION('',(0.,0.,-1.));
#14041=DIRECTION('',(0.,-1.,0.));
#14042=DIRECTION('',(0.,0.,-1.));
#14043=DIRECTION('',(0.,-1.,0.));
#14044=DIRECTION('',(0.,-1.,0.));
#14045=DIRECTION('',(0.,-1.,0.));
#14046=DIRECTION('',(0.,0.,-1.));
#14047=DIRECTION('',(0.,-1.,0.));
#14048=DIRECTION('',(0.,-1.,0.));
#14049=DIRECTION('',(0.,0.,1.));
#14050=DIRECTION('',(1.,0.,0.));
#14051=DIRECTION('',(0.,-1.,0.));
#14052=DIRECTION('',(0.,-1.,0.));
#14053=DIRECTION('',(-1.,0.,0.));
#14054=DIRECTION('',(0.,0.,1.));
#14055=DIRECTION('',(0.,-1.,0.));
#14056=DIRECTION('',(0.,-1.,0.));
#14057=DIRECTION('',(0.773061263743525,0.,-0.634331366479118));
#14058=DIRECTION('',(-0.634331366479118,0.,-0.773061263743525));
#14059=DIRECTION('',(0.,-1.,0.));
#14060=DIRECTION('',(0.,-1.,0.));
#14061=DIRECTION('',(0.135106511547025,0.,-0.990831080728493));
#14062=DIRECTION('',(-0.990831080728493,0.,-0.135106511547025));
#14063=DIRECTION('',(0.,-1.,0.));
#14064=DIRECTION('',(0.,-1.,0.));
#14065=DIRECTION('',(0.,-1.,0.));
#14066=DIRECTION('',(0.,0.,-1.));
#14067=DIRECTION('',(0.,-1.,0.));
#14068=DIRECTION('',(0.,0.,-1.));
#14069=DIRECTION('',(0.,-1.,0.));
#14070=DIRECTION('',(0.,0.,-1.));
#14071=DIRECTION('',(0.,-1.,0.));
#14072=DIRECTION('',(0.,0.,-1.));
#14073=DIRECTION('',(0.,-1.,0.));
#14074=DIRECTION('',(0.,0.,-1.));
#14075=DIRECTION('',(0.,-1.,0.));
#14076=DIRECTION('',(0.,0.,-1.));
#14077=DIRECTION('',(0.110206670188644,0.,-0.993908692911945));
#14078=DIRECTION('',(-0.993908692911945,0.,-0.110206670188644));
#14079=DIRECTION('',(0.,-1.,0.));
#14080=DIRECTION('',(0.,1.,0.));
#14081=DIRECTION('',(-0.259480037472596,0.,0.965748471473406));
#14082=DIRECTION('',(0.965748471473406,0.,0.259480037472596));
#14083=DIRECTION('',(0.,-1.,0.));
#14084=DIRECTION('',(0.,-1.,0.));
#14085=DIRECTION('',(0.31698399516181,0.,0.948430886681395));
#14086=DIRECTION('',(0.948430886681395,0.,-0.31698399516181));
#14087=DIRECTION('',(0.,1.,0.));
#14088=DIRECTION('',(0.,-1.,0.));
#14089=DIRECTION('',(0.,-1.,0.));
#14090=DIRECTION('',(0.,0.,-1.));
#14091=DIRECTION('',(0.,1.,0.));
#14092=DIRECTION('',(0.,0.,1.));
#14093=DIRECTION('',(0.,-1.,0.));
#14094=DIRECTION('',(0.,0.,-1.));
#14095=DIRECTION('',(-3.71230823859037E-16,-1.63400046661171E-16,1.));
#14096=DIRECTION('',(-1.,-7.07812740216228E-17,-3.71230823859037E-16));
#14097=DIRECTION('',(2.08166817117217E-17,2.10071902006042E-32,1.));
#14098=DIRECTION('',(-1.,1.22168669720282E-28,2.08166817117217E-17));
#14099=DIRECTION('',(8.25728374564974E-16,1.18885110976306E-15,1.));
#14100=DIRECTION('',(-1.,1.0877500163255E-15,8.25728374564973E-16));
#14101=DIRECTION('',(-3.26128013483645E-16,-3.23942174420739E-17,1.));
#14102=DIRECTION('',(-1.,1.46802639981394E-24,-3.26128013483645E-16));
#14103=DIRECTION('',(0.,0.,1.));
#14104=DIRECTION('',(1.,0.,0.));
#14105=CARTESIAN_POINT('',(0.,0.,0.));
#14106=CARTESIAN_POINT('',(-0.196187336489743,0.10795,0.580899739397895));
#14107=CARTESIAN_POINT('',(0.0407833063121272,0.10795,0.624089605002354));
#14108=CARTESIAN_POINT('',(0.0388768297791353,0.10795,0.614757350600059));
#14109=CARTESIAN_POINT('',(0.0321111587353527,0.10795,0.620150127701156));
#14110=CARTESIAN_POINT('',(-0.196187336489743,0.10795,0.580899739397895));
#14111=CARTESIAN_POINT('',(0.0389344505391925,0.10795,0.61435486403254));
#14112=CARTESIAN_POINT('',(0.000337244745316372,0.10795,0.684149198618359));
#14113=CARTESIAN_POINT('',(0.0365046518674223,0.10795,0.613065334858153));
#14114=CARTESIAN_POINT('',(0.0366884109798148,0.10795,0.612704348478786));
#14115=CARTESIAN_POINT('',(0.0362870927990789,0.10795,0.612649539130908));
#14116=CARTESIAN_POINT('',(-0.196187336478447,0.10795,0.580899739399431));
#14117=CARTESIAN_POINT('',(0.0363257350037203,0.10795,0.612365302175724));
#14118=CARTESIAN_POINT('',(0.0367271198920911,0.10795,0.612419620848313));
#14119=CARTESIAN_POINT('',(0.0366464016848312,0.10795,0.612022678600004));
#14120=CARTESIAN_POINT('',(0.0207687202084778,0.10795,0.53386325014874));
#14121=CARTESIAN_POINT('',(0.0393322742410607,0.10795,0.61142862835918));
#14122=CARTESIAN_POINT('',(-0.196187336489743,0.10795,0.580899739397895));
#14123=CARTESIAN_POINT('',(0.0394659530282147,0.10795,0.610379007356333));
#14124=CARTESIAN_POINT('',(0.00205304266072637,0.10795,0.680815273391401));
#14125=CARTESIAN_POINT('',(0.0370147214594892,0.10795,0.609130700153191));
#14126=CARTESIAN_POINT('',(0.0371923574887127,0.10795,0.608766661668141));
#14127=CARTESIAN_POINT('',(0.0367901708495892,0.10795,0.608718638193521));
#14128=CARTESIAN_POINT('',(-0.196187336478422,0.10795,0.58089973939924));
#14129=CARTESIAN_POINT('',(0.0368240069280316,0.10795,0.608433789134426));
#14130=CARTESIAN_POINT('',(0.0372262519780246,0.10795,0.608481320877088));
#14131=CARTESIAN_POINT('',(0.0371388411360336,0.10795,0.608085798536154));
#14132=CARTESIAN_POINT('',(0.0199433523070806,0.10795,0.530205684330823));
#14133=CARTESIAN_POINT('',(0.0398142973866071,0.10795,0.607446470038277));
#14134=CARTESIAN_POINT('',(-0.196187336489743,0.10795,0.580899739397895));
#14135=CARTESIAN_POINT('',(0.0399302295532112,0.10795,0.60639474098548));
#14136=CARTESIAN_POINT('',(0.0037122875747353,0.10795,0.677452844774196));
#14137=CARTESIAN_POINT('',(0.0374582643623237,0.10795,0.605188011864271));
#14138=CARTESIAN_POINT('',(0.037629726633281,0.10795,0.604821025124573));
#14139=CARTESIAN_POINT('',(0.0372267862695153,0.10795,0.604779801223102));
#14140=CARTESIAN_POINT('',(-0.196187336478402,0.10795,0.580899739399049));
#14141=CARTESIAN_POINT('',(0.0372558065691756,0.10795,0.604494421320377));
#14142=CARTESIAN_POINT('',(0.037658797030382,0.10795,0.604535152573501));
#14143=CARTESIAN_POINT('',(0.0375647184897777,0.10795,0.60414116297253));
#14144=CARTESIAN_POINT('',(0.0190563277481605,0.10795,0.526562580249016));
#14145=CARTESIAN_POINT('',(0.0402289951942326,0.10795,0.603456738601961));
#14146=CARTESIAN_POINT('',(-0.196187336489743,0.10795,0.580899739397895));
#14147=CARTESIAN_POINT('',(0.040327147667752,0.10795,0.602403201531092));
#14148=CARTESIAN_POINT('',(0.00531450614717838,0.10795,0.674062871981897));
#14149=CARTESIAN_POINT('',(0.0378351540442769,0.10795,0.601238394741323));
#14150=CARTESIAN_POINT('',(0.0380003936430892,0.10795,0.600868564439076));
#14151=CARTESIAN_POINT('',(0.0375968145034456,0.10795,0.600834151870898));
#14152=CARTESIAN_POINT('',(-0.196187336478384,0.10795,0.580899739398857));
#14153=CARTESIAN_POINT('',(0.0376210107455612,0.10795,0.60054832253626));
#14154=CARTESIAN_POINT('',(0.0380246316549253,0.10795,0.600582241680242));
#14155=CARTESIAN_POINT('',(0.0379239122539519,0.10795,0.60018989721457));
#14156=CARTESIAN_POINT('',(0.0181078995793403,0.10795,0.522934977196839));
#14157=CARTESIAN_POINT('',(0.0405762493610697,0.10795,0.599460572220391));
#14158=CARTESIAN_POINT('',(-0.196187336489743,0.10795,0.580899739397895));
#14159=CARTESIAN_POINT('',(0.0406565941410692,0.10795,0.598405527679112));
#14160=CARTESIAN_POINT('',(0.00685924130571536,0.10795,0.670646322087624));
#14161=CARTESIAN_POINT('',(0.0381452829881896,0.10795,0.597282975510902));
#14162=CARTESIAN_POINT('',(0.0383042527761504,0.10795,0.596910407149401));
#14163=CARTESIAN_POINT('',(0.0379001499916198,0.10795,0.596882815731555));
#14164=CARTESIAN_POINT('',(-0.196187336478369,0.10795,0.580899739398665));
#14165=CARTESIAN_POINT('',(0.0379195152736105,0.10795,0.596596618504935));
#14166=CARTESIAN_POINT('',(0.0383236514882257,0.10795,0.596623715863495));
#14167=CARTESIAN_POINT('',(0.0382163199595982,0.10795,0.596233128459143));
#14168=CARTESIAN_POINT('',(0.0170983383628125,0.10795,0.519323910035911));
#14169=CARTESIAN_POINT('',(0.0408559608242275,0.10795,0.595459110899453));
#14170=CARTESIAN_POINT('',(-0.196187336489743,0.10795,0.580899739397895));
#14171=CARTESIAN_POINT('',(0.0409184749903594,0.10795,0.594402859865472));
#14172=CARTESIAN_POINT('',(0.00834605237737075,0.10795,0.667204169744583));
#14173=CARTESIAN_POINT('',(0.0383885627220652,0.10795,0.593322882554754));
#14174=CARTESIAN_POINT('',(0.0385412173490867,0.10795,0.592947682418394));
#14175=CARTESIAN_POINT('',(0.0381367062000426,0.10795,0.592926920022021));
#14176=CARTESIAN_POINT('',(-0.196187336478358,0.10795,0.580899739398473));
#14177=CARTESIAN_POINT('',(0.0381512349974801,0.10795,0.592640436548297));
#14178=CARTESIAN_POINT('',(0.0385557712274359,0.10795,0.59266070439124));
#14179=CARTESIAN_POINT('',(0.0384418581901433,0.10795,0.592271985472983));
#14180=CARTESIAN_POINT('',(0.0160279321004079,0.10795,0.515730408910803));
#14181=CARTESIAN_POINT('',(0.0410680497890516,0.10795,0.591453496155549));
#14182=CARTESIAN_POINT('',(-0.196187336489743,0.10795,0.580899739397895));
#14183=CARTESIAN_POINT('',(0.0411127155075948,0.10795,0.590396339950752));
#14184=CARTESIAN_POINT('',(0.00977451520901721,0.10795,0.66373739692002));
#14185=CARTESIAN_POINT('',(0.0385649238443056,0.10795,0.589359245587926));
#14186=CARTESIAN_POINT('',(0.0387112197618577,0.10795,0.588981520711881));
#14187=CARTESIAN_POINT('',(0.03830641564517,0.10795,0.58896759325997));
#14188=CARTESIAN_POINT('',(-0.196187336478349,0.10795,0.580899739398281));
#14189=CARTESIAN_POINT('',(0.0383161038133532,0.10795,0.588680905265682));
#14190=CARTESIAN_POINT('',(0.0387209246546249,0.10795,0.5886943378111));
#14191=CARTESIAN_POINT('',(0.0386004626051953,0.10795,0.588307598270681));
#14192=CARTESIAN_POINT('',(0.0148969861534967,0.10795,0.512155498961458));
#14193=CARTESIAN_POINT('',(0.041212455751888,0.10795,0.587444870689947));
#14194=CARTESIAN_POINT('',(-0.196187336489743,0.10795,0.580899739397895));
#14195=CARTESIAN_POINT('',(0.041239260280835,0.10795,0.586387110894444));
#14196=CARTESIAN_POINT('',(0.0111442222988196,0.10795,0.66024699259065));
#14197=CARTESIAN_POINT('',(0.0386743160435136,0.10795,0.585393195336479));
#14198=CARTESIAN_POINT('',(0.0388142115170457,0.10795,0.585013053476168));
#14199=CARTESIAN_POINT('',(0.0384092299131603,0.10795,0.585005964941872));
#14200=CARTESIAN_POINT('',(-0.196187336478345,0.10795,0.580899739398088));
#14201=CARTESIAN_POINT('',(0.0384140746882981,0.10795,0.584719154211902));
#14202=CARTESIAN_POINT('',(0.0388190646556687,0.10795,0.584725747627829));
#14203=CARTESIAN_POINT('',(0.0386920879588993,0.10795,0.584341097792325));
#14204=CARTESIAN_POINT('',(0.0137058231506478,0.10795,0.508600200014138));
#14205=CARTESIAN_POINT('',(0.0412891375173429,0.10795,0.583434378062796));
#14206=CARTESIAN_POINT('',(-0.196187336489743,0.10795,0.580899739397895));
#14207=CARTESIAN_POINT('',(0.0412980732100348,0.10795,0.582376316428888));
#14208=CARTESIAN_POINT('',(0.0124547829034811,0.10795,0.656733952481699));
#14209=CARTESIAN_POINT('',(0.0387167081128421,0.10795,0.581425863214928));
#14210=CARTESIAN_POINT('',(0.0388501632336898,0.10795,0.581043412815274));
#14211=CARTESIAN_POINT('',(0.0384451196736853,0.10795,0.581043165220773));
#14212=CARTESIAN_POINT('',(-0.196187336478343,0.10795,0.580899739397896));
#14213=CARTESIAN_POINT('',(0.0384451196736853,0.10795,0.580756313575018));
#14214=CARTESIAN_POINT('',(0.0388501632336901,0.10795,0.580756065980517));
#14215=CARTESIAN_POINT('',(0.0387167081128424,0.10795,0.580373615580863));
#14216=CARTESIAN_POINT('',(0.0124547829020849,0.10795,0.505065526310276));
#14217=CARTESIAN_POINT('',(0.0412980732100348,0.10795,0.579423162366903));
#14218=CARTESIAN_POINT('',(-0.196187336489743,0.10795,0.580899739397895));
#14219=CARTESIAN_POINT('',(0.0412891375173429,0.10795,0.578365100732995));
#14220=CARTESIAN_POINT('',(0.0137058231504813,0.10795,0.653199278782125));
#14221=CARTESIAN_POINT('',(0.0386920879588988,0.10795,0.577458381003466));
#14222=CARTESIAN_POINT('',(0.0388190646556684,0.10795,0.577073731167962));
#14223=CARTESIAN_POINT('',(0.0384140746882981,0.10795,0.577080324583889));
#14224=CARTESIAN_POINT('',(-0.196187336478345,0.10795,0.580899739397703));
#14225=CARTESIAN_POINT('',(0.0384092299131602,0.10795,0.576793513853919));
#14226=CARTESIAN_POINT('',(0.038814211517046,0.10795,0.576786425319623));
#14227=CARTESIAN_POINT('',(0.0386743160435139,0.10795,0.576406283459311));
#14228=CARTESIAN_POINT('',(0.0111442222982681,0.10795,0.501552486203739));
#14229=CARTESIAN_POINT('',(0.041239260280835,0.10795,0.575412367901347));
#14230=CARTESIAN_POINT('',(-0.196187336489743,0.10795,0.580899739397895));
#14231=CARTESIAN_POINT('',(0.041212455751888,0.10795,0.574354608105845));
#14232=CARTESIAN_POINT('',(0.0148969861538106,0.10795,0.649643979833342));
#14233=CARTESIAN_POINT('',(0.0386004626051951,0.10795,0.573491880525109));
#14234=CARTESIAN_POINT('',(0.0387209246546245,0.10795,0.573105140984691));
#14235=CARTESIAN_POINT('',(0.0383161038133532,0.10795,0.573118573530109));
#14236=CARTESIAN_POINT('',(-0.196187336478349,0.10795,0.580899739397511));
#14237=CARTESIAN_POINT('',(0.0383064156451699,0.10795,0.572831885535821));
#14238=CARTESIAN_POINT('',(0.0387112197618581,0.10795,0.572817958083911));
#14239=CARTESIAN_POINT('',(0.0385649238443061,0.10795,0.572440233207865));
#14240=CARTESIAN_POINT('',(0.00977451520843924,0.10795,0.498062081874351));
#14241=CARTESIAN_POINT('',(0.0411127155075949,0.10795,0.571403138845039));
#14242=CARTESIAN_POINT('',(-0.196187336489743,0.10795,0.580899739397895));
#14243=CARTESIAN_POINT('',(0.0410680497890517,0.10795,0.570345982640242));
#14244=CARTESIAN_POINT('',(0.0160279321012463,0.10795,0.646069069882319));
#14245=CARTESIAN_POINT('',(0.0384418581901428,0.10795,0.569527493322808));
#14246=CARTESIAN_POINT('',(0.0385557712274355,0.10795,0.569138774404552));
#14247=CARTESIAN_POINT('',(0.03815123499748,0.10795,0.569159042247494));
#14248=CARTESIAN_POINT('',(-0.196187336478358,0.10795,0.580899739397318));
#14249=CARTESIAN_POINT('',(0.0381367062000426,0.10795,0.56887255877377));
#14250=CARTESIAN_POINT('',(0.038541217349087,0.10795,0.568851796377397));
#14251=CARTESIAN_POINT('',(0.0383885627220656,0.10795,0.568476596241037));
#14252=CARTESIAN_POINT('',(0.00834605237696722,0.10795,0.49459530905024));
#14253=CARTESIAN_POINT('',(0.0409184749903595,0.10795,0.567396618930319));
#14254=CARTESIAN_POINT('',(-0.196187336489743,0.10795,0.580899739397895));
#14255=CARTESIAN_POINT('',(0.0408559608242275,0.10795,0.566340367896338));
#14256=CARTESIAN_POINT('',(0.0170983383630303,0.10795,0.642475568759139));
#14257=CARTESIAN_POINT('',(0.0382163199595978,0.10795,0.565566350336648));
#14258=CARTESIAN_POINT('',(0.0383236514882253,0.10795,0.565175762932296));
#14259=CARTESIAN_POINT('',(0.0379195152736106,0.10795,0.565202860290856));
#14260=CARTESIAN_POINT('',(-0.196187336478369,0.10795,0.580899739397126));
#14261=CARTESIAN_POINT('',(0.0379001499916198,0.10795,0.564916663064236));
#14262=CARTESIAN_POINT('',(0.0383042527761508,0.10795,0.564889071646391));
#14263=CARTESIAN_POINT('',(0.0381452829881905,0.10795,0.56451650328489));
#14264=CARTESIAN_POINT('',(0.00685924130572616,0.10795,0.491153156708191));
#14265=CARTESIAN_POINT('',(0.0406565941410692,0.10795,0.563393951116679));
#14266=CARTESIAN_POINT('',(-0.196187336489743,0.10795,0.580899739397895));
#14267=CARTESIAN_POINT('',(0.0405762493610697,0.10795,0.5623389065754));
#14268=CARTESIAN_POINT('',(0.0181078995792549,0.10795,0.638864501599273));
#14269=CARTESIAN_POINT('',(0.0379239122539516,0.10795,0.561609581581221));
#14270=CARTESIAN_POINT('',(0.038024631654925,0.10795,0.561217237115549));
#14271=CARTESIAN_POINT('',(0.0376210107455612,0.10795,0.561251156259531));
#14272=CARTESIAN_POINT('',(-0.196187336478383,0.10795,0.580899739396934));
#14273=CARTESIAN_POINT('',(0.0375968145034456,0.10795,0.560965326924893));
#14274=CARTESIAN_POINT('',(0.0380003936430896,0.10795,0.560930914356715));
#14275=CARTESIAN_POINT('',(0.0378351540442772,0.10795,0.560561084054468));
#14276=CARTESIAN_POINT('',(0.0053145061470171,0.10795,0.487736606813549));
#14277=CARTESIAN_POINT('',(0.0403271476677521,0.10795,0.559396277264699));
#14278=CARTESIAN_POINT('',(-0.196187336489743,0.10795,0.580899739397895));
#14279=CARTESIAN_POINT('',(0.0402289951942352,0.10795,0.558342740193857));
#14280=CARTESIAN_POINT('',(0.0190563278024644,0.10795,0.635236898333699));
#14281=CARTESIAN_POINT('',(0.0375647184897759,0.10795,0.557658315823267));
#14282=CARTESIAN_POINT('',(0.0376587970303816,0.10795,0.557264326222291));
#14283=CARTESIAN_POINT('',(0.0372558065691756,0.10795,0.557305057475414));
#14284=CARTESIAN_POINT('',(-0.196187336478402,0.10795,0.580899739396742));
#14285=CARTESIAN_POINT('',(0.0372267862695153,0.10795,0.557019677572689));
#14286=CARTESIAN_POINT('',(0.0376297266332813,0.10795,0.556978453671218));
#14287=CARTESIAN_POINT('',(0.0374582643623241,0.10795,0.55661146693152));
#14288=CARTESIAN_POINT('',(0.00371228757421063,0.10795,0.484346634020448));
#14289=CARTESIAN_POINT('',(0.0399302295532114,0.10795,0.555404737810312));
#14290=CARTESIAN_POINT('',(-0.196187336489743,0.10795,0.580899739397895));
#14291=CARTESIAN_POINT('',(0.0398142973866072,0.10795,0.554353008757514));
#14292=CARTESIAN_POINT('',(0.0199433523064896,0.10795,0.631593794467384));
#14293=CARTESIAN_POINT('',(0.0371388411360333,0.10795,0.553713680259637));
#14294=CARTESIAN_POINT('',(0.0372262519780242,0.10795,0.553318157918703));
#14295=CARTESIAN_POINT('',(0.0368240069280316,0.10795,0.553365689661365));
#14296=CARTESIAN_POINT('',(-0.196187336478422,0.10795,0.580899739396551));
#14297=CARTESIAN_POINT('',(0.0367901708495892,0.10795,0.55308084060227));
#14298=CARTESIAN_POINT('',(0.0371923574887131,0.10795,0.55303281712765));
#14299=CARTESIAN_POINT('',(0.0370147214594898,0.10795,0.5526687786426));
#14300=CARTESIAN_POINT('',(0.00205304265943816,0.10795,0.480984205401854));
#14301=CARTESIAN_POINT('',(0.0394659530282148,0.10795,0.551420471439458));
#14302=CARTESIAN_POINT('',(-0.196187336489743,0.10795,0.580899739397895));
#14303=CARTESIAN_POINT('',(0.0393322742410609,0.10795,0.550370850436611));
#14304=CARTESIAN_POINT('',(0.0207687202086533,0.10795,0.627936228646241));
#14305=CARTESIAN_POINT('',(0.0366464016848309,0.10795,0.549776800195787));
#14306=CARTESIAN_POINT('',(0.0367271198920908,0.10795,0.549379857947478));
#14307=CARTESIAN_POINT('',(0.0363257350037202,0.10795,0.549434176620067));
#14308=CARTESIAN_POINT('',(-0.196187336478447,0.10795,0.58089973939636));
#14309=CARTESIAN_POINT('',(0.0362870927990788,0.10795,0.549149939664883));
#14310=CARTESIAN_POINT('',(0.0366884109798152,0.10795,0.549095130317005));
#14311=CARTESIAN_POINT('',(0.0365046518674227,0.10795,0.548734143937638));
#14312=CARTESIAN_POINT('',(0.000337244745098261,0.10795,0.477650280177019));
#14313=CARTESIAN_POINT('',(0.0389344505391926,0.10795,0.54744461476325));
#14314=CARTESIAN_POINT('',(-0.196187336489743,0.10795,0.580899739397895));
#14315=CARTESIAN_POINT('',(0.0387830632666889,0.10795,0.54639740124086));
#14316=CARTESIAN_POINT('',(0.0215321959968761,0.10795,0.624265244499774));
#14317=CARTESIAN_POINT('',(0.0360875406167755,0.10795,0.545848798724701));
#14318=CARTESIAN_POINT('',(0.0361615431624276,0.10795,0.54545054980667));
#14319=CARTESIAN_POINT('',(0.035761132940705,0.10795,0.545511639913432));
#14320=CARTESIAN_POINT('',(-0.196187336478474,0.10795,0.580899739396169));
#14321=CARTESIAN_POINT('',(0.035717695633515,0.10795,0.545228096147823));
#14322=CARTESIAN_POINT('',(0.0361180308698677,0.10795,0.545166516562417));
#14323=CARTESIAN_POINT('',(0.0359282010961652,0.10795,0.544808685269079));
#14324=CARTESIAN_POINT('',(-0.001434616697162,0.10795,0.474345809426644));
#14325=CARTESIAN_POINT('',(0.038335873710454,0.10795,0.543478301993728));
#14326=CARTESIAN_POINT('',(-0.196187336489743,0.10795,0.580899739397895));
#14327=CARTESIAN_POINT('',(0.0381668211395865,0.10795,0.542433794695507));
#14328=CARTESIAN_POINT('',(0.0222335618722182,0.10795,0.620581889260195));
#14329=CARTESIAN_POINT('',(0.035462417360892,0.10795,0.541930796406529));
#14330=CARTESIAN_POINT('',(0.0355296831338687,0.10795,0.541531354429189));
#14331=CARTESIAN_POINT('',(0.0351303618057725,0.10795,0.541599198542652));
#14332=CARTESIAN_POINT('',(-0.196187336478506,0.10795,0.580899739395979));
#14333=CARTESIAN_POINT('',(0.0350821417876064,0.10795,0.541316428854531));
#14334=CARTESIAN_POINT('',(0.0354813798739888,0.10795,0.541248096598706));
#14335=CARTESIAN_POINT('',(0.035285533592642,0.10795,0.540893522471677));
#14336=CARTESIAN_POINT('',(-0.00326203619644252,0.10795,0.471071735839272));
#14337=CARTESIAN_POINT('',(0.0376703933009322,0.10795,0.539522664620292));
#14338=CARTESIAN_POINT('',(-0.196187336489743,0.10795,0.580899739397895));
#14339=CARTESIAN_POINT('',(0.037483723658153,0.10795,0.538481161517936));
#14340=CARTESIAN_POINT('',(0.0228726177506102,0.10795,0.616887213706895));
#14341=CARTESIAN_POINT('',(0.0347712102491421,0.10795,0.538023910948916));
#14342=CARTESIAN_POINT('',(0.0348317200602082,0.10795,0.537623389863028));
#14343=CARTESIAN_POINT('',(0.0344336015420824,0.10795,0.537697968628971));
#14344=CARTESIAN_POINT('',(-0.19618733647854,0.10795,0.58089973939579));
#14345=CARTESIAN_POINT('',(0.0343806125689003,0.10795,0.537416053685428));
#14346=CARTESIAN_POINT('',(0.0347786396127149,0.10795,0.537340988252661));
#14347=CARTESIAN_POINT('',(0.0345768326937488,0.10795,0.536989772443032));
#14348=CARTESIAN_POINT('',(-0.00514449243771469,0.10795,0.467828993422421));
#14349=CARTESIAN_POINT('',(0.0369381991554715,0.10795,0.535578831086922));
#14350=CARTESIAN_POINT('',(-0.196187336489743,0.10795,0.580899739397895));
#14351=CARTESIAN_POINT('',(0.0367339656929405,0.10795,0.534540629295103));
#14352=CARTESIAN_POINT('',(0.0234491813278791,0.10795,0.613182271824724));
#14353=CARTESIAN_POINT('',(0.0340141164655524,0.10795,0.534129256888143));
#14354=CARTESIAN_POINT('',(0.0340678530527786,0.10795,0.533727770952313));
#14355=CARTESIAN_POINT('',(0.0336710509178361,0.10795,0.533809063095286));
#14356=CARTESIAN_POINT('',(-0.196187336478577,0.10795,0.580899739395601));
#14357=CARTESIAN_POINT('',(0.0336133081060608,0.10795,0.533528083319573));
#14358=CARTESIAN_POINT('',(0.0340100105601902,0.10795,0.533446306124145));
#14359=CARTESIAN_POINT('',(0.0338023005740487,0.10795,0.533098548824965));
#14360=CARTESIAN_POINT('',(-0.00708144840379073,0.10795,0.464618507248602));
#14361=CARTESIAN_POINT('',(0.0361395001506693,0.10795,0.531647926470258));
#14362=CARTESIAN_POINT('',(-0.196187336489743,0.10795,0.580899739397895));
#14363=CARTESIAN_POINT('',(0.0359177611310636,0.10795,0.53061332216187));
#14364=CARTESIAN_POINT('',(0.0239630881233192,0.10795,0.609468120549405));
#14365=CARTESIAN_POINT('',(0.0331913519899614,0.10795,0.530247945271183));
#14366=CARTESIAN_POINT('',(0.0332383000236492,0.10795,0.529845609019264));
#14367=CARTESIAN_POINT('',(0.0328429274695717,0.10795,0.529933591348661));
#14368=CARTESIAN_POINT('',(-0.196187336478617,0.10795,0.580899739395412));
#14369=CARTESIAN_POINT('',(0.032780447291777,0.10795,0.529653626897249));
#14370=CARTESIAN_POINT('',(0.0331757119869761,0.10795,0.529565161268141));
#14371=CARTESIAN_POINT('',(0.0329621581881015,0.10795,0.529220961685831));
#14372=CARTESIAN_POINT('',(-0.00907235153004951,0.10795,0.461441193188452));
#14373=CARTESIAN_POINT('',(0.0352745241352891,0.10795,0.527731072158646));
#14374=CARTESIAN_POINT('',(-0.196187336489743,0.10795,0.580899739397895));
#14375=CARTESIAN_POINT('',(0.0350353428151804,0.10795,0.526700360480307));
#14376=CARTESIAN_POINT('',(0.0244141915330628,0.10795,0.60574581942962));
#14377=CARTESIAN_POINT('',(0.0323031515364067,0.10795,0.526381083338744));
#14378=CARTESIAN_POINT('',(0.0323432976234616,0.10795,0.525978011547161));
#14379=CARTESIAN_POINT('',(0.031949467440107,0.10795,0.526072658963834));
#14380=CARTESIAN_POINT('',(-0.19618733647866,0.10795,0.580899739395225));
#14381=CARTESIAN_POINT('',(0.0318822677203182,0.10795,0.525793789703549));
#14382=CARTESIAN_POINT('',(0.0322759818974982,0.10795,0.525698660877782));
#14383=CARTESIAN_POINT('',(0.0320566452074246,0.10795,0.525358117203838));
#14384=CARTESIAN_POINT('',(-0.0111166338625145,0.10795,0.458297957649034));
#14385=CARTESIAN_POINT('',(0.0343435178652601,0.10795,0.523829385532231));
#14386=CARTESIAN_POINT('',(-0.196187336489743,0.10795,0.580899739397895));
#14387=CARTESIAN_POINT('',(0.0340869624770713,0.10795,0.522802860520093));
#14388=CARTESIAN_POINT('',(0.0248023628674654,0.10795,0.602016430354051));
#14389=CARTESIAN_POINT('',(0.0313497684861666,0.10795,0.522529774209401));
#14390=CARTESIAN_POINT('',(0.0313831011739181,0.10795,0.522126081864412));
#14391=CARTESIAN_POINT('',(0.0309909257111452,0.10795,0.522227367367831));
#14392=CARTESIAN_POINT('',(-0.196187336478707,0.10795,0.580899739395038));
#14393=CARTESIAN_POINT('',(0.0309190256197543,0.10795,0.521949672853067));
#14394=CARTESIAN_POINT('',(0.0313110769621503,0.10795,0.521847907968505));
#14395=CARTESIAN_POINT('',(0.0310860199521257,0.10795,0.521511117351482));
#14396=CARTESIAN_POINT('',(-0.0132137122164678,0.10795,0.455189697319972));
#14397=CARTESIAN_POINT('',(0.0333467469332848,0.10795,0.519943979644199));
#14398=CARTESIAN_POINT('',(-0.196187336489743,0.10795,0.580899739397895));
#14399=CARTESIAN_POINT('',(0.033072890665853,0.10795,0.518921934140172));
#14400=CARTESIAN_POINT('',(0.0251274914657572,0.10795,0.5982810163042));
#14401=CARTESIAN_POINT('',(0.0303314748154753,0.10795,0.518695116564931));
#14402=CARTESIAN_POINT('',(0.0303579845949467,0.10795,0.518290918829797));
#14403=CARTESIAN_POINT('',(0.0299675757305636,0.10795,0.518398813525751));
#14404=CARTESIAN_POINT('',(-0.196187336478757,0.10795,0.580899739394852));
#14405=CARTESIAN_POINT('',(0.0298909957788605,0.10795,0.518122372975779));
#14406=CARTESIAN_POINT('',(0.0302812724440727,0.10795,0.518014001063388));
#14407=CARTESIAN_POINT('',(0.0300505593172087,0.10795,0.51768105958119));
#14408=CARTESIAN_POINT('',(-0.015362988349605,0.10795,0.452117298907648));
#14409=CARTESIAN_POINT('',(0.0322844956930721,0.10795,0.516075962903253));
#14410=CARTESIAN_POINT('',(-0.196187336489743,0.10795,0.580899739397895));
#14411=CARTESIAN_POINT('',(0.0319934166706525,0.10795,0.515058688471027));
#14412=CARTESIAN_POINT('',(0.0253894843560579,0.10795,0.594540645628609));
#14413=CARTESIAN_POINT('',(0.0292485610179427,0.10795,0.514878204336763));
#14414=CARTESIAN_POINT('',(0.0292682403265568,0.10795,0.514473616518993));
#14415=CARTESIAN_POINT('',(0.0288797094344055,0.10795,0.514588089627836));
#14416=CARTESIAN_POINT('',(-0.19618733647881,0.10795,0.580899739394667));
#14417=CARTESIAN_POINT('',(0.0287984714687271,0.10795,0.5143129819042));
#14418=CARTESIAN_POINT('',(0.0291868621206264,0.10795,0.514198033879765));
#14419=CARTESIAN_POINT('',(0.0289505586935829,0.10795,0.513869036512232));
#14420=CARTESIAN_POINT('',(-0.0175638491252922,0.10795,0.449081638893079));
#14421=CARTESIAN_POINT('',(0.0311570671782172,0.10795,0.512226438757404));
#14422=CARTESIAN_POINT('',(-0.196187336489743,0.10795,0.580899739397895));
#14423=CARTESIAN_POINT('',(0.0308488484383725,0.10795,0.51121422559993));
#14424=CARTESIAN_POINT('',(0.0255882670186726,0.10795,0.590796382637381));
#14425=CARTESIAN_POINT('',(0.0281013360216688,0.10795,0.511080126394149));
#14426=CARTESIAN_POINT('',(0.0281141792454144,0.10795,0.51067526391246));
#14427=CARTESIAN_POINT('',(0.0277276371635991,0.10795,0.51079628277789));
#14428=CARTESIAN_POINT('',(-0.196187336478866,0.10795,0.580899739394483));
#14429=CARTESIAN_POINT('',(0.0276417643590961,0.10795,0.510522586361913));
#14430=CARTESIAN_POINT('',(0.0280281581995856,0.10795,0.510401095017217));
#14431=CARTESIAN_POINT('',(0.0277863318837946,0.10795,0.510076135619035));
#14432=CARTESIAN_POINT('',(-0.0198156666968439,0.10795,0.446083583268909));
#14433=CARTESIAN_POINT('',(0.0299647830157555,0.10795,0.508396505379194));
#14434=CARTESIAN_POINT('',(-0.196187336489743,0.10795,0.580899739397895));
#14435=CARTESIAN_POINT('',(0.0296395124855655,0.10795,0.507389642255509));
#14436=CARTESIAN_POINT('',(0.0257237826846072,0.10795,0.587049295977979));
#14437=CARTESIAN_POINT('',(0.0268901271011283,0.10795,0.507301966233308));
#14438=CARTESIAN_POINT('',(0.0268961305761566,0.10795,0.506896944584786));
#14439=CARTESIAN_POINT('',(0.0265116875754234,0.10795,0.50702447468316));
#14440=CARTESIAN_POINT('',(-0.196187336478925,0.10795,0.580899739394299));
#14441=CARTESIAN_POINT('',(0.0264212044294499,0.10795,0.506752267653555));
#14442=CARTESIAN_POINT('',(0.026805491230073,0.10795,0.506624267647026));
#14443=CARTESIAN_POINT('',(0.0265582110125073,0.10795,0.506303438920948));
#14444=CARTESIAN_POINT('',(-0.0221177986760483,0.10795,0.443123987306846));
#14445=CARTESIAN_POINT('',(0.0287079833344087,0.10795,0.504587255352411));
#14446=CARTESIAN_POINT('',(-0.196187336489743,0.10795,0.580899739397895));
#14447=CARTESIAN_POINT('',(0.0283657538053541,0.10795,0.503586029495176));
#14448=CARTESIAN_POINT('',(0.0257959926582493,0.10795,0.583300455812136));
#14449=CARTESIAN_POINT('',(0.0256152797838021,0.10795,0.503544801668396));
#14450=CARTESIAN_POINT('',(0.0256144417974722,0.10795,0.503139736395564));
#14451=CARTESIAN_POINT('',(0.0252322075497523,0.10795,0.503273741345749));
#14452=CARTESIAN_POINT('',(-0.196187336478988,0.10795,0.580899739394117));
#14453=CARTESIAN_POINT('',(0.0251371398748769,0.10795,0.503003101356343));
#14454=CARTESIAN_POINT('',(0.0255192100082623,0.10795,0.502868629203169));
#14455=CARTESIAN_POINT('',(0.0252665464317572,0.10795,0.502552022673572));
#14456=CARTESIAN_POINT('',(-0.0244695883185978,0.10795,0.440203695310048));
#14457=CARTESIAN_POINT('',(0.0273870266675562,0.10795,0.500799775360401));
#14458=CARTESIAN_POINT('',(-0.196187336489743,0.10795,0.580899739397895));
#14459=CARTESIAN_POINT('',(0.0270279357691441,0.10795,0.499804472394261));
#14460=CARTESIAN_POINT('',(0.0258048763759574,0.10795,0.579550930287783));
#14461=CARTESIAN_POINT('',(0.0242771577516059,0.10795,0.499809704524121));
#14462=CARTESIAN_POINT('',(0.0242694785429745,0.10795,0.499404711181913));
#14463=CARTESIAN_POINT('',(0.0238895620900971,0.10795,0.499545152755663));
#14464=CARTESIAN_POINT('',(-0.196187336479052,0.10795,0.580899739393936));
#14465=CARTESIAN_POINT('',(0.0237899370067395,0.10795,0.499276157013247));
#14466=CARTESIAN_POINT('',(0.0241696814778757,0.10795,0.499135251074955));
#14467=CARTESIAN_POINT('',(0.0239117066210026,0.10795,0.498822957061728));
#14468=CARTESIAN_POINT('',(-0.0268703647250478,0.10795,0.437323540355854));
#14469=CARTESIAN_POINT('',(0.026002289850953,0.10795,0.497035145876066));
#14470=CARTESIAN_POINT('',(-0.196187336489743,0.10795,0.580899739397895));
#14471=CARTESIAN_POINT('',(0.0256264400227891,0.10795,0.496046049735935));
#14472=CARTESIAN_POINT('',(0.0257504312923146,0.10795,0.575801789726636));
#14473=CARTESIAN_POINT('',(0.0228761427371428,0.10795,0.496097740329855));
#14474=CARTESIAN_POINT('',(0.022861624496895,0.10795,0.495692934452704));
#14475=CARTESIAN_POINT('',(0.022484134219481,0.10795,0.495839772585565));
#14476=CARTESIAN_POINT('',(-0.196187336479121,0.10795,0.580899739393756));
#14477=CARTESIAN_POINT('',(0.0223799801481749,0.10795,0.495572497827867));
#14478=CARTESIAN_POINT('',(0.0227572906255032,0.10795,0.495425198301382));
#14479=CARTESIAN_POINT('',(0.0224940780820083,0.10795,0.495117305894164));
#14480=CARTESIAN_POINT('',(-0.0293194430076292,0.10795,0.434484344087926));
#14481=CARTESIAN_POINT('',(0.0245541679152294,0.10795,0.493294440853633));
#14482=CARTESIAN_POINT('',(-0.196187336489743,0.10795,0.580899739397895));
#14483=CARTESIAN_POINT('',(0.0241616663778372,0.10795,0.492311833703817));
#14484=CARTESIAN_POINT('',(0.0256326729341381,0.10795,0.572054103285522));
#14485=CARTESIAN_POINT('',(0.021412634414804,0.10795,0.492409968015752));
#14486=CARTESIAN_POINT('',(0.0213912812846291,0.10795,0.492005465084601));
#14487=CARTESIAN_POINT('',(0.0210163248711721,0.10795,0.492158657887342));
#14488=CARTESIAN_POINT('',(-0.196187336479193,0.10795,0.580899739393577));
#14489=CARTESIAN_POINT('',(0.0209076715244579,0.10795,0.491893180361138));
#14490=CARTESIAN_POINT('',(0.0212824403707767,0.10795,0.491739529267314));
#14491=CARTESIAN_POINT('',(0.021014065228587,0.10795,0.491436126300073));
#14492=CARTESIAN_POINT('',(-0.031816124508895,0.10795,0.431686916454019));
#14493=CARTESIAN_POINT('',(0.0230430739731976,0.10795,0.48957872742228));
#14494=CARTESIAN_POINT('',(-0.196187336489743,0.10795,0.580899739397895));
#14495=CARTESIAN_POINT('',(0.0226340326973966,0.10795,0.488602889575892));
#14496=CARTESIAN_POINT('',(0.025451634907366,0.10795,0.568308940497158));
#14497=CARTESIAN_POINT('',(0.0198870502867507,0.10795,0.488747439610607));
#14498=CARTESIAN_POINT('',(0.0198588683581605,0.10795,0.488343355019986));
#14499=CARTESIAN_POINT('',(0.0194865527743068,0.10795,0.488502858790549));
#14500=CARTESIAN_POINT('',(-0.196187336479267,0.10795,0.5808997393934));
#14501=CARTESIAN_POINT('',(0.0193734311482548,0.10795,0.488239254229907));
#14502=CARTESIAN_POINT('',(0.0197455514514264,0.10795,0.488079295401543));
#14503=CARTESIAN_POINT('',(0.0194720902712289,0.10795,0.487780468427525));
#14504=CARTESIAN_POINT('',(-0.0343596969880193,0.10795,0.428932055490313));
#14505=CARTESIAN_POINT('',(0.0214694391020011,0.10795,0.485889065581713));
#14506=CARTESIAN_POINT('',(-0.196187336489743,0.10795,0.580899739397895));
#14507=CARTESIAN_POINT('',(0.0210439747769973,0.10795,0.48492027542079));
#14508=CARTESIAN_POINT('',(0.0252073688452429,0.10795,0.564567369436006));
#14509=CARTESIAN_POINT('',(0.0182998255638135,0.10795,0.485111199941781));
#14510=CARTESIAN_POINT('',(0.0182648228764042,0.10795,0.484707648966872));
#14511=CARTESIAN_POINT('',(0.0178952543344374,0.10795,0.484873418202838));
#14512=CARTESIAN_POINT('',(-0.196187336479344,0.10795,0.580899739393224));
#14513=CARTESIAN_POINT('',(0.017777696699806,0.10795,0.484611761807518));
#14514=CARTESIAN_POINT('',(0.0181470623032555,0.10795,0.484445540876848));
#14515=CARTESIAN_POINT('',(0.0178685930966554,0.10795,0.484151375143882));
#14516=CARTESIAN_POINT('',(-0.0369494348287478,0.10795,0.426220547088334));
#14517=CARTESIAN_POINT('',(0.0198337122201404,0.10795,0.482226507899773));
#14518=CARTESIAN_POINT('',(-0.196187336489743,0.10795,0.580899739397895));
#14519=CARTESIAN_POINT('',(0.0193919462202181,0.10795,0.481265041795812));
#14520=CARTESIAN_POINT('',(0.0248999444351358,0.10795,0.560830457592596));
#14521=CARTESIAN_POINT('',(0.0166514130413354,0.10795,0.48150228633711));
#14522=CARTESIAN_POINT('',(0.0166095995804945,0.10795,0.481099384100868));
#14523=CARTESIAN_POINT('',(0.0162428835090364,0.10795,0.481271371512438));
#14524=CARTESIAN_POINT('',(-0.196187336479425,0.10795,0.580899739393048));
#14525=CARTESIAN_POINT('',(0.0161209234020658,0.10795,0.481011737926437));
#14526=CARTESIAN_POINT('',(0.0164874289350645,0.10795,0.480839302312118));
#14527=CARTESIAN_POINT('',(0.0162040311423313,0.10795,0.480549881738299));
#14528=CARTESIAN_POINT('',(-0.0395845992427844,0.10795,0.42355316477457));
#14529=CARTESIAN_POINT('',(0.0181363599594061,0.10795,0.478592099212165));
#14530=CARTESIAN_POINT('',(-0.196187336489743,0.10795,0.580899739397895));
#14531=CARTESIAN_POINT('',(0.0176784183093083,0.10795,0.477638231447295));
#14532=CARTESIAN_POINT('',(0.0245294493775879,0.10795,0.55709927101332));
#14533=CARTESIAN_POINT('',(0.0149422829700018,0.10795,0.477921728328991));
#14534=CARTESIAN_POINT('',(0.0148936706640595,0.10795,0.477519589769304));
#14535=CARTESIAN_POINT('',(0.0145299116779934,0.10795,0.477697746292789));
#14536=CARTESIAN_POINT('',(-0.196187336479508,0.10795,0.580899739392875));
#14537=CARTESIAN_POINT('',(0.0144035838908386,0.10795,0.477440209583048));
#14538=CARTESIAN_POINT('',(0.0147671247985645,0.10795,0.477261608476628));
#14539=CARTESIAN_POINT('',(0.01447887926597,0.10795,0.476977015626375));
#14540=CARTESIAN_POINT('',(-0.0422644384841077,0.10795,0.420930669485979));
#14541=CARTESIAN_POINT('',(0.0163778665317618,0.10795,0.474986876324394));
#14542=CARTESIAN_POINT('',(-0.196187336489743,0.10795,0.580899739397895));
#14543=CARTESIAN_POINT('',(0.0159038798708005,0.10795,0.474040879013251));
#14544=CARTESIAN_POINT('',(0.0240959892281857,0.10795,0.553374872990543));
#14545=CARTESIAN_POINT('',(0.013172922921694,0.10795,0.47437054736071));
#14546=CARTESIAN_POINT('',(0.0131175256385159,0.10795,0.473969287197579));
#14547=CARTESIAN_POINT('',(0.0127568275091432,0.10795,0.474153562009399));
#14548=CARTESIAN_POINT('',(-0.196187336479594,0.10795,0.580899739392703));
#14549=CARTESIAN_POINT('',(0.0126261680799486,0.10795,0.473898195644671));
#14550=CARTESIAN_POINT('',(0.0129866406533127,0.10795,0.473713479996561));
#14551=CARTESIAN_POINT('',(0.0126936296100667,0.10795,0.473433796057066));
#14552=CARTESIAN_POINT('',(-0.0449881880628444,0.10795,0.418353809353771));
#14553=CARTESIAN_POINT('',(0.0145587335912099,0.10795,0.471411867715987));
#14554=CARTESIAN_POINT('',(-0.196187336489743,0.10795,0.580899739397895));
#14555=CARTESIAN_POINT('',(0.0140688371357484,0.10795,0.470474010727594));
#14556=CARTESIAN_POINT('',(0.0235996880530281,0.10795,0.549658329353414));
#14557=CARTESIAN_POINT('',(0.0113438376503763,0.10795,0.470849756494909));
#14558=CARTESIAN_POINT('',(0.0112816711934237,0.10795,0.470449489197836));
#14559=CARTESIAN_POINT('',(0.0109241368188603,0.10795,0.470639829729016));
#14560=CARTESIAN_POINT('',(-0.196187336479684,0.10795,0.580899739392532));
#14561=CARTESIAN_POINT('',(0.0107891830214788,0.10795,0.47038670655891));
#14562=CARTESIAN_POINT('',(0.0111464844267108,0.10795,0.470195929063844));
#14563=CARTESIAN_POINT('',(0.0108487914615037,0.10795,0.469921233821909));
#14564=CARTESIAN_POINT('',(-0.0477550709582774,0.10795,0.415823319494495));
#14565=CARTESIAN_POINT('',(0.0126794800906828,0.10795,0.4678680932471));
#14566=CARTESIAN_POINT('',(-0.196187336489743,0.10795,0.580899739397895));
#14567=CARTESIAN_POINT('',(0.0121738135959704,0.10795,0.466938644128682));
#14568=CARTESIAN_POINT('',(0.023040686935232,0.10795,0.54595069642534));
#14569=CARTESIAN_POINT('',(0.00945554894814554,0.10795,0.467360360124881));
#14570=CARTESIAN_POINT('',(0.00938663105194068,0.10795,0.466961199880029));
#14571=CARTESIAN_POINT('',(0.00903236242776242,0.10795,0.467157551831196));
#14572=CARTESIAN_POINT('',(-0.196187336479775,0.10795,0.580899739392363));
#14573=CARTESIAN_POINT('',(0.00889315276112265,0.10795,0.466906744065395));
#14574=CARTESIAN_POINT('',(0.00924718106910669,0.10795,0.4667099591474));
#14575=CARTESIAN_POINT('',(0.0089448911062633,0.10795,0.466440330966677));
#14576=CARTESIAN_POINT('',(-0.0505642978511861,0.10795,0.413339921790552));
#14577=CARTESIAN_POINT('',(0.0107406421339987,0.10795,0.46435656386757));
#14578=CARTESIAN_POINT('',(-0.196187336489743,0.10795,0.580899739397895));
#14579=CARTESIAN_POINT('',(0.0102193498539161,0.10795,0.46343578776749));
#14580=CARTESIAN_POINT('',(0.0224191457467148,0.10795,0.542253034711325));
#14581=CARTESIAN_POINT('',(0.00750859549632446,0.10795,0.463903353687688));
#14582=CARTESIAN_POINT('',(0.00743294582141674,0.10795,0.463505414365477));
#14583=CARTESIAN_POINT('',(0.00708204401156309,0.10795,0.463707721722351));
#14584=CARTESIAN_POINT('',(-0.19618733647987,0.10795,0.580899739392195));
#14585=CARTESIAN_POINT('',(0.00693861818868602,0.10795,0.463459300910011));
#14586=CARTESIAN_POINT('',(0.00728927240403893,0.10795,0.463256564706881));
#14587=CARTESIAN_POINT('',(0.00698247167929275,0.10795,0.462992080505517));
#14588=CARTESIAN_POINT('',(-0.0534150673394518,0.10795,0.410904324693235));
#14589=CARTESIAN_POINT('',(0.00874277282292396,0.10795,0.460878281328522));
#14590=CARTESIAN_POINT('',(-0.196187336489743,0.10795,0.580899739397895));
#14591=CARTESIAN_POINT('',(0.00820600346909805,0.10795,0.459966440921134));
#14592=CARTESIAN_POINT('',(0.0217352415307603,0.10795,0.538566397363116));
#14593=CARTESIAN_POINT('',(0.00550353271183364,0.10795,0.460479723380472));
#14594=CARTESIAN_POINT('',(0.00542117283917276,0.10795,0.460083118502979));
#14595=CARTESIAN_POINT('',(0.00507373794711569,0.10795,0.460291323552354));
#14596=CARTESIAN_POINT('',(-0.196187336479968,0.10795,0.580899739392029));
#14597=CARTESIAN_POINT('',(0.00492613688378579,0.10795,0.460045360561691));
#14598=CARTESIAN_POINT('',(0.00527331697366812,0.10795,0.459836730908972));
#14599=CARTESIAN_POINT('',(0.00496209300954373,0.10795,0.459577466137654));
#14600=CARTESIAN_POINT('',(-0.0563065655687312,0.10795,0.408517223502952));
#14601=CARTESIAN_POINT('',(0.00668644209933798,0.10795,0.457434237896511));
#14602=CARTESIAN_POINT('',(-0.196187336489743,0.10795,0.580899739397895));
#14603=CARTESIAN_POINT('',(0.00613434879863213,0.10795,0.456531593307059));
#14604=CARTESIAN_POINT('',(0.0209891694776452,0.10795,0.53489183665572));
#14605=CARTESIAN_POINT('',(0.00344093258871729,0.10795,0.457090445878944));
#14606=CARTESIAN_POINT('',(0.003351886013506,0.10795,0.456695288587579));
#14607=CARTESIAN_POINT('',(0.00300801715369281,0.10795,0.456909331933784));
#14608=CARTESIAN_POINT('',(-0.196187336480069,0.10795,0.580899739391865));
#14609=CARTESIAN_POINT('',(0.00285628295678581,0.10795,0.456665896931862));
#14610=CARTESIAN_POINT('',(0.00319988987943887,0.10795,0.456451433346353));
#14611=CARTESIAN_POINT('',(0.00288433146034595,0.10795,0.456197461966833));
#14612=CARTESIAN_POINT('',(-0.0592379694700185,0.10795,0.406179297743735));
#14613=CARTESIAN_POINT('',(0.00457223658289133,0.10795,0.454025416070859));
#14614=CARTESIAN_POINT('',(-0.196187336489743,0.10795,0.580899739397895));
#14615=CARTESIAN_POINT('',(0.00400497683355629,0.10795,0.453132224801008));
#14616=CARTESIAN_POINT('',(0.0201811424232268,0.10795,0.531230400849533));
#14617=CARTESIAN_POINT('',(0.00132138353497921,0.10795,0.453736488058839));
#14618=CARTESIAN_POINT('',(0.00122567565996848,0.10795,0.453342891082051));
#14619=CARTESIAN_POINT('',(0.000885470929547133,0.10795,0.453562711663897));
#14620=CARTESIAN_POINT('',(-0.196187336480172,0.10795,0.580899739391703));
#14621=CARTESIAN_POINT('',(0.000729646885017948,0.10795,0.453321874096606));
#14622=CARTESIAN_POINT('',(0.0010695826180179,0.10795,0.453101637759381));
#14623=CARTESIAN_POINT('',(0.000749779764831847,0.10795,0.452853032223301));
#14624=CARTESIAN_POINT('',(-0.06220844098403,0.10795,0.40389121582346));
#14625=CARTESIAN_POINT('',(0.00240075940316165,0.10795,0.450652788302561));
#14626=CARTESIAN_POINT('',(-0.196187336489743,0.10795,0.580899739397895));
#14627=CARTESIAN_POINT('',(0.00181849503020449,0.10795,0.449769305157426));
#14628=CARTESIAN_POINT('',(0.0193113908767054,0.10795,0.527583134457458));
#14629=CARTESIAN_POINT('',(-0.00085450979527762,0.10795,0.450418806720074));
#14630=CARTESIAN_POINT('',(-0.000956851667035019,0.10795,0.450026882341193));
#14631=CARTESIAN_POINT('',(-0.0012932952162007,0.10795,0.450252417449389));
#14632=CARTESIAN_POINT('',(-0.196187336480278,0.10795,0.580899739391542));
#14633=CARTESIAN_POINT('',(-0.00145316465566642,0.10795,0.450014246021639));
#14634=CARTESIAN_POINT('',(-0.00111699708744517,0.10795,0.449788299760593));
#14635=CARTESIAN_POINT('',(-0.00144095314300379,0.10795,0.449545130988867));
#14636=CARTESIAN_POINT('',(-0.0652171333127195,0.10795,0.401653629987676));
#14637=CARTESIAN_POINT('',(0.000172630028091275,0.10795,0.447317316717683));
#14638=CARTESIAN_POINT('',(-0.196187336489743,0.10795,0.580899739397895));
#14639=CARTESIAN_POINT('',(-0.000424472863088514,0.10795,0.446443793732812));
#14640=CARTESIAN_POINT('',(0.0183801629559569,0.10795,0.523951077951333));
#14641=CARTESIAN_POINT('',(-0.00308612667434318,0.10795,0.447138348313797));
#14642=CARTESIAN_POINT('',(-0.00319507334728203,0.10795,0.446748208339004));
#14643=CARTESIAN_POINT('',(-0.00352765973629876,0.10795,0.446979393634049));
#14644=CARTESIAN_POINT('',(-0.196187336480386,0.10795,0.580899739391383));
#14645=CARTESIAN_POINT('',(-0.00369152896396574,0.10795,0.446743956290164));
#14646=CARTESIAN_POINT('',(-0.00335922546068606,0.10795,0.446512364562089));
#14647=CARTESIAN_POINT('',(-0.00368724230209223,0.10795,0.44627470192466));
#14648=CARTESIAN_POINT('',(-0.068263188149247,0.10795,0.39946717856525));
#14649=CARTESIAN_POINT('',(-0.00211151591297831,0.10795,0.444019952842483));
#14650=CARTESIAN_POINT('',(-0.196187336489743,0.10795,0.580899739397895));
#14651=CARTESIAN_POINT('',(-0.00272328698392481,0.10795,0.443156639212041));
#14652=CARTESIAN_POINT('',(0.0173877243182208,0.10795,0.520335267470794));
#14653=CARTESIAN_POINT('',(-0.00537283047797872,0.10795,0.443896048672388));
#14654=CARTESIAN_POINT('',(-0.00548835087234986,0.10795,0.443507804398817));
#14655=CARTESIAN_POINT('',(-0.00581698522267524,0.10795,0.443744573929353));
#14656=CARTESIAN_POINT('',(-0.196187336480498,0.10795,0.580899739391226));
#14657=CARTESIAN_POINT('',(-0.0059848074907691,0.10795,0.443511937833694));
#14658=CARTESIAN_POINT('',(-0.00565646285027324,0.10795,0.443274766705894));
#14659=CARTESIAN_POINT('',(-0.0059884469025618,0.10795,0.443042678001942));
#14660=CARTESIAN_POINT('',(-0.0713457365328199,0.10795,0.397332485294318));
#14661=CARTESIAN_POINT('',(-0.00445102681058645,0.10795,0.440761637332046));
#14662=CARTESIAN_POINT('',(-0.196187336489743,0.10795,0.580899739397895));
#14663=CARTESIAN_POINT('',(-0.00507729153838048,0.10795,0.439908779337727));
#14664=CARTESIAN_POINT('',(0.0163343580802109,0.10795,0.516736734511525));
#14665=CARTESIAN_POINT('',(-0.00771396886702973,0.10795,0.440692832742489));
#14666=CARTESIAN_POINT('',(-0.00783603002776645,0.10795,0.44030659492648));
#14667=CARTESIAN_POINT('',(-0.00816061858827544,0.10795,0.440548881148109));
#14668=CARTESIAN_POINT('',(-0.196187336480611,0.10795,0.58089973939107));
#14669=CARTESIAN_POINT('',(-0.00833234602131872,0.10795,0.440319112665909));
#14670=CARTESIAN_POINT('',(-0.00800805391208476,0.10795,0.440076429797348));
#14671=CARTESIAN_POINT('',(-0.00834391046854467,0.10795,0.439849981235951));
#14672=CARTESIAN_POINT('',(-0.0744638990881023,0.10795,0.395250159150428));
#14673=CARTESIAN_POINT('',(-0.0068452352610411,0.10795,0.437543299701941));
#14674=CARTESIAN_POINT('',(-0.196187336489743,0.10795,0.580899739397895));
#14675=CARTESIAN_POINT('',(-0.00748581498808696,0.10795,0.436701140642706));
#14676=CARTESIAN_POINT('',(0.0152203647408454,0.10795,0.513156505644786));
#14677=CARTESIAN_POINT('',(-0.0101088739735218,0.10795,0.437529614321144));
#14678=CARTESIAN_POINT('',(-0.0102374410796412,0.10795,0.437145493146643));
#14679=CARTESIAN_POINT('',(-0.0105578912533708,0.10795,0.43739322694119));
#14680=CARTESIAN_POINT('',(-0.196187336480729,0.10795,0.580899739390917));
#14681=CARTESIAN_POINT('',(-0.0107334748618406,0.10795,0.437166391619627));
#14682=CARTESIAN_POINT('',(-0.0104133277962613,0.10795,0.436918266241631));
#14683=CARTESIAN_POINT('',(-0.0107529610454692,0.10795,0.436697522422866));
#14684=CARTESIAN_POINT('',(-0.0776167856769696,0.10795,0.393220794548922));
#14685=CARTESIAN_POINT('',(-0.00929345825686716,0.10795,0.434365858062981));
#14686=CARTESIAN_POINT('',(-0.196187336489743,0.10795,0.580899739397895));
#14687=CARTESIAN_POINT('',(-0.00994817024180561,0.10795,0.433534638185726));
#14688=CARTESIAN_POINT('',(0.0140460620949991,0.10795,0.509595602221715));
#14689=CARTESIAN_POINT('',(-0.0125568625911868,0.10795,0.434407295795108));
#14690=CARTESIAN_POINT('',(-0.012691898965723,0.10795,0.434025400842238));
#14691=CARTESIAN_POINT('',(-0.0130081193362883,0.10795,0.434278511537475));
#14692=CARTESIAN_POINT('',(-0.196187336480847,0.10795,0.580899739390766));
#14693=CARTESIAN_POINT('',(-0.0131875090305917,0.10795,0.434054674086967));
#14694=CARTESIAN_POINT('',(-0.0128715983385829,0.10795,0.433801176983475));
#14695=CARTESIAN_POINT('',(-0.013214911391673,0.10795,0.433586200880027));
#14696=CARTESIAN_POINT('',(-0.0808034986770219,0.10795,0.391244969274547));
#14697=CARTESIAN_POINT('',(-0.0117949973813784,0.10795,0.431230218859658));
#14698=CARTESIAN_POINT('',(-0.196187336489743,0.10795,0.580899739397895));
#14699=CARTESIAN_POINT('',(-0.012463654851435,0.10795,0.430410175290395));
#14700=CARTESIAN_POINT('',(0.0128117851411734,0.10795,0.506055040076978));
#14701=CARTESIAN_POINT('',(-0.0150572363703643,0.10795,0.431326767883427));
#14702=CARTESIAN_POINT('',(-0.0151987034908315,0.10795,0.430947208097224));
#14703=CARTESIAN_POINT('',(-0.0155106038485042,0.10795,0.431205623487028));
#14704=CARTESIAN_POINT('',(-0.196187336480969,0.10795,0.580899739390617));
#14705=CARTESIAN_POINT('',(-0.0156937484532674,0.10795,0.430984847762779));
#14706=CARTESIAN_POINT('',(-0.0153821642562141,0.10795,0.430726051250145));
#14707=CARTESIAN_POINT('',(-0.0157290591746117,0.10795,0.430516904189287));
#14708=CARTESIAN_POINT('',(-0.0840231271817763,0.10795,0.389323248122869));
#14709=CARTESIAN_POINT('',(-0.0143491390084632,0.10795,0.428137276610864));
#14710=CARTESIAN_POINT('',(-0.196187336489743,0.10795,0.580899739397895));
#14711=CARTESIAN_POINT('',(-0.0150315512124033,0.10795,0.427328643287493));
#14712=CARTESIAN_POINT('',(0.0115178859881331,0.10795,0.502535829245638));
#14713=CARTESIAN_POINT('',(-0.0176092820172227,0.10795,0.428288909383333));
#14714=CARTESIAN_POINT('',(-0.0177571395266052,0.10795,0.427911793042669));
#14715=CARTESIAN_POINT('',(-0.0180646308940477,0.10795,0.428175439407621));
#14716=CARTESIAN_POINT('',(-0.196187336481093,0.10795,0.58089973939047));
#14717=CARTESIAN_POINT('',(-0.0182514781627156,0.10795,0.427957788391398));
#14718=CARTESIAN_POINT('',(-0.0179443093477624,0.10795,0.427693766297768));
#14719=CARTESIAN_POINT('',(-0.0182946871710612,0.10795,0.427490507943903));
#14720=CARTESIAN_POINT('',(-0.0872747533180719,0.10795,0.387456178931784));
#14721=CARTESIAN_POINT('',(-0.0169551545056192,0.10795,0.4250879136554));
#14722=CARTESIAN_POINT('',(-0.196187336489743,0.10795,0.580899739397895));
#14723=CARTESIAN_POINT('',(-0.017651126768383,0.10795,0.424290921260696));
#14724=CARTESIAN_POINT('',(0.010164733752886,0.10795,0.499038973670289));
#14725=CARTESIAN_POINT('',(-0.0202122714972451,0.10795,0.425294586919546));
#14726=CARTESIAN_POINT('',(-0.0203664772155094,0.10795,0.424920021606242));
#14727=CARTESIAN_POINT('',(-0.0206694718731588,0.10795,0.425188823734656));
#14728=CARTESIAN_POINT('',(-0.19618733648122,0.10795,0.580899739390325));
#14729=CARTESIAN_POINT('',(-0.020859968502899,0.10795,0.424974359516827));
#14730=CARTESIAN_POINT('',(-0.020557302697593,0.10795,0.424705187161071));
#14731=CARTESIAN_POINT('',(-0.0209110634718012,0.10795,0.424507875498701));
#14732=CARTESIAN_POINT('',(-0.0905574494789796,0.10795,0.385644294329067));
#14733=CARTESIAN_POINT('',(-0.019612300442087,0.10795,0.422082999899916));
#14734=CARTESIAN_POINT('',(-0.196187336489743,0.10795,0.580899739397895));
#14735=CARTESIAN_POINT('',(-0.0203216342202704,0.10795,0.42129787579579));
#14736=CARTESIAN_POINT('',(0.00875271445434244,0.10795,0.495565470912321));
#14737=CARTESIAN_POINT('',(-0.0228654622429183,0.10795,0.422344654697051));
#14738=CARTESIAN_POINT('',(-0.0230259721790467,0.10795,0.421972747265181));
#14739=CARTESIAN_POINT('',(-0.0233243836901382,0.10795,0.422246628474563));
#14740=CARTESIAN_POINT('',(-0.196187336481349,0.10795,0.580899739390182));
#14741=CARTESIAN_POINT('',(-0.0235184753370475,0.10795,0.42203541223638));
#14742=CARTESIAN_POINT('',(-0.02322039888434,0.10795,0.421761166406611));
#14743=CARTESIAN_POINT('',(-0.0235774416903948,0.10795,0.421569857723796));
#14744=CARTESIAN_POINT('',(-0.0938702791926335,0.10795,0.383888111200492));
#14745=CARTESIAN_POINT('',(-0.0223198188008769,0.10795,0.419123392570828));
#14746=CARTESIAN_POINT('',(-0.196187336489743,0.10795,0.580899739397895));
#14747=CARTESIAN_POINT('',(-0.0230423117393708,0.10795,0.418350360733463));
#14748=CARTESIAN_POINT('',(0.00728223090859534,0.10795,0.492116311880914));
#14749=CARTESIAN_POINT('',(-0.0255680973655692,0.10795,0.419439954257408));
#14750=CARTESIAN_POINT('',(-0.0257348657301088,0.10795,0.419070810802821));
#14751=CARTESIAN_POINT('',(-0.0260286089653341,0.10795,0.419349692961741));
#14752=CARTESIAN_POINT('',(-0.19618733648148,0.10795,0.580899739390041));
#14753=CARTESIAN_POINT('',(-0.0262262402599411,0.10795,0.419141784957893));
#14754=CARTESIAN_POINT('',(-0.0259328381935566,0.10795,0.418862543889556));
#14755=CARTESIAN_POINT('',(-0.0262930611761146,0.10795,0.41867729276186));
#14756=CARTESIAN_POINT('',(-0.0972122973927372,0.10795,0.382188130540539));
#14757=CARTESIAN_POINT('',(-0.0250769371950121,0.10795,0.41620993596976));
#14758=CARTESIAN_POINT('',(-0.196187336489743,0.10795,0.580899739397895));
#14759=CARTESIAN_POINT('',(-0.0258123831843567,0.10795,0.415449216926108));
#14760=CARTESIAN_POINT('',(0.00575370198694697,0.10795,0.488692479191238));
#14761=CARTESIAN_POINT('',(-0.0283194058712752,0.10795,0.416581314238714));
#14762=CARTESIAN_POINT('',(-0.0284923850894114,0.10795,0.416215040068741));
#14763=CARTESIAN_POINT('',(-0.0287813762512043,0.10795,0.416498843619123));
#14764=CARTESIAN_POINT('',(-0.196187336481614,0.10795,0.580899739389903));
#14765=CARTESIAN_POINT('',(-0.0289824908142651,0.10795,0.416294303160542));
#14766=CARTESIAN_POINT('',(-0.028693846834443,0.10795,0.416010146514101));
#14767=CARTESIAN_POINT('',(-0.0290571472309356,0.10795,0.415831005789015));
#14768=CARTESIAN_POINT('',(-0.100582550685151,0.10795,0.380544837311146));
#14769=CARTESIAN_POINT('',(-0.0278828690878724,0.10795,0.413343461232699));
#14770=CARTESIAN_POINT('',(-0.196187336489743,0.10795,0.580899739397895));
#14771=CARTESIAN_POINT('',(-0.0286310583245473,0.10795,0.412595271996024));
#14772=CARTESIAN_POINT('',(0.00416756559662835,0.10795,0.485294953592504));
#14773=CARTESIAN_POINT('',(-0.0311186028808633,0.10795,0.413769550139088));
#14774=CARTESIAN_POINT('',(-0.0312977436059487,0.10795,0.413406249742595));
#14775=CARTESIAN_POINT('',(-0.0315819002523899,0.10795,0.413694893722417));
#14776=CARTESIAN_POINT('',(-0.19618733648175,0.10795,0.580899739389767));
#14777=CARTESIAN_POINT('',(-0.0317864407109715,0.10795,0.413493779159356));
#14778=CARTESIAN_POINT('',(-0.0315026371605888,0.10795,0.413204787997563));
#14779=CARTESIAN_POINT('',(-0.0318689113305486,0.10795,0.413031808779433));
#14780=CARTESIAN_POINT('',(-0.103980077232657,0.10795,0.37895870047894));
#14781=CARTESIAN_POINT('',(-0.0307368140176096,0.10795,0.410524786092845));
#14782=CARTESIAN_POINT('',(-0.196187336489743,0.10795,0.580899739397895));
#14783=CARTESIAN_POINT('',(-0.0314975330616084,0.10795,0.409789340103164));
#14784=CARTESIAN_POINT('',(0.00252427236713523,0.10795,0.481924700299939));
#14785=CARTESIAN_POINT('',(-0.0339648898537083,0.10795,0.411005464084267));
#14786=CARTESIAN_POINT('',(-0.034150140981405,0.10795,0.410645241101709));
#14787=CARTESIAN_POINT('',(-0.0344293820497412,0.10795,0.410938643168093));
#14788=CARTESIAN_POINT('',(-0.196187336481889,0.10795,0.580899739389633));
#14789=CARTESIAN_POINT('',(-0.0346372900535886,0.10795,0.410741011873486));
#14790=CARTESIAN_POINT('',(-0.0343584078946691,0.10795,0.41044726863826));
#14791=CARTESIAN_POINT('',(-0.0347275513492564,0.10795,0.410280500273721));
#14792=CARTESIAN_POINT('',(-0.107403908972792,0.10795,0.377430171999537));
#14793=CARTESIAN_POINT('',(-0.0336379578253112,0.10795,0.407754714647523));
#14794=CARTESIAN_POINT('',(-0.196187336489743,0.10795,0.580899739397895));
#14795=CARTESIAN_POINT('',(-0.0344109896626756,0.10795,0.407032221709029));
#14796=CARTESIAN_POINT('',(0.000824291707478773,0.10795,0.47858268210044));
#14797=CARTESIAN_POINT('',(-0.0368574548156449,0.10795,0.408289844598547));
#14798=CARTESIAN_POINT('',(-0.0370487634984593,0.10795,0.407932801792492));
#14799=CARTESIAN_POINT('',(-0.0373230093282281,0.10795,0.4082308782452));
#14800=CARTESIAN_POINT('',(-0.196187336482029,0.10795,0.580899739389501));
#14801=CARTESIAN_POINT('',(-0.0375342255664104,0.10795,0.40803678659829));
#14802=CARTESIAN_POINT('',(-0.0372603443570288,0.10795,0.407738375087199));
#14803=CARTESIAN_POINT('',(-0.037632251788932,0.10795,0.407577865151056));
#14804=CARTESIAN_POINT('',(-0.110853066699214,0.10795,0.37595968899363));
#14805=CARTESIAN_POINT('',(-0.036585472887767,0.10795,0.405034037128305));
#14806=CARTESIAN_POINT('',(-0.196187336489743,0.10795,0.580899739397895));
#14807=CARTESIAN_POINT('',(-0.0373705969917645,0.10795,0.404324703350239));
#14808=CARTESIAN_POINT('',(-0.000931891420953243,0.10795,0.475269852387062));
#14809=CARTESIAN_POINT('',(-0.039795472590549,0.10795,0.405623466379953));
#14810=CARTESIAN_POINT('',(-0.0399927842529196,0.10795,0.405269705605745));
#14811=CARTESIAN_POINT('',(-0.0402619566086745,0.10795,0.405572371411051));
#14812=CARTESIAN_POINT('',(-0.196187336482172,0.10795,0.580899739389372));
#14813=CARTESIAN_POINT('',(-0.0404764208265047,0.10795,0.40538187478131));
#14814=CARTESIAN_POINT('',(-0.0402076186980903,0.10795,0.405078880123661));
#14815=CARTESIAN_POINT('',(-0.0405821840113941,0.10795,0.404924674405397));
#14816=CARTESIAN_POINT('',(-0.114326570761767,0.10795,0.374547669155409));
#14817=CARTESIAN_POINT('',(-0.0395785183525437,0.10795,0.402363529676535));
#14818=CARTESIAN_POINT('',(-0.196187336489743,0.10795,0.580899739397895));
#14819=CARTESIAN_POINT('',(-0.0403755107468433,0.10795,0.401667557414123));
#14820=CARTESIAN_POINT('',(-0.00274377675266144,0.10795,0.471987154945465));
#14821=CARTESIAN_POINT('',(-0.0427781050357379,0.10795,0.403007090079235));
#14822=CARTESIAN_POINT('',(-0.0429813633896165,0.10795,0.402656712255915));
#14823=CARTESIAN_POINT('',(-0.0432453854832461,0.10795,0.402963881070868));
#14824=CARTESIAN_POINT('',(-0.196187336482317,0.10795,0.580899739389245));
#14825=CARTESIAN_POINT('',(-0.0434630364994698,0.10795,0.402777033802199));
#14826=CARTESIAN_POINT('',(-0.0431993901345177,0.10795,0.402469542434757));
#14827=CARTESIAN_POINT('',(-0.0435765064752038,0.10795,0.402321684925365));
#14828=CARTESIAN_POINT('',(-0.117823425433589,0.10795,0.373194517258663));
#14829=CARTESIAN_POINT('',(-0.0426162403794326,0.10795,0.399743954120478));
#14830=CARTESIAN_POINT('',(-0.196187336489743,0.10795,0.580899739397895));
#14831=CARTESIAN_POINT('',(-0.0434248737027125,0.10795,0.399061541916615));
#14832=CARTESIAN_POINT('',(-0.00461084521504771,0.10795,0.468735530089352));
#14833=CARTESIAN_POINT('',(-0.0437685627877912,0.10795,0.39925411825979));
#14834=CARTESIAN_POINT('',(-0.196187336489744,0.10795,0.580899739397895));
#14835=CARTESIAN_POINT('',(-0.0504255360652192,0.10795,0.407187590078968));
#14836=CARTESIAN_POINT('',(-0.0465340302941747,0.10795,0.410452951136176));
#14837=CARTESIAN_POINT('',(-0.0505059736993145,0.10795,0.407285923257175));
#14838=CARTESIAN_POINT('',(-0.0466973393559707,0.10795,0.410647575297274));
#14839=CARTESIAN_POINT('',(-0.0433455456982628,0.10795,0.406830262200848));
#14840=CARTESIAN_POINT('',(-0.196187336489744,0.10795,0.580899739397895));
#14841=CARTESIAN_POINT('',(-0.196187336489743,0.05715,0.580899739397895));
#14842=CARTESIAN_POINT('',(-0.196187336489743,0.05715,0.580899739397895));
#14843=CARTESIAN_POINT('',(0.0388768297791353,0.05715,0.614757350600059));
#14844=CARTESIAN_POINT('',(0.0389344505391925,0.05715,0.61435486403254));
#14845=CARTESIAN_POINT('',(0.0407833063121272,0.05715,0.624089605002354));
#14846=CARTESIAN_POINT('',(0.0321111587353523,0.05715,0.620150127701159));
#14847=CARTESIAN_POINT('',(-0.196187336489743,0.05715,0.580899739397895));
#14848=CARTESIAN_POINT('',(-0.0433455456982628,0.05715,0.406830262200849));
#14849=CARTESIAN_POINT('',(-0.0466973393559708,0.05715,0.410647575297275));
#14850=CARTESIAN_POINT('',(-0.0505059736993148,0.05715,0.407285923257176));
#14851=CARTESIAN_POINT('',(-0.0465340302941747,0.05715,0.410452951136176));
#14852=CARTESIAN_POINT('',(-0.0504255360652192,0.05715,0.407187590078968));
#14853=CARTESIAN_POINT('',(-0.0504705993118533,0.05715,0.407241294365038));
#14854=CARTESIAN_POINT('',(-0.0437685627877913,0.05715,0.39925411825979));
#14855=CARTESIAN_POINT('',(-0.00461084521504771,0.05715,0.468735530089352));
#14856=CARTESIAN_POINT('',(-0.0434248737027125,0.05715,0.399061541916615));
#14857=CARTESIAN_POINT('',(-0.196187336489743,0.05715,0.580899739397895));
#14858=CARTESIAN_POINT('',(-0.0426162403794326,0.05715,0.399743954120478));
#14859=CARTESIAN_POINT('',(-0.117823425433589,0.05715,0.373194517258663));
#14860=CARTESIAN_POINT('',(-0.0435765064752038,0.05715,0.402321684925365));
#14861=CARTESIAN_POINT('',(-0.0431993901345177,0.05715,0.402469542434757));
#14862=CARTESIAN_POINT('',(-0.0434630364994696,0.05715,0.402777033802199));
#14863=CARTESIAN_POINT('',(-0.196187336482317,0.05715,0.580899739389245));
#14864=CARTESIAN_POINT('',(-0.0432453854832461,0.05715,0.402963881070868));
#14865=CARTESIAN_POINT('',(-0.0429813633896165,0.05715,0.402656712255915));
#14866=CARTESIAN_POINT('',(-0.0427781050357379,0.05715,0.403007090079235));
#14867=CARTESIAN_POINT('',(-0.00274377675266144,0.05715,0.471987154945465));
#14868=CARTESIAN_POINT('',(-0.0403755107468433,0.05715,0.401667557414123));
#14869=CARTESIAN_POINT('',(-0.196187336489743,0.05715,0.580899739397895));
#14870=CARTESIAN_POINT('',(-0.0395785183525437,0.05715,0.402363529676535));
#14871=CARTESIAN_POINT('',(-0.114326570761767,0.05715,0.374547669155409));
#14872=CARTESIAN_POINT('',(-0.0405821840113941,0.05715,0.404924674405397));
#14873=CARTESIAN_POINT('',(-0.0402076186980903,0.05715,0.405078880123661));
#14874=CARTESIAN_POINT('',(-0.0404764208265046,0.05715,0.40538187478131));
#14875=CARTESIAN_POINT('',(-0.196187336482172,0.05715,0.580899739389372));
#14876=CARTESIAN_POINT('',(-0.0402619566086745,0.05715,0.405572371411051));
#14877=CARTESIAN_POINT('',(-0.0399927842529196,0.05715,0.405269705605745));
#14878=CARTESIAN_POINT('',(-0.039795472590549,0.05715,0.405623466379953));
#14879=CARTESIAN_POINT('',(-0.000931891420953243,0.05715,0.475269852387062));
#14880=CARTESIAN_POINT('',(-0.0373705969917645,0.05715,0.404324703350239));
#14881=CARTESIAN_POINT('',(-0.196187336489743,0.05715,0.580899739397895));
#14882=CARTESIAN_POINT('',(-0.036585472887767,0.05715,0.405034037128305));
#14883=CARTESIAN_POINT('',(-0.110853066699214,0.05715,0.37595968899363));
#14884=CARTESIAN_POINT('',(-0.037632251788932,0.05715,0.407577865151056));
#14885=CARTESIAN_POINT('',(-0.0372603443570288,0.05715,0.407738375087199));
#14886=CARTESIAN_POINT('',(-0.0375342255664102,0.05715,0.40803678659829));
#14887=CARTESIAN_POINT('',(-0.196187336482029,0.05715,0.580899739389501));
#14888=CARTESIAN_POINT('',(-0.0373230093282281,0.05715,0.4082308782452));
#14889=CARTESIAN_POINT('',(-0.0370487634984593,0.05715,0.407932801792492));
#14890=CARTESIAN_POINT('',(-0.0368574548156449,0.05715,0.408289844598547));
#14891=CARTESIAN_POINT('',(0.000824291707478773,0.05715,0.47858268210044));
#14892=CARTESIAN_POINT('',(-0.0344109896626756,0.05715,0.407032221709029));
#14893=CARTESIAN_POINT('',(-0.196187336489743,0.05715,0.580899739397895));
#14894=CARTESIAN_POINT('',(-0.0336379578253112,0.05715,0.407754714647523));
#14895=CARTESIAN_POINT('',(-0.107403908972792,0.05715,0.377430171999537));
#14896=CARTESIAN_POINT('',(-0.0347275513492564,0.05715,0.410280500273721));
#14897=CARTESIAN_POINT('',(-0.0343584078946691,0.05715,0.41044726863826));
#14898=CARTESIAN_POINT('',(-0.0346372900535884,0.05715,0.410741011873486));
#14899=CARTESIAN_POINT('',(-0.196187336481889,0.05715,0.580899739389633));
#14900=CARTESIAN_POINT('',(-0.0344293820497412,0.05715,0.410938643168093));
#14901=CARTESIAN_POINT('',(-0.034150140981405,0.05715,0.410645241101709));
#14902=CARTESIAN_POINT('',(-0.0339648898537083,0.05715,0.411005464084267));
#14903=CARTESIAN_POINT('',(0.00252427236713523,0.05715,0.481924700299939));
#14904=CARTESIAN_POINT('',(-0.0314975330616084,0.05715,0.409789340103164));
#14905=CARTESIAN_POINT('',(-0.196187336489743,0.05715,0.580899739397895));
#14906=CARTESIAN_POINT('',(-0.0307368140176096,0.05715,0.410524786092845));
#14907=CARTESIAN_POINT('',(-0.103980077232657,0.05715,0.37895870047894));
#14908=CARTESIAN_POINT('',(-0.0318689113305487,0.05715,0.413031808779433));
#14909=CARTESIAN_POINT('',(-0.0315026371605888,0.05715,0.413204787997563));
#14910=CARTESIAN_POINT('',(-0.0317864407109713,0.05715,0.413493779159356));
#14911=CARTESIAN_POINT('',(-0.19618733648175,0.05715,0.580899739389767));
#14912=CARTESIAN_POINT('',(-0.0315819002523899,0.05715,0.413694893722417));
#14913=CARTESIAN_POINT('',(-0.0312977436059487,0.05715,0.413406249742595));
#14914=CARTESIAN_POINT('',(-0.0311186028808633,0.05715,0.413769550139088));
#14915=CARTESIAN_POINT('',(0.00416756559662835,0.05715,0.485294953592504));
#14916=CARTESIAN_POINT('',(-0.0286310583245473,0.05715,0.412595271996024));
#14917=CARTESIAN_POINT('',(-0.196187336489743,0.05715,0.580899739397895));
#14918=CARTESIAN_POINT('',(-0.0278828690878724,0.05715,0.413343461232699));
#14919=CARTESIAN_POINT('',(-0.100582550685151,0.05715,0.380544837311146));
#14920=CARTESIAN_POINT('',(-0.0290571472309356,0.05715,0.415831005789015));
#14921=CARTESIAN_POINT('',(-0.028693846834443,0.05715,0.416010146514101));
#14922=CARTESIAN_POINT('',(-0.028982490814265,0.05715,0.416294303160542));
#14923=CARTESIAN_POINT('',(-0.196187336481614,0.05715,0.580899739389903));
#14924=CARTESIAN_POINT('',(-0.0287813762512043,0.05715,0.416498843619123));
#14925=CARTESIAN_POINT('',(-0.0284923850894114,0.05715,0.416215040068741));
#14926=CARTESIAN_POINT('',(-0.0283194058712752,0.05715,0.416581314238714));
#14927=CARTESIAN_POINT('',(0.00575370198694697,0.05715,0.488692479191238));
#14928=CARTESIAN_POINT('',(-0.0258123831843567,0.05715,0.415449216926108));
#14929=CARTESIAN_POINT('',(-0.196187336489743,0.05715,0.580899739397895));
#14930=CARTESIAN_POINT('',(-0.0250769371950121,0.05715,0.41620993596976));
#14931=CARTESIAN_POINT('',(-0.0972122973927372,0.05715,0.382188130540539));
#14932=CARTESIAN_POINT('',(-0.0262930611761146,0.05715,0.41867729276186));
#14933=CARTESIAN_POINT('',(-0.0259328381935566,0.05715,0.418862543889556));
#14934=CARTESIAN_POINT('',(-0.0262262402599409,0.05715,0.419141784957893));
#14935=CARTESIAN_POINT('',(-0.19618733648148,0.05715,0.580899739390041));
#14936=CARTESIAN_POINT('',(-0.0260286089653341,0.05715,0.419349692961741));
#14937=CARTESIAN_POINT('',(-0.0257348657301088,0.05715,0.419070810802821));
#14938=CARTESIAN_POINT('',(-0.0255680973655692,0.05715,0.419439954257408));
#14939=CARTESIAN_POINT('',(0.00728223090859534,0.05715,0.492116311880914));
#14940=CARTESIAN_POINT('',(-0.0230423117393708,0.05715,0.418350360733463));
#14941=CARTESIAN_POINT('',(-0.196187336489743,0.05715,0.580899739397895));
#14942=CARTESIAN_POINT('',(-0.0223198188008769,0.05715,0.419123392570828));
#14943=CARTESIAN_POINT('',(-0.0938702791926335,0.05715,0.383888111200492));
#14944=CARTESIAN_POINT('',(-0.0235774416903948,0.05715,0.421569857723796));
#14945=CARTESIAN_POINT('',(-0.02322039888434,0.05715,0.421761166406611));
#14946=CARTESIAN_POINT('',(-0.0235184753370473,0.05715,0.42203541223638));
#14947=CARTESIAN_POINT('',(-0.196187336481349,0.05715,0.580899739390182));
#14948=CARTESIAN_POINT('',(-0.0233243836901382,0.05715,0.422246628474563));
#14949=CARTESIAN_POINT('',(-0.0230259721790467,0.05715,0.421972747265181));
#14950=CARTESIAN_POINT('',(-0.0228654622429183,0.05715,0.422344654697051));
#14951=CARTESIAN_POINT('',(0.00875271445434244,0.05715,0.495565470912321));
#14952=CARTESIAN_POINT('',(-0.0203216342202704,0.05715,0.42129787579579));
#14953=CARTESIAN_POINT('',(-0.196187336489743,0.05715,0.580899739397895));
#14954=CARTESIAN_POINT('',(-0.019612300442087,0.05715,0.422082999899916));
#14955=CARTESIAN_POINT('',(-0.0905574494789796,0.05715,0.385644294329067));
#14956=CARTESIAN_POINT('',(-0.0209110634718012,0.05715,0.424507875498701));
#14957=CARTESIAN_POINT('',(-0.020557302697593,0.05715,0.424705187161071));
#14958=CARTESIAN_POINT('',(-0.0208599685028989,0.05715,0.424974359516827));
#14959=CARTESIAN_POINT('',(-0.19618733648122,0.05715,0.580899739390325));
#14960=CARTESIAN_POINT('',(-0.0206694718731588,0.05715,0.425188823734656));
#14961=CARTESIAN_POINT('',(-0.0203664772155094,0.05715,0.424920021606242));
#14962=CARTESIAN_POINT('',(-0.020212271497245,0.05715,0.425294586919546));
#14963=CARTESIAN_POINT('',(0.010164733752886,0.05715,0.499038973670289));
#14964=CARTESIAN_POINT('',(-0.017651126768383,0.05715,0.424290921260696));
#14965=CARTESIAN_POINT('',(-0.196187336489743,0.05715,0.580899739397895));
#14966=CARTESIAN_POINT('',(-0.0169551545056192,0.05715,0.4250879136554));
#14967=CARTESIAN_POINT('',(-0.0872747533180719,0.05715,0.387456178931784));
#14968=CARTESIAN_POINT('',(-0.0182946871710612,0.05715,0.427490507943902));
#14969=CARTESIAN_POINT('',(-0.0179443093477624,0.05715,0.427693766297768));
#14970=CARTESIAN_POINT('',(-0.0182514781627155,0.05715,0.427957788391398));
#14971=CARTESIAN_POINT('',(-0.196187336481093,0.05715,0.58089973939047));
#14972=CARTESIAN_POINT('',(-0.0180646308940477,0.05715,0.428175439407621));
#14973=CARTESIAN_POINT('',(-0.0177571395266052,0.05715,0.427911793042669));
#14974=CARTESIAN_POINT('',(-0.0176092820172227,0.05715,0.428288909383333));
#14975=CARTESIAN_POINT('',(0.0115178859881331,0.05715,0.502535829245638));
#14976=CARTESIAN_POINT('',(-0.0150315512124033,0.05715,0.427328643287493));
#14977=CARTESIAN_POINT('',(-0.196187336489743,0.05715,0.580899739397895));
#14978=CARTESIAN_POINT('',(-0.0143491390084632,0.05715,0.428137276610864));
#14979=CARTESIAN_POINT('',(-0.0840231271817763,0.05715,0.389323248122869));
#14980=CARTESIAN_POINT('',(-0.0157290591746117,0.05715,0.430516904189287));
#14981=CARTESIAN_POINT('',(-0.0153821642562141,0.05715,0.430726051250145));
#14982=CARTESIAN_POINT('',(-0.0156937484532672,0.05715,0.430984847762778));
#14983=CARTESIAN_POINT('',(-0.196187336480969,0.05715,0.580899739390617));
#14984=CARTESIAN_POINT('',(-0.0155106038485042,0.05715,0.431205623487028));
#14985=CARTESIAN_POINT('',(-0.0151987034908315,0.05715,0.430947208097224));
#14986=CARTESIAN_POINT('',(-0.0150572363703643,0.05715,0.431326767883427));
#14987=CARTESIAN_POINT('',(0.0128117851411734,0.05715,0.506055040076978));
#14988=CARTESIAN_POINT('',(-0.012463654851435,0.05715,0.430410175290395));
#14989=CARTESIAN_POINT('',(-0.196187336489743,0.05715,0.580899739397895));
#14990=CARTESIAN_POINT('',(-0.0117949973813784,0.05715,0.431230218859658));
#14991=CARTESIAN_POINT('',(-0.0808034986770219,0.05715,0.391244969274547));
#14992=CARTESIAN_POINT('',(-0.013214911391673,0.05715,0.433586200880027));
#14993=CARTESIAN_POINT('',(-0.0128715983385829,0.05715,0.433801176983475));
#14994=CARTESIAN_POINT('',(-0.0131875090305915,0.05715,0.434054674086967));
#14995=CARTESIAN_POINT('',(-0.196187336480847,0.05715,0.580899739390766));
#14996=CARTESIAN_POINT('',(-0.0130081193362883,0.05715,0.434278511537475));
#14997=CARTESIAN_POINT('',(-0.012691898965723,0.05715,0.434025400842238));
#14998=CARTESIAN_POINT('',(-0.0125568625911868,0.05715,0.434407295795108));
#14999=CARTESIAN_POINT('',(0.0140460620949991,0.05715,0.509595602221715));
#15000=CARTESIAN_POINT('',(-0.00994817024180561,0.05715,0.433534638185726));
#15001=CARTESIAN_POINT('',(-0.196187336489743,0.05715,0.580899739397895));
#15002=CARTESIAN_POINT('',(-0.00929345825686716,0.05715,0.434365858062981));
#15003=CARTESIAN_POINT('',(-0.0776167856769696,0.05715,0.393220794548922));
#15004=CARTESIAN_POINT('',(-0.0107529610454692,0.05715,0.436697522422866));
#15005=CARTESIAN_POINT('',(-0.0104133277962613,0.05715,0.436918266241631));
#15006=CARTESIAN_POINT('',(-0.0107334748618405,0.05715,0.437166391619627));
#15007=CARTESIAN_POINT('',(-0.196187336480729,0.05715,0.580899739390917));
#15008=CARTESIAN_POINT('',(-0.0105578912533708,0.05715,0.43739322694119));
#15009=CARTESIAN_POINT('',(-0.0102374410796412,0.05715,0.437145493146643));
#15010=CARTESIAN_POINT('',(-0.0101088739735218,0.05715,0.437529614321144));
#15011=CARTESIAN_POINT('',(0.0152203647408454,0.05715,0.513156505644786));
#15012=CARTESIAN_POINT('',(-0.00748581498808696,0.05715,0.436701140642706));
#15013=CARTESIAN_POINT('',(-0.196187336489743,0.05715,0.580899739397895));
#15014=CARTESIAN_POINT('',(-0.0068452352610411,0.05715,0.437543299701941));
#15015=CARTESIAN_POINT('',(-0.0744638990881023,0.05715,0.395250159150428));
#15016=CARTESIAN_POINT('',(-0.00834391046854468,0.05715,0.439849981235951));
#15017=CARTESIAN_POINT('',(-0.00800805391208476,0.05715,0.440076429797348));
#15018=CARTESIAN_POINT('',(-0.00833234602131853,0.05715,0.440319112665909));
#15019=CARTESIAN_POINT('',(-0.196187336480611,0.05715,0.58089973939107));
#15020=CARTESIAN_POINT('',(-0.00816061858827544,0.05715,0.440548881148109));
#15021=CARTESIAN_POINT('',(-0.00783603002776645,0.05715,0.44030659492648));
#15022=CARTESIAN_POINT('',(-0.00771396886702972,0.05715,0.440692832742489));
#15023=CARTESIAN_POINT('',(0.0163343580802109,0.05715,0.516736734511525));
#15024=CARTESIAN_POINT('',(-0.00507729153838048,0.05715,0.439908779337727));
#15025=CARTESIAN_POINT('',(-0.196187336489743,0.05715,0.580899739397895));
#15026=CARTESIAN_POINT('',(-0.00445102681058645,0.05715,0.440761637332046));
#15027=CARTESIAN_POINT('',(-0.0713457365328199,0.05715,0.397332485294318));
#15028=CARTESIAN_POINT('',(-0.0059884469025618,0.05715,0.443042678001942));
#15029=CARTESIAN_POINT('',(-0.00565646285027324,0.05715,0.443274766705894));
#15030=CARTESIAN_POINT('',(-0.00598480749076896,0.05715,0.443511937833694));
#15031=CARTESIAN_POINT('',(-0.196187336480498,0.05715,0.580899739391226));
#15032=CARTESIAN_POINT('',(-0.00581698522267524,0.05715,0.443744573929353));
#15033=CARTESIAN_POINT('',(-0.00548835087234986,0.05715,0.443507804398817));
#15034=CARTESIAN_POINT('',(-0.00537283047797872,0.05715,0.443896048672388));
#15035=CARTESIAN_POINT('',(0.0173877243182208,0.05715,0.520335267470794));
#15036=CARTESIAN_POINT('',(-0.00272328698392481,0.05715,0.443156639212041));
#15037=CARTESIAN_POINT('',(-0.196187336489743,0.05715,0.580899739397895));
#15038=CARTESIAN_POINT('',(-0.00211151591297831,0.05715,0.444019952842483));
#15039=CARTESIAN_POINT('',(-0.068263188149247,0.05715,0.39946717856525));
#15040=CARTESIAN_POINT('',(-0.00368724230209223,0.05715,0.44627470192466));
#15041=CARTESIAN_POINT('',(-0.00335922546068606,0.05715,0.446512364562089));
#15042=CARTESIAN_POINT('',(-0.00369152896396558,0.05715,0.446743956290164));
#15043=CARTESIAN_POINT('',(-0.196187336480386,0.05715,0.580899739391383));
#15044=CARTESIAN_POINT('',(-0.00352765973629876,0.05715,0.446979393634049));
#15045=CARTESIAN_POINT('',(-0.00319507334728203,0.05715,0.446748208339004));
#15046=CARTESIAN_POINT('',(-0.0030861266743432,0.05715,0.447138348313797));
#15047=CARTESIAN_POINT('',(0.0183801629559569,0.05715,0.523951077951333));
#15048=CARTESIAN_POINT('',(-0.000424472863088514,0.05715,0.446443793732812));
#15049=CARTESIAN_POINT('',(-0.196187336489743,0.05715,0.580899739397895));
#15050=CARTESIAN_POINT('',(0.000172630028091275,0.05715,0.447317316717683));
#15051=CARTESIAN_POINT('',(-0.0652171333127195,0.05715,0.401653629987676));
#15052=CARTESIAN_POINT('',(-0.0014409531430038,0.05715,0.449545130988867));
#15053=CARTESIAN_POINT('',(-0.00111699708744517,0.05715,0.449788299760593));
#15054=CARTESIAN_POINT('',(-0.0014531646556663,0.05715,0.450014246021638));
#15055=CARTESIAN_POINT('',(-0.196187336480278,0.05715,0.580899739391542));
#15056=CARTESIAN_POINT('',(-0.0012932952162007,0.05715,0.450252417449389));
#15057=CARTESIAN_POINT('',(-0.000956851667035019,0.05715,0.450026882341193));
#15058=CARTESIAN_POINT('',(-0.000854509795277614,0.05715,0.450418806720074));
#15059=CARTESIAN_POINT('',(0.0193113908767054,0.05715,0.527583134457458));
#15060=CARTESIAN_POINT('',(0.00181849503020449,0.05715,0.449769305157426));
#15061=CARTESIAN_POINT('',(-0.196187336489743,0.05715,0.580899739397895));
#15062=CARTESIAN_POINT('',(0.00240075940316165,0.05715,0.450652788302561));
#15063=CARTESIAN_POINT('',(-0.06220844098403,0.05715,0.40389121582346));
#15064=CARTESIAN_POINT('',(0.000749779764831847,0.05715,0.452853032223301));
#15065=CARTESIAN_POINT('',(0.0010695826180179,0.05715,0.453101637759381));
#15066=CARTESIAN_POINT('',(0.000729646885018143,0.05715,0.453321874096606));
#15067=CARTESIAN_POINT('',(-0.196187336480172,0.05715,0.580899739391703));
#15068=CARTESIAN_POINT('',(0.000885470929547133,0.05715,0.453562711663897));
#15069=CARTESIAN_POINT('',(0.00122567565996848,0.05715,0.453342891082051));
#15070=CARTESIAN_POINT('',(0.00132138353497921,0.05715,0.453736488058839));
#15071=CARTESIAN_POINT('',(0.0201811424232268,0.05715,0.531230400849533));
#15072=CARTESIAN_POINT('',(0.00400497683355629,0.05715,0.453132224801008));
#15073=CARTESIAN_POINT('',(-0.196187336489743,0.05715,0.580899739397895));
#15074=CARTESIAN_POINT('',(0.00457223658289133,0.05715,0.454025416070859));
#15075=CARTESIAN_POINT('',(-0.0592379694700185,0.05715,0.406179297743735));
#15076=CARTESIAN_POINT('',(0.00288433146034595,0.05715,0.456197461966833));
#15077=CARTESIAN_POINT('',(0.00319988987943887,0.05715,0.456451433346353));
#15078=CARTESIAN_POINT('',(0.00285628295678599,0.05715,0.456665896931862));
#15079=CARTESIAN_POINT('',(-0.196187336480069,0.05715,0.580899739391865));
#15080=CARTESIAN_POINT('',(0.00300801715369281,0.05715,0.456909331933784));
#15081=CARTESIAN_POINT('',(0.003351886013506,0.05715,0.456695288587579));
#15082=CARTESIAN_POINT('',(0.0034409325887173,0.05715,0.457090445878944));
#15083=CARTESIAN_POINT('',(0.0209891694776452,0.05715,0.53489183665572));
#15084=CARTESIAN_POINT('',(0.00613434879863213,0.05715,0.456531593307059));
#15085=CARTESIAN_POINT('',(-0.196187336489743,0.05715,0.580899739397895));
#15086=CARTESIAN_POINT('',(0.00668644209933798,0.05715,0.457434237896511));
#15087=CARTESIAN_POINT('',(-0.0563065655687312,0.05715,0.408517223502952));
#15088=CARTESIAN_POINT('',(0.00496209300954373,0.05715,0.459577466137654));
#15089=CARTESIAN_POINT('',(0.00527331697366812,0.05715,0.459836730908972));
#15090=CARTESIAN_POINT('',(0.00492613688378595,0.05715,0.460045360561691));
#15091=CARTESIAN_POINT('',(-0.196187336479968,0.05715,0.580899739392029));
#15092=CARTESIAN_POINT('',(0.00507373794711569,0.05715,0.460291323552354));
#15093=CARTESIAN_POINT('',(0.00542117283917276,0.05715,0.460083118502979));
#15094=CARTESIAN_POINT('',(0.00550353271183364,0.05715,0.460479723380472));
#15095=CARTESIAN_POINT('',(0.0217352415307603,0.05715,0.538566397363116));
#15096=CARTESIAN_POINT('',(0.00820600346909805,0.05715,0.459966440921134));
#15097=CARTESIAN_POINT('',(-0.196187336489743,0.05715,0.580899739397895));
#15098=CARTESIAN_POINT('',(0.00874277282292396,0.05715,0.460878281328522));
#15099=CARTESIAN_POINT('',(-0.0534150673394518,0.05715,0.410904324693235));
#15100=CARTESIAN_POINT('',(0.00698247167929275,0.05715,0.462992080505517));
#15101=CARTESIAN_POINT('',(0.00728927240403893,0.05715,0.463256564706881));
#15102=CARTESIAN_POINT('',(0.00693861818868627,0.05715,0.463459300910011));
#15103=CARTESIAN_POINT('',(-0.19618733647987,0.05715,0.580899739392195));
#15104=CARTESIAN_POINT('',(0.00708204401156309,0.05715,0.463707721722351));
#15105=CARTESIAN_POINT('',(0.00743294582141674,0.05715,0.463505414365477));
#15106=CARTESIAN_POINT('',(0.00750859549632446,0.05715,0.463903353687688));
#15107=CARTESIAN_POINT('',(0.0224191457467148,0.05715,0.542253034711325));
#15108=CARTESIAN_POINT('',(0.0102193498539161,0.05715,0.46343578776749));
#15109=CARTESIAN_POINT('',(-0.196187336489743,0.05715,0.580899739397895));
#15110=CARTESIAN_POINT('',(0.0107406421339987,0.05715,0.46435656386757));
#15111=CARTESIAN_POINT('',(-0.0505642978511861,0.05715,0.413339921790552));
#15112=CARTESIAN_POINT('',(0.0089448911062633,0.05715,0.466440330966677));
#15113=CARTESIAN_POINT('',(0.00924718106910669,0.05715,0.4667099591474));
#15114=CARTESIAN_POINT('',(0.00889315276112289,0.05715,0.466906744065395));
#15115=CARTESIAN_POINT('',(-0.196187336479775,0.05715,0.580899739392363));
#15116=CARTESIAN_POINT('',(0.00903236242776242,0.05715,0.467157551831196));
#15117=CARTESIAN_POINT('',(0.00938663105194068,0.05715,0.466961199880029));
#15118=CARTESIAN_POINT('',(0.00945554894814555,0.05715,0.467360360124881));
#15119=CARTESIAN_POINT('',(0.023040686935232,0.05715,0.54595069642534));
#15120=CARTESIAN_POINT('',(0.0121738135959704,0.05715,0.466938644128682));
#15121=CARTESIAN_POINT('',(-0.196187336489743,0.05715,0.580899739397895));
#15122=CARTESIAN_POINT('',(0.0126794800906828,0.05715,0.4678680932471));
#15123=CARTESIAN_POINT('',(-0.0477550709582774,0.05715,0.415823319494495));
#15124=CARTESIAN_POINT('',(0.0108487914615037,0.05715,0.469921233821909));
#15125=CARTESIAN_POINT('',(0.0111464844267108,0.05715,0.470195929063844));
#15126=CARTESIAN_POINT('',(0.010789183021479,0.05715,0.47038670655891));
#15127=CARTESIAN_POINT('',(-0.196187336479684,0.05715,0.580899739392532));
#15128=CARTESIAN_POINT('',(0.0109241368188603,0.05715,0.470639829729016));
#15129=CARTESIAN_POINT('',(0.0112816711934237,0.05715,0.470449489197836));
#15130=CARTESIAN_POINT('',(0.0113438376503763,0.05715,0.470849756494909));
#15131=CARTESIAN_POINT('',(0.0235996880530281,0.05715,0.549658329353414));
#15132=CARTESIAN_POINT('',(0.0140688371357484,0.05715,0.470474010727594));
#15133=CARTESIAN_POINT('',(-0.196187336489743,0.05715,0.580899739397895));
#15134=CARTESIAN_POINT('',(0.0145587335912099,0.05715,0.471411867715987));
#15135=CARTESIAN_POINT('',(-0.0449881880628444,0.05715,0.418353809353771));
#15136=CARTESIAN_POINT('',(0.0126936296100667,0.05715,0.473433796057066));
#15137=CARTESIAN_POINT('',(0.0129866406533127,0.05715,0.473713479996561));
#15138=CARTESIAN_POINT('',(0.0126261680799488,0.05715,0.473898195644671));
#15139=CARTESIAN_POINT('',(-0.196187336479594,0.05715,0.580899739392703));
#15140=CARTESIAN_POINT('',(0.0127568275091432,0.05715,0.474153562009399));
#15141=CARTESIAN_POINT('',(0.0131175256385159,0.05715,0.473969287197579));
#15142=CARTESIAN_POINT('',(0.013172922921694,0.05715,0.47437054736071));
#15143=CARTESIAN_POINT('',(0.0240959892281857,0.05715,0.553374872990543));
#15144=CARTESIAN_POINT('',(0.0159038798708005,0.05715,0.474040879013251));
#15145=CARTESIAN_POINT('',(-0.196187336489743,0.05715,0.580899739397895));
#15146=CARTESIAN_POINT('',(0.0163778665317618,0.05715,0.474986876324394));
#15147=CARTESIAN_POINT('',(-0.0422644384841077,0.05715,0.420930669485979));
#15148=CARTESIAN_POINT('',(0.01447887926597,0.05715,0.476977015626375));
#15149=CARTESIAN_POINT('',(0.0147671247985645,0.05715,0.477261608476628));
#15150=CARTESIAN_POINT('',(0.0144035838908388,0.05715,0.477440209583047));
#15151=CARTESIAN_POINT('',(-0.196187336479508,0.05715,0.580899739392875));
#15152=CARTESIAN_POINT('',(0.0145299116779934,0.05715,0.477697746292789));
#15153=CARTESIAN_POINT('',(0.0148936706640595,0.05715,0.477519589769304));
#15154=CARTESIAN_POINT('',(0.0149422829700018,0.05715,0.477921728328991));
#15155=CARTESIAN_POINT('',(0.0245294493775879,0.05715,0.55709927101332));
#15156=CARTESIAN_POINT('',(0.0176784183093083,0.05715,0.477638231447295));
#15157=CARTESIAN_POINT('',(-0.196187336489743,0.05715,0.580899739397895));
#15158=CARTESIAN_POINT('',(0.0181363599594061,0.05715,0.478592099212165));
#15159=CARTESIAN_POINT('',(-0.0395845992427844,0.05715,0.42355316477457));
#15160=CARTESIAN_POINT('',(0.0162040311423313,0.05715,0.480549881738299));
#15161=CARTESIAN_POINT('',(0.0164874289350645,0.05715,0.480839302312118));
#15162=CARTESIAN_POINT('',(0.016120923402066,0.05715,0.481011737926437));
#15163=CARTESIAN_POINT('',(-0.196187336479425,0.05715,0.580899739393048));
#15164=CARTESIAN_POINT('',(0.0162428835090364,0.05715,0.481271371512438));
#15165=CARTESIAN_POINT('',(0.0166095995804945,0.05715,0.481099384100868));
#15166=CARTESIAN_POINT('',(0.0166514130413354,0.05715,0.48150228633711));
#15167=CARTESIAN_POINT('',(0.0248999444351358,0.05715,0.560830457592596));
#15168=CARTESIAN_POINT('',(0.0193919462202181,0.05715,0.481265041795812));
#15169=CARTESIAN_POINT('',(-0.196187336489743,0.05715,0.580899739397895));
#15170=CARTESIAN_POINT('',(0.0198337122201404,0.05715,0.482226507899773));
#15171=CARTESIAN_POINT('',(-0.0369494348287478,0.05715,0.426220547088334));
#15172=CARTESIAN_POINT('',(0.0178685930966554,0.05715,0.484151375143882));
#15173=CARTESIAN_POINT('',(0.0181470623032555,0.05715,0.484445540876848));
#15174=CARTESIAN_POINT('',(0.0177776966998063,0.05715,0.484611761807518));
#15175=CARTESIAN_POINT('',(-0.196187336479344,0.05715,0.580899739393224));
#15176=CARTESIAN_POINT('',(0.0178952543344374,0.05715,0.484873418202838));
#15177=CARTESIAN_POINT('',(0.0182648228764042,0.05715,0.484707648966872));
#15178=CARTESIAN_POINT('',(0.0182998255638135,0.05715,0.485111199941781));
#15179=CARTESIAN_POINT('',(0.0252073688452429,0.05715,0.564567369436006));
#15180=CARTESIAN_POINT('',(0.0210439747769973,0.05715,0.48492027542079));
#15181=CARTESIAN_POINT('',(-0.196187336489743,0.05715,0.580899739397895));
#15182=CARTESIAN_POINT('',(0.0214694391020011,0.05715,0.485889065581713));
#15183=CARTESIAN_POINT('',(-0.0343596969880193,0.05715,0.428932055490313));
#15184=CARTESIAN_POINT('',(0.0194720902712288,0.05715,0.487780468427525));
#15185=CARTESIAN_POINT('',(0.0197455514514264,0.05715,0.488079295401543));
#15186=CARTESIAN_POINT('',(0.019373431148255,0.05715,0.488239254229907));
#15187=CARTESIAN_POINT('',(-0.196187336479267,0.05715,0.5808997393934));
#15188=CARTESIAN_POINT('',(0.0194865527743068,0.05715,0.488502858790549));
#15189=CARTESIAN_POINT('',(0.0198588683581605,0.05715,0.488343355019986));
#15190=CARTESIAN_POINT('',(0.0198870502867507,0.05715,0.488747439610607));
#15191=CARTESIAN_POINT('',(0.025451634907366,0.05715,0.568308940497158));
#15192=CARTESIAN_POINT('',(0.0226340326973966,0.05715,0.488602889575892));
#15193=CARTESIAN_POINT('',(-0.196187336489743,0.05715,0.580899739397895));
#15194=CARTESIAN_POINT('',(0.0230430739731976,0.05715,0.48957872742228));
#15195=CARTESIAN_POINT('',(-0.031816124508895,0.05715,0.431686916454019));
#15196=CARTESIAN_POINT('',(0.021014065228587,0.05715,0.491436126300073));
#15197=CARTESIAN_POINT('',(0.0212824403707767,0.05715,0.491739529267314));
#15198=CARTESIAN_POINT('',(0.0209076715244581,0.05715,0.491893180361137));
#15199=CARTESIAN_POINT('',(-0.196187336479193,0.05715,0.580899739393577));
#15200=CARTESIAN_POINT('',(0.0210163248711721,0.05715,0.492158657887342));
#15201=CARTESIAN_POINT('',(0.0213912812846291,0.05715,0.492005465084601));
#15202=CARTESIAN_POINT('',(0.021412634414804,0.05715,0.492409968015752));
#15203=CARTESIAN_POINT('',(0.0256326729341381,0.05715,0.572054103285522));
#15204=CARTESIAN_POINT('',(0.0241616663778372,0.05715,0.492311833703817));
#15205=CARTESIAN_POINT('',(-0.196187336489743,0.05715,0.580899739397895));
#15206=CARTESIAN_POINT('',(0.0245541679152294,0.05715,0.493294440853633));
#15207=CARTESIAN_POINT('',(-0.0293194430076292,0.05715,0.434484344087926));
#15208=CARTESIAN_POINT('',(0.0224940780820083,0.05715,0.495117305894164));
#15209=CARTESIAN_POINT('',(0.0227572906255032,0.05715,0.495425198301382));
#15210=CARTESIAN_POINT('',(0.0223799801481751,0.05715,0.495572497827867));
#15211=CARTESIAN_POINT('',(-0.196187336479121,0.05715,0.580899739393756));
#15212=CARTESIAN_POINT('',(0.022484134219481,0.05715,0.495839772585565));
#15213=CARTESIAN_POINT('',(0.022861624496895,0.05715,0.495692934452704));
#15214=CARTESIAN_POINT('',(0.0228761427371429,0.05715,0.496097740329855));
#15215=CARTESIAN_POINT('',(0.0257504312923146,0.05715,0.575801789726636));
#15216=CARTESIAN_POINT('',(0.0256264400227891,0.05715,0.496046049735935));
#15217=CARTESIAN_POINT('',(-0.196187336489743,0.05715,0.580899739397895));
#15218=CARTESIAN_POINT('',(0.026002289850953,0.05715,0.497035145876066));
#15219=CARTESIAN_POINT('',(-0.0268703647250478,0.05715,0.437323540355854));
#15220=CARTESIAN_POINT('',(0.0239117066210026,0.05715,0.498822957061728));
#15221=CARTESIAN_POINT('',(0.0241696814778757,0.05715,0.499135251074955));
#15222=CARTESIAN_POINT('',(0.0237899370067397,0.05715,0.499276157013247));
#15223=CARTESIAN_POINT('',(-0.196187336479052,0.05715,0.580899739393936));
#15224=CARTESIAN_POINT('',(0.0238895620900971,0.05715,0.499545152755663));
#15225=CARTESIAN_POINT('',(0.0242694785429745,0.05715,0.499404711181913));
#15226=CARTESIAN_POINT('',(0.0242771577516059,0.05715,0.499809704524121));
#15227=CARTESIAN_POINT('',(0.0258048763759574,0.05715,0.579550930287783));
#15228=CARTESIAN_POINT('',(0.0270279357691441,0.05715,0.499804472394261));
#15229=CARTESIAN_POINT('',(-0.196187336489743,0.05715,0.580899739397895));
#15230=CARTESIAN_POINT('',(0.0273870266675562,0.05715,0.500799775360401));
#15231=CARTESIAN_POINT('',(-0.0244695883185978,0.05715,0.440203695310048));
#15232=CARTESIAN_POINT('',(0.0252665464317572,0.05715,0.502552022673572));
#15233=CARTESIAN_POINT('',(0.0255192100082623,0.05715,0.502868629203169));
#15234=CARTESIAN_POINT('',(0.0251371398748771,0.05715,0.503003101356343));
#15235=CARTESIAN_POINT('',(-0.196187336478988,0.05715,0.580899739394117));
#15236=CARTESIAN_POINT('',(0.0252322075497523,0.05715,0.503273741345749));
#15237=CARTESIAN_POINT('',(0.0256144417974722,0.05715,0.503139736395564));
#15238=CARTESIAN_POINT('',(0.0256152797838021,0.05715,0.503544801668396));
#15239=CARTESIAN_POINT('',(0.0257959926582493,0.05715,0.583300455812136));
#15240=CARTESIAN_POINT('',(0.0283657538053541,0.05715,0.503586029495176));
#15241=CARTESIAN_POINT('',(-0.196187336489743,0.05715,0.580899739397895));
#15242=CARTESIAN_POINT('',(0.0287079833344087,0.05715,0.504587255352411));
#15243=CARTESIAN_POINT('',(-0.0221177986760483,0.05715,0.443123987306846));
#15244=CARTESIAN_POINT('',(0.0265582110125073,0.05715,0.506303438920948));
#15245=CARTESIAN_POINT('',(0.026805491230073,0.05715,0.506624267647026));
#15246=CARTESIAN_POINT('',(0.0264212044294501,0.05715,0.506752267653554));
#15247=CARTESIAN_POINT('',(-0.196187336478925,0.05715,0.580899739394299));
#15248=CARTESIAN_POINT('',(0.0265116875754234,0.05715,0.50702447468316));
#15249=CARTESIAN_POINT('',(0.0268961305761566,0.05715,0.506896944584786));
#15250=CARTESIAN_POINT('',(0.0268901271011283,0.05715,0.507301966233308));
#15251=CARTESIAN_POINT('',(0.0257237826846072,0.05715,0.587049295977979));
#15252=CARTESIAN_POINT('',(0.0296395124855655,0.05715,0.507389642255509));
#15253=CARTESIAN_POINT('',(-0.196187336489743,0.05715,0.580899739397895));
#15254=CARTESIAN_POINT('',(0.0299647830157555,0.05715,0.508396505379194));
#15255=CARTESIAN_POINT('',(-0.0198156666968439,0.05715,0.446083583268909));
#15256=CARTESIAN_POINT('',(0.0277863318837946,0.05715,0.510076135619035));
#15257=CARTESIAN_POINT('',(0.0280281581995856,0.05715,0.510401095017217));
#15258=CARTESIAN_POINT('',(0.0276417643590963,0.05715,0.510522586361913));
#15259=CARTESIAN_POINT('',(-0.196187336478866,0.05715,0.580899739394483));
#15260=CARTESIAN_POINT('',(0.0277276371635991,0.05715,0.51079628277789));
#15261=CARTESIAN_POINT('',(0.0281141792454144,0.05715,0.51067526391246));
#15262=CARTESIAN_POINT('',(0.0281013360216688,0.05715,0.511080126394149));
#15263=CARTESIAN_POINT('',(0.0255882670186726,0.05715,0.590796382637381));
#15264=CARTESIAN_POINT('',(0.0308488484383725,0.05715,0.51121422559993));
#15265=CARTESIAN_POINT('',(-0.196187336489743,0.05715,0.580899739397895));
#15266=CARTESIAN_POINT('',(0.0311570671782172,0.05715,0.512226438757404));
#15267=CARTESIAN_POINT('',(-0.0175638491252922,0.05715,0.449081638893079));
#15268=CARTESIAN_POINT('',(0.0289505586935829,0.05715,0.513869036512232));
#15269=CARTESIAN_POINT('',(0.0291868621206264,0.05715,0.514198033879765));
#15270=CARTESIAN_POINT('',(0.0287984714687274,0.05715,0.5143129819042));
#15271=CARTESIAN_POINT('',(-0.19618733647881,0.05715,0.580899739394667));
#15272=CARTESIAN_POINT('',(0.0288797094344055,0.05715,0.514588089627836));
#15273=CARTESIAN_POINT('',(0.0292682403265568,0.05715,0.514473616518993));
#15274=CARTESIAN_POINT('',(0.0292485610179427,0.05715,0.514878204336763));
#15275=CARTESIAN_POINT('',(0.0253894843560579,0.05715,0.594540645628609));
#15276=CARTESIAN_POINT('',(0.0319934166706525,0.05715,0.515058688471027));
#15277=CARTESIAN_POINT('',(-0.196187336489743,0.05715,0.580899739397895));
#15278=CARTESIAN_POINT('',(0.0322844956930721,0.05715,0.516075962903253));
#15279=CARTESIAN_POINT('',(-0.015362988349605,0.05715,0.452117298907648));
#15280=CARTESIAN_POINT('',(0.0300505593172087,0.05715,0.51768105958119));
#15281=CARTESIAN_POINT('',(0.0302812724440727,0.05715,0.518014001063388));
#15282=CARTESIAN_POINT('',(0.0298909957788608,0.05715,0.518122372975779));
#15283=CARTESIAN_POINT('',(-0.196187336478757,0.05715,0.580899739394852));
#15284=CARTESIAN_POINT('',(0.0299675757305636,0.05715,0.518398813525751));
#15285=CARTESIAN_POINT('',(0.0303579845949467,0.05715,0.518290918829797));
#15286=CARTESIAN_POINT('',(0.0303314748154753,0.05715,0.518695116564931));
#15287=CARTESIAN_POINT('',(0.0251274914657572,0.05715,0.5982810163042));
#15288=CARTESIAN_POINT('',(0.033072890665853,0.05715,0.518921934140172));
#15289=CARTESIAN_POINT('',(-0.196187336489743,0.05715,0.580899739397895));
#15290=CARTESIAN_POINT('',(0.0333467469332848,0.05715,0.519943979644199));
#15291=CARTESIAN_POINT('',(-0.0132137122164678,0.05715,0.455189697319972));
#15292=CARTESIAN_POINT('',(0.0310860199521257,0.05715,0.521511117351482));
#15293=CARTESIAN_POINT('',(0.0313110769621503,0.05715,0.521847907968505));
#15294=CARTESIAN_POINT('',(0.0309190256197545,0.05715,0.521949672853067));
#15295=CARTESIAN_POINT('',(-0.196187336478707,0.05715,0.580899739395038));
#15296=CARTESIAN_POINT('',(0.0309909257111452,0.05715,0.522227367367831));
#15297=CARTESIAN_POINT('',(0.0313831011739181,0.05715,0.522126081864412));
#15298=CARTESIAN_POINT('',(0.0313497684861666,0.05715,0.522529774209401));
#15299=CARTESIAN_POINT('',(0.0248023628674654,0.05715,0.602016430354051));
#15300=CARTESIAN_POINT('',(0.0340869624770713,0.05715,0.522802860520093));
#15301=CARTESIAN_POINT('',(-0.196187336489743,0.05715,0.580899739397895));
#15302=CARTESIAN_POINT('',(0.0343435178652601,0.05715,0.523829385532231));
#15303=CARTESIAN_POINT('',(-0.0111166338625145,0.05715,0.458297957649034));
#15304=CARTESIAN_POINT('',(0.0320566452074246,0.05715,0.525358117203838));
#15305=CARTESIAN_POINT('',(0.0322759818974982,0.05715,0.525698660877782));
#15306=CARTESIAN_POINT('',(0.0318822677203184,0.05715,0.525793789703549));
#15307=CARTESIAN_POINT('',(-0.19618733647866,0.05715,0.580899739395225));
#15308=CARTESIAN_POINT('',(0.031949467440107,0.05715,0.526072658963834));
#15309=CARTESIAN_POINT('',(0.0323432976234616,0.05715,0.525978011547161));
#15310=CARTESIAN_POINT('',(0.0323031515364067,0.05715,0.526381083338744));
#15311=CARTESIAN_POINT('',(0.0244141915330628,0.05715,0.60574581942962));
#15312=CARTESIAN_POINT('',(0.0350353428151804,0.05715,0.526700360480307));
#15313=CARTESIAN_POINT('',(-0.196187336489743,0.05715,0.580899739397895));
#15314=CARTESIAN_POINT('',(0.0352745241352891,0.05715,0.527731072158646));
#15315=CARTESIAN_POINT('',(-0.00907235153004951,0.05715,0.461441193188452));
#15316=CARTESIAN_POINT('',(0.0329621581881015,0.05715,0.529220961685831));
#15317=CARTESIAN_POINT('',(0.0331757119869761,0.05715,0.529565161268141));
#15318=CARTESIAN_POINT('',(0.0327804472917772,0.05715,0.529653626897249));
#15319=CARTESIAN_POINT('',(-0.196187336478617,0.05715,0.580899739395412));
#15320=CARTESIAN_POINT('',(0.0328429274695717,0.05715,0.529933591348661));
#15321=CARTESIAN_POINT('',(0.0332383000236492,0.05715,0.529845609019264));
#15322=CARTESIAN_POINT('',(0.0331913519899614,0.05715,0.530247945271183));
#15323=CARTESIAN_POINT('',(0.0239630881233192,0.05715,0.609468120549405));
#15324=CARTESIAN_POINT('',(0.0359177611310636,0.05715,0.53061332216187));
#15325=CARTESIAN_POINT('',(-0.196187336489743,0.05715,0.580899739397895));
#15326=CARTESIAN_POINT('',(0.0361395001506693,0.05715,0.531647926470258));
#15327=CARTESIAN_POINT('',(-0.00708144840379073,0.05715,0.464618507248602));
#15328=CARTESIAN_POINT('',(0.0338023005740487,0.05715,0.533098548824965));
#15329=CARTESIAN_POINT('',(0.0340100105601902,0.05715,0.533446306124145));
#15330=CARTESIAN_POINT('',(0.033613308106061,0.05715,0.533528083319573));
#15331=CARTESIAN_POINT('',(-0.196187336478577,0.05715,0.580899739395601));
#15332=CARTESIAN_POINT('',(0.0336710509178361,0.05715,0.533809063095286));
#15333=CARTESIAN_POINT('',(0.0340678530527786,0.05715,0.533727770952313));
#15334=CARTESIAN_POINT('',(0.0340141164655524,0.05715,0.534129256888143));
#15335=CARTESIAN_POINT('',(0.0234491813278791,0.05715,0.613182271824724));
#15336=CARTESIAN_POINT('',(0.0367339656929405,0.05715,0.534540629295103));
#15337=CARTESIAN_POINT('',(-0.196187336489743,0.05715,0.580899739397895));
#15338=CARTESIAN_POINT('',(0.0369381991554715,0.05715,0.535578831086922));
#15339=CARTESIAN_POINT('',(-0.00514449243771469,0.05715,0.467828993422421));
#15340=CARTESIAN_POINT('',(0.0345768326937488,0.05715,0.536989772443032));
#15341=CARTESIAN_POINT('',(0.0347786396127149,0.05715,0.537340988252661));
#15342=CARTESIAN_POINT('',(0.0343806125689005,0.05715,0.537416053685428));
#15343=CARTESIAN_POINT('',(-0.19618733647854,0.05715,0.58089973939579));
#15344=CARTESIAN_POINT('',(0.0344336015420824,0.05715,0.537697968628971));
#15345=CARTESIAN_POINT('',(0.0348317200602082,0.05715,0.537623389863028));
#15346=CARTESIAN_POINT('',(0.0347712102491421,0.05715,0.538023910948916));
#15347=CARTESIAN_POINT('',(0.0228726177506102,0.05715,0.616887213706895));
#15348=CARTESIAN_POINT('',(0.0374837236581529,0.05715,0.538481161517936));
#15349=CARTESIAN_POINT('',(-0.196187336489743,0.05715,0.580899739397895));
#15350=CARTESIAN_POINT('',(0.0376703933009322,0.05715,0.539522664620292));
#15351=CARTESIAN_POINT('',(-0.00326203619644252,0.05715,0.471071735839272));
#15352=CARTESIAN_POINT('',(0.035285533592642,0.05715,0.540893522471677));
#15353=CARTESIAN_POINT('',(0.0354813798739888,0.05715,0.541248096598706));
#15354=CARTESIAN_POINT('',(0.0350821417876066,0.05715,0.541316428854531));
#15355=CARTESIAN_POINT('',(-0.196187336478506,0.05715,0.580899739395979));
#15356=CARTESIAN_POINT('',(0.0351303618057725,0.05715,0.541599198542652));
#15357=CARTESIAN_POINT('',(0.0355296831338687,0.05715,0.541531354429189));
#15358=CARTESIAN_POINT('',(0.035462417360892,0.05715,0.541930796406529));
#15359=CARTESIAN_POINT('',(0.0222335618722182,0.05715,0.620581889260195));
#15360=CARTESIAN_POINT('',(0.0381668211395865,0.05715,0.542433794695507));
#15361=CARTESIAN_POINT('',(-0.196187336489743,0.05715,0.580899739397895));
#15362=CARTESIAN_POINT('',(0.038335873710454,0.05715,0.543478301993728));
#15363=CARTESIAN_POINT('',(-0.001434616697162,0.05715,0.474345809426644));
#15364=CARTESIAN_POINT('',(0.0359282010961652,0.05715,0.544808685269079));
#15365=CARTESIAN_POINT('',(0.0361180308698677,0.05715,0.545166516562417));
#15366=CARTESIAN_POINT('',(0.0357176956335152,0.05715,0.545228096147823));
#15367=CARTESIAN_POINT('',(-0.196187336478474,0.05715,0.580899739396169));
#15368=CARTESIAN_POINT('',(0.035761132940705,0.05715,0.545511639913432));
#15369=CARTESIAN_POINT('',(0.0361615431624276,0.05715,0.54545054980667));
#15370=CARTESIAN_POINT('',(0.0360875406167755,0.05715,0.545848798724701));
#15371=CARTESIAN_POINT('',(0.0215321959968761,0.05715,0.624265244499774));
#15372=CARTESIAN_POINT('',(0.0387830632666889,0.05715,0.54639740124086));
#15373=CARTESIAN_POINT('',(-0.196187336489743,0.05715,0.580899739397895));
#15374=CARTESIAN_POINT('',(0.0389344505391926,0.05715,0.54744461476325));
#15375=CARTESIAN_POINT('',(0.000337244745098261,0.05715,0.477650280177019));
#15376=CARTESIAN_POINT('',(0.0365046518674227,0.05715,0.548734143937638));
#15377=CARTESIAN_POINT('',(0.0366884109798152,0.05715,0.549095130317005));
#15378=CARTESIAN_POINT('',(0.036287092799079,0.05715,0.549149939664883));
#15379=CARTESIAN_POINT('',(-0.196187336478447,0.05715,0.58089973939636));
#15380=CARTESIAN_POINT('',(0.0363257350037202,0.05715,0.549434176620067));
#15381=CARTESIAN_POINT('',(0.0367271198920908,0.05715,0.549379857947478));
#15382=CARTESIAN_POINT('',(0.0366464016848309,0.05715,0.549776800195787));
#15383=CARTESIAN_POINT('',(0.0207687202086533,0.05715,0.627936228646241));
#15384=CARTESIAN_POINT('',(0.0393322742410609,0.05715,0.550370850436611));
#15385=CARTESIAN_POINT('',(-0.196187336489743,0.05715,0.580899739397895));
#15386=CARTESIAN_POINT('',(0.0394659530282148,0.05715,0.551420471439458));
#15387=CARTESIAN_POINT('',(0.00205304265943816,0.05715,0.480984205401854));
#15388=CARTESIAN_POINT('',(0.0370147214594898,0.05715,0.5526687786426));
#15389=CARTESIAN_POINT('',(0.0371923574887131,0.05715,0.55303281712765));
#15390=CARTESIAN_POINT('',(0.0367901708495894,0.05715,0.55308084060227));
#15391=CARTESIAN_POINT('',(-0.196187336478422,0.05715,0.580899739396551));
#15392=CARTESIAN_POINT('',(0.0368240069280316,0.05715,0.553365689661365));
#15393=CARTESIAN_POINT('',(0.0372262519780242,0.05715,0.553318157918703));
#15394=CARTESIAN_POINT('',(0.0371388411360333,0.05715,0.553713680259637));
#15395=CARTESIAN_POINT('',(0.0199433523064896,0.05715,0.631593794467384));
#15396=CARTESIAN_POINT('',(0.0398142973866072,0.05715,0.554353008757514));
#15397=CARTESIAN_POINT('',(-0.196187336489743,0.05715,0.580899739397895));
#15398=CARTESIAN_POINT('',(0.0399302295532114,0.05715,0.555404737810312));
#15399=CARTESIAN_POINT('',(0.00371228757421063,0.05715,0.484346634020448));
#15400=CARTESIAN_POINT('',(0.0374582643623241,0.05715,0.55661146693152));
#15401=CARTESIAN_POINT('',(0.0376297266332813,0.05715,0.556978453671218));
#15402=CARTESIAN_POINT('',(0.0372267862695156,0.05715,0.557019677572689));
#15403=CARTESIAN_POINT('',(-0.196187336478402,0.05715,0.580899739396742));
#15404=CARTESIAN_POINT('',(0.0372558065691756,0.05715,0.557305057475414));
#15405=CARTESIAN_POINT('',(0.0376587970303816,0.05715,0.557264326222291));
#15406=CARTESIAN_POINT('',(0.0375647184897759,0.05715,0.557658315823267));
#15407=CARTESIAN_POINT('',(0.0190563278024644,0.05715,0.635236898333699));
#15408=CARTESIAN_POINT('',(0.0402289951942352,0.05715,0.558342740193857));
#15409=CARTESIAN_POINT('',(-0.196187336489743,0.05715,0.580899739397895));
#15410=CARTESIAN_POINT('',(0.0403271476677521,0.05715,0.559396277264699));
#15411=CARTESIAN_POINT('',(0.0053145061470171,0.05715,0.487736606813549));
#15412=CARTESIAN_POINT('',(0.0378351540442772,0.05715,0.560561084054468));
#15413=CARTESIAN_POINT('',(0.0380003936430896,0.05715,0.560930914356715));
#15414=CARTESIAN_POINT('',(0.037596814503446,0.05715,0.560965326924893));
#15415=CARTESIAN_POINT('',(-0.196187336478383,0.05715,0.580899739396934));
#15416=CARTESIAN_POINT('',(0.0376210107455612,0.05715,0.561251156259531));
#15417=CARTESIAN_POINT('',(0.038024631654925,0.05715,0.561217237115549));
#15418=CARTESIAN_POINT('',(0.0379239122539516,0.05715,0.561609581581221));
#15419=CARTESIAN_POINT('',(0.0181078995792549,0.05715,0.638864501599273));
#15420=CARTESIAN_POINT('',(0.0405762493610697,0.05715,0.5623389065754));
#15421=CARTESIAN_POINT('',(-0.196187336489743,0.05715,0.580899739397895));
#15422=CARTESIAN_POINT('',(0.0406565941410692,0.05715,0.563393951116679));
#15423=CARTESIAN_POINT('',(0.00685924130572616,0.05715,0.491153156708191));
#15424=CARTESIAN_POINT('',(0.0381452829881905,0.05715,0.56451650328489));
#15425=CARTESIAN_POINT('',(0.0383042527761508,0.05715,0.564889071646391));
#15426=CARTESIAN_POINT('',(0.0379001499916201,0.05715,0.564916663064236));
#15427=CARTESIAN_POINT('',(-0.196187336478369,0.05715,0.580899739397126));
#15428=CARTESIAN_POINT('',(0.0379195152736106,0.05715,0.565202860290856));
#15429=CARTESIAN_POINT('',(0.0383236514882253,0.05715,0.565175762932296));
#15430=CARTESIAN_POINT('',(0.0382163199595978,0.05715,0.565566350336648));
#15431=CARTESIAN_POINT('',(0.0170983383630303,0.05715,0.642475568759139));
#15432=CARTESIAN_POINT('',(0.0408559608242275,0.05715,0.566340367896338));
#15433=CARTESIAN_POINT('',(-0.196187336489743,0.05715,0.580899739397895));
#15434=CARTESIAN_POINT('',(0.0409184749903595,0.05715,0.567396618930319));
#15435=CARTESIAN_POINT('',(0.00834605237696722,0.05715,0.49459530905024));
#15436=CARTESIAN_POINT('',(0.0383885627220656,0.05715,0.568476596241037));
#15437=CARTESIAN_POINT('',(0.038541217349087,0.05715,0.568851796377397));
#15438=CARTESIAN_POINT('',(0.0381367062000428,0.05715,0.56887255877377));
#15439=CARTESIAN_POINT('',(-0.196187336478358,0.05715,0.580899739397318));
#15440=CARTESIAN_POINT('',(0.03815123499748,0.05715,0.569159042247494));
#15441=CARTESIAN_POINT('',(0.0385557712274355,0.05715,0.569138774404552));
#15442=CARTESIAN_POINT('',(0.0384418581901428,0.05715,0.569527493322808));
#15443=CARTESIAN_POINT('',(0.0160279321012463,0.05715,0.646069069882319));
#15444=CARTESIAN_POINT('',(0.0410680497890517,0.05715,0.570345982640242));
#15445=CARTESIAN_POINT('',(-0.196187336489743,0.05715,0.580899739397895));
#15446=CARTESIAN_POINT('',(0.0411127155075949,0.05715,0.571403138845039));
#15447=CARTESIAN_POINT('',(0.00977451520843924,0.05715,0.498062081874351));
#15448=CARTESIAN_POINT('',(0.0385649238443061,0.05715,0.572440233207865));
#15449=CARTESIAN_POINT('',(0.0387112197618581,0.05715,0.572817958083911));
#15450=CARTESIAN_POINT('',(0.0383064156451701,0.05715,0.572831885535821));
#15451=CARTESIAN_POINT('',(-0.196187336478349,0.05715,0.580899739397511));
#15452=CARTESIAN_POINT('',(0.0383161038133532,0.05715,0.573118573530109));
#15453=CARTESIAN_POINT('',(0.0387209246546245,0.05715,0.573105140984691));
#15454=CARTESIAN_POINT('',(0.0386004626051951,0.05715,0.57349188052511));
#15455=CARTESIAN_POINT('',(0.0148969861538106,0.05715,0.649643979833342));
#15456=CARTESIAN_POINT('',(0.041212455751888,0.05715,0.574354608105845));
#15457=CARTESIAN_POINT('',(-0.196187336489743,0.05715,0.580899739397895));
#15458=CARTESIAN_POINT('',(0.041239260280835,0.05715,0.575412367901347));
#15459=CARTESIAN_POINT('',(0.0111442222982681,0.05715,0.501552486203739));
#15460=CARTESIAN_POINT('',(0.0386743160435139,0.05715,0.576406283459311));
#15461=CARTESIAN_POINT('',(0.038814211517046,0.05715,0.576786425319623));
#15462=CARTESIAN_POINT('',(0.0384092299131605,0.05715,0.576793513853919));
#15463=CARTESIAN_POINT('',(-0.196187336478345,0.05715,0.580899739397703));
#15464=CARTESIAN_POINT('',(0.0384140746882981,0.05715,0.577080324583889));
#15465=CARTESIAN_POINT('',(0.0388190646556684,0.05715,0.577073731167962));
#15466=CARTESIAN_POINT('',(0.0386920879588988,0.05715,0.577458381003466));
#15467=CARTESIAN_POINT('',(0.0137058231504813,0.05715,0.653199278782125));
#15468=CARTESIAN_POINT('',(0.0412891375173429,0.05715,0.578365100732995));
#15469=CARTESIAN_POINT('',(-0.196187336489743,0.05715,0.580899739397895));
#15470=CARTESIAN_POINT('',(0.0412980732100348,0.05715,0.579423162366903));
#15471=CARTESIAN_POINT('',(0.0124547829020849,0.05715,0.505065526310276));
#15472=CARTESIAN_POINT('',(0.0387167081128424,0.05715,0.580373615580863));
#15473=CARTESIAN_POINT('',(0.0388501632336901,0.05715,0.580756065980517));
#15474=CARTESIAN_POINT('',(0.0384451196736856,0.05715,0.580756313575018));
#15475=CARTESIAN_POINT('',(-0.196187336478343,0.05715,0.580899739397896));
#15476=CARTESIAN_POINT('',(0.0384451196736853,0.05715,0.581043165220773));
#15477=CARTESIAN_POINT('',(0.0388501632336898,0.05715,0.581043412815274));
#15478=CARTESIAN_POINT('',(0.0387167081128422,0.05715,0.581425863214928));
#15479=CARTESIAN_POINT('',(0.0124547829034811,0.05715,0.656733952481699));
#15480=CARTESIAN_POINT('',(0.0412980732100348,0.05715,0.582376316428888));
#15481=CARTESIAN_POINT('',(-0.196187336489743,0.05715,0.580899739397895));
#15482=CARTESIAN_POINT('',(0.0412891375173429,0.05715,0.583434378062796));
#15483=CARTESIAN_POINT('',(0.0137058231506478,0.05715,0.508600200014138));
#15484=CARTESIAN_POINT('',(0.0386920879588993,0.05715,0.584341097792325));
#15485=CARTESIAN_POINT('',(0.0388190646556687,0.05715,0.584725747627829));
#15486=CARTESIAN_POINT('',(0.0384140746882985,0.05715,0.584719154211902));
#15487=CARTESIAN_POINT('',(-0.196187336478345,0.05715,0.580899739398088));
#15488=CARTESIAN_POINT('',(0.0384092299131603,0.05715,0.585005964941872));
#15489=CARTESIAN_POINT('',(0.0388142115170457,0.05715,0.585013053476168));
#15490=CARTESIAN_POINT('',(0.0386743160435136,0.05715,0.585393195336479));
#15491=CARTESIAN_POINT('',(0.0111442222988196,0.05715,0.66024699259065));
#15492=CARTESIAN_POINT('',(0.041239260280835,0.05715,0.586387110894444));
#15493=CARTESIAN_POINT('',(-0.196187336489743,0.05715,0.580899739397895));
#15494=CARTESIAN_POINT('',(0.041212455751888,0.05715,0.587444870689947));
#15495=CARTESIAN_POINT('',(0.0148969861534967,0.05715,0.512155498961458));
#15496=CARTESIAN_POINT('',(0.0386004626051953,0.05715,0.588307598270681));
#15497=CARTESIAN_POINT('',(0.0387209246546249,0.05715,0.5886943378111));
#15498=CARTESIAN_POINT('',(0.0383161038133534,0.05715,0.588680905265682));
#15499=CARTESIAN_POINT('',(-0.196187336478349,0.05715,0.580899739398281));
#15500=CARTESIAN_POINT('',(0.03830641564517,0.05715,0.58896759325997));
#15501=CARTESIAN_POINT('',(0.0387112197618577,0.05715,0.588981520711881));
#15502=CARTESIAN_POINT('',(0.0385649238443056,0.05715,0.589359245587926));
#15503=CARTESIAN_POINT('',(0.00977451520901721,0.05715,0.66373739692002));
#15504=CARTESIAN_POINT('',(0.0411127155075948,0.05715,0.590396339950752));
#15505=CARTESIAN_POINT('',(-0.196187336489743,0.05715,0.580899739397895));
#15506=CARTESIAN_POINT('',(0.0410680497890516,0.05715,0.591453496155549));
#15507=CARTESIAN_POINT('',(0.0160279321004079,0.05715,0.515730408910803));
#15508=CARTESIAN_POINT('',(0.0384418581901433,0.05715,0.592271985472983));
#15509=CARTESIAN_POINT('',(0.0385557712274359,0.05715,0.59266070439124));
#15510=CARTESIAN_POINT('',(0.0381512349974803,0.05715,0.592640436548297));
#15511=CARTESIAN_POINT('',(-0.196187336478358,0.05715,0.580899739398473));
#15512=CARTESIAN_POINT('',(0.0381367062000426,0.05715,0.592926920022021));
#15513=CARTESIAN_POINT('',(0.0385412173490867,0.05715,0.592947682418394));
#15514=CARTESIAN_POINT('',(0.0383885627220652,0.05715,0.593322882554754));
#15515=CARTESIAN_POINT('',(0.00834605237737075,0.05715,0.667204169744583));
#15516=CARTESIAN_POINT('',(0.0409184749903594,0.05715,0.594402859865472));
#15517=CARTESIAN_POINT('',(-0.196187336489743,0.05715,0.580899739397895));
#15518=CARTESIAN_POINT('',(0.0408559608242275,0.05715,0.595459110899453));
#15519=CARTESIAN_POINT('',(0.0170983383628125,0.05715,0.519323910035911));
#15520=CARTESIAN_POINT('',(0.0382163199595982,0.05715,0.596233128459143));
#15521=CARTESIAN_POINT('',(0.0383236514882257,0.05715,0.596623715863495));
#15522=CARTESIAN_POINT('',(0.0379195152736108,0.05715,0.596596618504935));
#15523=CARTESIAN_POINT('',(-0.196187336478369,0.05715,0.580899739398665));
#15524=CARTESIAN_POINT('',(0.0379001499916198,0.05715,0.596882815731555));
#15525=CARTESIAN_POINT('',(0.0383042527761504,0.05715,0.596910407149401));
#15526=CARTESIAN_POINT('',(0.0381452829881896,0.05715,0.597282975510902));
#15527=CARTESIAN_POINT('',(0.00685924130571536,0.05715,0.670646322087624));
#15528=CARTESIAN_POINT('',(0.0406565941410692,0.05715,0.598405527679112));
#15529=CARTESIAN_POINT('',(-0.196187336489743,0.05715,0.580899739397895));
#15530=CARTESIAN_POINT('',(0.0405762493610697,0.05715,0.599460572220391));
#15531=CARTESIAN_POINT('',(0.0181078995793403,0.05715,0.522934977196839));
#15532=CARTESIAN_POINT('',(0.0379239122539519,0.05715,0.60018989721457));
#15533=CARTESIAN_POINT('',(0.0380246316549253,0.05715,0.600582241680242));
#15534=CARTESIAN_POINT('',(0.0376210107455614,0.05715,0.60054832253626));
#15535=CARTESIAN_POINT('',(-0.196187336478384,0.05715,0.580899739398857));
#15536=CARTESIAN_POINT('',(0.0375968145034456,0.05715,0.600834151870898));
#15537=CARTESIAN_POINT('',(0.0380003936430892,0.05715,0.600868564439076));
#15538=CARTESIAN_POINT('',(0.0378351540442769,0.05715,0.601238394741323));
#15539=CARTESIAN_POINT('',(0.00531450614717838,0.05715,0.674062871981897));
#15540=CARTESIAN_POINT('',(0.040327147667752,0.05715,0.602403201531092));
#15541=CARTESIAN_POINT('',(-0.196187336489743,0.05715,0.580899739397895));
#15542=CARTESIAN_POINT('',(0.0402289951942326,0.05715,0.603456738601961));
#15543=CARTESIAN_POINT('',(0.0190563277481605,0.05715,0.526562580249016));
#15544=CARTESIAN_POINT('',(0.0375647184897777,0.05715,0.604141162972529));
#15545=CARTESIAN_POINT('',(0.037658797030382,0.05715,0.604535152573501));
#15546=CARTESIAN_POINT('',(0.0372558065691759,0.05715,0.604494421320377));
#15547=CARTESIAN_POINT('',(-0.196187336478402,0.05715,0.580899739399049));
#15548=CARTESIAN_POINT('',(0.0372267862695153,0.05715,0.604779801223102));
#15549=CARTESIAN_POINT('',(0.037629726633281,0.05715,0.604821025124573));
#15550=CARTESIAN_POINT('',(0.0374582643623237,0.05715,0.605188011864271));
#15551=CARTESIAN_POINT('',(0.0037122875747353,0.05715,0.677452844774196));
#15552=CARTESIAN_POINT('',(0.0399302295532112,0.05715,0.60639474098548));
#15553=CARTESIAN_POINT('',(-0.196187336489743,0.05715,0.580899739397895));
#15554=CARTESIAN_POINT('',(0.0398142973866071,0.05715,0.607446470038277));
#15555=CARTESIAN_POINT('',(0.0199433523070806,0.05715,0.530205684330823));
#15556=CARTESIAN_POINT('',(0.0371388411360336,0.05715,0.608085798536154));
#15557=CARTESIAN_POINT('',(0.0372262519780246,0.05715,0.608481320877088));
#15558=CARTESIAN_POINT('',(0.0368240069280318,0.05715,0.608433789134426));
#15559=CARTESIAN_POINT('',(-0.196187336478422,0.05715,0.58089973939924));
#15560=CARTESIAN_POINT('',(0.0367901708495892,0.05715,0.608718638193521));
#15561=CARTESIAN_POINT('',(0.0371923574887127,0.05715,0.608766661668141));
#15562=CARTESIAN_POINT('',(0.0370147214594892,0.05715,0.609130700153191));
#15563=CARTESIAN_POINT('',(0.00205304266072637,0.05715,0.680815273391401));
#15564=CARTESIAN_POINT('',(0.0394659530282147,0.05715,0.610379007356333));
#15565=CARTESIAN_POINT('',(-0.196187336489743,0.05715,0.580899739397895));
#15566=CARTESIAN_POINT('',(0.0393322742410607,0.05715,0.61142862835918));
#15567=CARTESIAN_POINT('',(0.0207687202084778,0.05715,0.53386325014874));
#15568=CARTESIAN_POINT('',(0.0366464016848312,0.05715,0.612022678600004));
#15569=CARTESIAN_POINT('',(0.0367271198920911,0.05715,0.612419620848313));
#15570=CARTESIAN_POINT('',(0.0363257350037204,0.05715,0.612365302175724));
#15571=CARTESIAN_POINT('',(-0.196187336478447,0.05715,0.580899739399431));
#15572=CARTESIAN_POINT('',(0.0362870927990789,0.05715,0.612649539130908));
#15573=CARTESIAN_POINT('',(0.0366884109798148,0.05715,0.612704348478786));
#15574=CARTESIAN_POINT('',(0.0365046518674223,0.05715,0.613065334858153));
#15575=CARTESIAN_POINT('',(0.000337244745316372,0.05715,0.684149198618359));
#15576=CARTESIAN_POINT('',(-0.196187336489743,0.0127,0.580899739397895));
#15577=CARTESIAN_POINT('',(0.0321111587353521,0.166926473965793,0.620150127701159));
#15578=CARTESIAN_POINT('',(0.0321111587353521,0.0127,0.620150127701159));
#15579=CARTESIAN_POINT('',(-0.196187336489743,0.0127,0.580899739397895));
#15580=CARTESIAN_POINT('',(-0.0433455456982628,0.0127,0.406830262200849));
#15581=CARTESIAN_POINT('',(-0.0433455456982628,0.0127,0.406830262200848));
#15582=CARTESIAN_POINT('',(-0.179342121142339,0.0127,0.580899739397895));
#15583=CARTESIAN_POINT('',(0.0284551648778899,0.0127,0.611336059876772));
#15584=CARTESIAN_POINT('',(0.0284551648778899,0.0127,0.613876059876772));
#15585=CARTESIAN_POINT('',(0.030327552099201,0.0127,0.589934576006164));
#15586=CARTESIAN_POINT('',(0.030327552099201,0.0127,0.592474576006164));
#15587=CARTESIAN_POINT('',(0.0301656524762592,0.0127,0.568451951997853));
#15588=CARTESIAN_POINT('',(0.0301656524762592,0.0127,0.570991951997853));
#15589=CARTESIAN_POINT('',(0.0262304035749464,0.0127,0.62472863317262));
#15590=CARTESIAN_POINT('',(0.0262304035749464,0.0127,0.62726863317262));
#15591=CARTESIAN_POINT('',(0.0407833063121272,0.0127,0.624089605002354));
#15592=CARTESIAN_POINT('',(0.0312789428115429,0.0127,0.624716262363885));
#15593=CARTESIAN_POINT('',(-0.196187336489743,0.0127,0.580899739397895));
#15594=CARTESIAN_POINT('',(0.031036992456047,0.0127,0.625954153600448));
#15595=CARTESIAN_POINT('',(0.0260540027861831,0.0127,0.624966118201269));
#15596=CARTESIAN_POINT('',(0.0250788541077033,0.0127,0.629951645761604));
#15597=CARTESIAN_POINT('',(0.0263020442582889,0.0127,0.625021107671749));
#15598=CARTESIAN_POINT('',(0.0213190794039098,0.0127,0.624032947128102));
#15599=CARTESIAN_POINT('',(-0.196187336489743,0.0127,0.580899739397895));
#15600=CARTESIAN_POINT('',(-0.0498857280813096,0.0127,0.414270348409675));
#15601=CARTESIAN_POINT('',(-0.0465340302941747,0.0127,0.410452951136176));
#15602=CARTESIAN_POINT('',(-0.0505059736993148,0.0127,0.407285923257176));
#15603=CARTESIAN_POINT('',(-0.0466973393559708,0.0127,0.410647575297275));
#15604=CARTESIAN_POINT('',(-0.196187336489744,0.1524,0.580899739397895));
#15605=CARTESIAN_POINT('',(-0.196187336489744,0.10795,0.580899739397895));
#15606=CARTESIAN_POINT('',(0.031036992456047,0.10795,0.625954153600448));
#15607=CARTESIAN_POINT('',(0.0312789428115424,0.10795,0.624716262363888));
#15608=CARTESIAN_POINT('',(0.0312789428115431,0.166926473965793,0.624716262363888));
#15609=CARTESIAN_POINT('',(0.0312789428115424,0.1524,0.624716262363888));
#15610=CARTESIAN_POINT('',(-0.196187336489744,0.1524,0.580899739397895));
#15611=CARTESIAN_POINT('',(0.031036992456047,0.1524,0.625954153600448));
#15612=CARTESIAN_POINT('',(0.031036992456047,0.1524,0.625954153600448));
#15613=CARTESIAN_POINT('',(-0.196187336489743,0.10795,0.580899739397895));
#15614=CARTESIAN_POINT('',(0.0407833063121272,0.10795,0.624089605002354));
#15615=CARTESIAN_POINT('',(0.034640607276728,0.10795,0.631369225429306));
#15616=CARTESIAN_POINT('',(0.0260540027861831,0.10795,0.624966118201269));
#15617=CARTESIAN_POINT('',(0.0250788541077033,0.10795,0.629951645761604));
#15618=CARTESIAN_POINT('',(0.0263020442582889,0.10795,0.625021107671749));
#15619=CARTESIAN_POINT('',(0.0252025310194834,0.10795,0.629980691387919));
#15620=CARTESIAN_POINT('',(-0.196187336489743,0.10795,0.580899739397895));
#15621=CARTESIAN_POINT('',(0.0329281049326481,0.10795,0.631693409890321));
#15622=CARTESIAN_POINT('',(0.0332383000236496,0.10795,0.631953869776527));
#15623=CARTESIAN_POINT('',(0.0331913519899618,0.10795,0.631551533524608));
#15624=CARTESIAN_POINT('',(0.0239630881231928,0.10795,0.552331358245419));
#15625=CARTESIAN_POINT('',(-0.196187336489743,0.05715,0.580899739397895));
#15626=CARTESIAN_POINT('',(-0.196187336489743,0.05715,0.580899739397895));
#15627=CARTESIAN_POINT('',(0.031036992456047,0.05715,0.625954153600448));
#15628=CARTESIAN_POINT('',(0.031278942811543,0.05715,0.624716262363885));
#15629=CARTESIAN_POINT('',(0.0407833063121272,0.05715,0.624089605002354));
#15630=CARTESIAN_POINT('',(0.0346406072767279,0.05715,0.631369225429306));
#15631=CARTESIAN_POINT('',(0.0239630881231928,0.05715,0.552331358245419));
#15632=CARTESIAN_POINT('',(0.0331913519899618,0.05715,0.631551533524608));
#15633=CARTESIAN_POINT('',(0.0332383000236496,0.05715,0.631953869776527));
#15634=CARTESIAN_POINT('',(0.0329281049326481,0.05715,0.631693409890321));
#15635=CARTESIAN_POINT('',(0.0402852923131197,0.05715,0.633324459064635));
#15636=CARTESIAN_POINT('',(0.0252025310194834,0.05715,0.629980691387919));
#15637=CARTESIAN_POINT('',(0.0263020442582889,0.05715,0.625021107671749));
#15638=CARTESIAN_POINT('',(0.0250788541077033,0.05715,0.629951645761604));
#15639=CARTESIAN_POINT('',(0.0260540027861831,0.05715,0.624966118201269));
#15640=CARTESIAN_POINT('',(-0.00461084521504771,0.10795000000001,0.468735530089352));
#15641=CARTESIAN_POINT('',(-0.0437685627877913,0.05715,0.39925411825979));
#15642=CARTESIAN_POINT('',(-0.0434248737027126,0.10795,0.399061541916615));
#15643=CARTESIAN_POINT('',(-0.196187336489743,0.10795,0.580899739397895));
#15644=CARTESIAN_POINT('',(0.0398142973866072,0.10795,0.554353008757514));
#15645=CARTESIAN_POINT('',(0.0399302295532114,0.10795,0.555404737810312));
#15646=CARTESIAN_POINT('',(-0.196187336489743,0.10795,0.580899739397895));
#15647=CARTESIAN_POINT('',(0.0394659530282148,0.10795,0.551420471439458));
#15648=CARTESIAN_POINT('',(0.0393322742410608,0.10795,0.550370850436611));
#15649=CARTESIAN_POINT('',(-0.196187336489743,0.10795,0.580899739397895));
#15650=CARTESIAN_POINT('',(0.0389344505391926,0.10795,0.54744461476325));
#15651=CARTESIAN_POINT('',(0.0387830632666889,0.10795,0.54639740124086));
#15652=CARTESIAN_POINT('',(-0.196187336489743,0.10795,0.580899739397895));
#15653=CARTESIAN_POINT('',(0.038335873710454,0.10795,0.543478301993728));
#15654=CARTESIAN_POINT('',(0.0381668211395865,0.10795,0.542433794695507));
#15655=CARTESIAN_POINT('',(-0.196187336489743,0.10795,0.580899739397895));
#15656=CARTESIAN_POINT('',(0.0376703933009322,0.10795,0.539522664620292));
#15657=CARTESIAN_POINT('',(0.037483723658153,0.10795,0.538481161517936));
#15658=CARTESIAN_POINT('',(-0.196187336489743,0.10795,0.580899739397895));
#15659=CARTESIAN_POINT('',(0.0369381991554715,0.10795,0.535578831086922));
#15660=CARTESIAN_POINT('',(0.0367339656929406,0.10795,0.534540629295103));
#15661=CARTESIAN_POINT('',(-0.196187336489743,0.10795,0.580899739397895));
#15662=CARTESIAN_POINT('',(0.0361395001506693,0.10795,0.531647926470258));
#15663=CARTESIAN_POINT('',(0.0359177611310636,0.10795,0.53061332216187));
#15664=CARTESIAN_POINT('',(-0.196187336489743,0.10795,0.580899739397895));
#15665=CARTESIAN_POINT('',(0.0352745241352891,0.10795,0.527731072158646));
#15666=CARTESIAN_POINT('',(0.0350353428151804,0.10795,0.526700360480307));
#15667=CARTESIAN_POINT('',(-0.196187336489743,0.10795,0.580899739397895));
#15668=CARTESIAN_POINT('',(0.0343435178652601,0.10795,0.523829385532231));
#15669=CARTESIAN_POINT('',(0.0340869624770713,0.10795,0.522802860520093));
#15670=CARTESIAN_POINT('',(-0.196187336489743,0.10795,0.580899739397895));
#15671=CARTESIAN_POINT('',(0.0333467469332848,0.10795,0.519943979644199));
#15672=CARTESIAN_POINT('',(0.033072890665853,0.10795,0.518921934140172));
#15673=CARTESIAN_POINT('',(-0.196187336489743,0.10795,0.580899739397895));
#15674=CARTESIAN_POINT('',(0.0322844956930721,0.10795,0.516075962903253));
#15675=CARTESIAN_POINT('',(0.0319934166706525,0.10795,0.515058688471027));
#15676=CARTESIAN_POINT('',(-0.196187336489743,0.10795,0.580899739397895));
#15677=CARTESIAN_POINT('',(0.0311570671782172,0.10795,0.512226438757404));
#15678=CARTESIAN_POINT('',(0.0308488484383725,0.10795,0.51121422559993));
#15679=CARTESIAN_POINT('',(-0.196187336489743,0.10795,0.580899739397895));
#15680=CARTESIAN_POINT('',(0.0299647830157555,0.10795,0.508396505379194));
#15681=CARTESIAN_POINT('',(0.0296395124855654,0.10795,0.507389642255509));
#15682=CARTESIAN_POINT('',(-0.196187336489743,0.10795,0.580899739397895));
#15683=CARTESIAN_POINT('',(0.0287079833344087,0.10795,0.504587255352411));
#15684=CARTESIAN_POINT('',(0.0283657538053541,0.10795,0.503586029495176));
#15685=CARTESIAN_POINT('',(-0.196187336489743,0.10795,0.580899739397895));
#15686=CARTESIAN_POINT('',(0.0273870266675562,0.10795,0.500799775360401));
#15687=CARTESIAN_POINT('',(0.0270279357691441,0.10795,0.499804472394261));
#15688=CARTESIAN_POINT('',(-0.196187336489743,0.10795,0.580899739397895));
#15689=CARTESIAN_POINT('',(0.0260022898509531,0.10795,0.497035145876066));
#15690=CARTESIAN_POINT('',(0.0256264400227892,0.10795,0.496046049735935));
#15691=CARTESIAN_POINT('',(-0.196187336489743,0.10795,0.580899739397895));
#15692=CARTESIAN_POINT('',(0.0245541679152294,0.10795,0.493294440853633));
#15693=CARTESIAN_POINT('',(0.0241616663778372,0.10795,0.492311833703817));
#15694=CARTESIAN_POINT('',(-0.196187336489743,0.10795,0.580899739397895));
#15695=CARTESIAN_POINT('',(0.0230430739731976,0.10795,0.48957872742228));
#15696=CARTESIAN_POINT('',(0.0226340326973965,0.10795,0.488602889575892));
#15697=CARTESIAN_POINT('',(-0.196187336489743,0.10795,0.580899739397895));
#15698=CARTESIAN_POINT('',(0.0214694391020012,0.10795,0.485889065581713));
#15699=CARTESIAN_POINT('',(0.0210439747769973,0.10795,0.48492027542079));
#15700=CARTESIAN_POINT('',(-0.196187336489743,0.10795,0.580899739397895));
#15701=CARTESIAN_POINT('',(0.0198337122201404,0.10795,0.482226507899773));
#15702=CARTESIAN_POINT('',(0.0193919462202181,0.10795,0.481265041795812));
#15703=CARTESIAN_POINT('',(-0.196187336489743,0.10795,0.580899739397895));
#15704=CARTESIAN_POINT('',(0.0181363599594061,0.10795,0.478592099212165));
#15705=CARTESIAN_POINT('',(0.0176784183093083,0.10795,0.477638231447295));
#15706=CARTESIAN_POINT('',(-0.196187336489743,0.10795,0.580899739397895));
#15707=CARTESIAN_POINT('',(0.0163778665317618,0.10795,0.474986876324394));
#15708=CARTESIAN_POINT('',(0.0159038798708004,0.10795,0.474040879013251));
#15709=CARTESIAN_POINT('',(-0.196187336489743,0.10795,0.580899739397895));
#15710=CARTESIAN_POINT('',(0.0145587335912099,0.10795,0.471411867715987));
#15711=CARTESIAN_POINT('',(0.0140688371357484,0.10795,0.470474010727594));
#15712=CARTESIAN_POINT('',(-0.196187336489743,0.10795,0.580899739397895));
#15713=CARTESIAN_POINT('',(0.0126794800906828,0.10795,0.4678680932471));
#15714=CARTESIAN_POINT('',(0.0121738135959704,0.10795,0.466938644128682));
#15715=CARTESIAN_POINT('',(-0.196187336489743,0.10795,0.580899739397895));
#15716=CARTESIAN_POINT('',(0.0107406421339987,0.10795,0.46435656386757));
#15717=CARTESIAN_POINT('',(0.0102193498539161,0.10795,0.46343578776749));
#15718=CARTESIAN_POINT('',(-0.196187336489743,0.10795,0.580899739397895));
#15719=CARTESIAN_POINT('',(0.00874277282292396,0.10795,0.460878281328522));
#15720=CARTESIAN_POINT('',(0.00820600346909805,0.10795,0.459966440921134));
#15721=CARTESIAN_POINT('',(-0.196187336489743,0.10795,0.580899739397895));
#15722=CARTESIAN_POINT('',(0.00668644209933798,0.10795,0.457434237896511));
#15723=CARTESIAN_POINT('',(0.00613434879863214,0.10795,0.456531593307059));
#15724=CARTESIAN_POINT('',(-0.196187336489743,0.10795,0.580899739397895));
#15725=CARTESIAN_POINT('',(0.00457223658289135,0.10795,0.454025416070859));
#15726=CARTESIAN_POINT('',(0.00400497683355631,0.10795,0.453132224801008));
#15727=CARTESIAN_POINT('',(-0.196187336489743,0.10795,0.580899739397895));
#15728=CARTESIAN_POINT('',(0.00240075940316164,0.10795,0.450652788302561));
#15729=CARTESIAN_POINT('',(0.00181849503020452,0.10795,0.449769305157426));
#15730=CARTESIAN_POINT('',(-0.196187336489743,0.10795,0.580899739397895));
#15731=CARTESIAN_POINT('',(0.000172630028091277,0.10795,0.447317316717683));
#15732=CARTESIAN_POINT('',(-0.000424472863088505,0.10795,0.446443793732812));
#15733=CARTESIAN_POINT('',(-0.196187336489743,0.10795,0.580899739397895));
#15734=CARTESIAN_POINT('',(-0.0021115159129783,0.10795,0.444019952842483));
#15735=CARTESIAN_POINT('',(-0.00272328698392483,0.10795,0.443156639212041));
#15736=CARTESIAN_POINT('',(-0.196187336489743,0.10795,0.580899739397895));
#15737=CARTESIAN_POINT('',(-0.00445102681058644,0.10795,0.440761637332046));
#15738=CARTESIAN_POINT('',(-0.00507729153838048,0.10795,0.439908779337727));
#15739=CARTESIAN_POINT('',(-0.196187336489743,0.10795,0.580899739397895));
#15740=CARTESIAN_POINT('',(-0.0203216342202704,0.10795,0.42129787579579));
#15741=CARTESIAN_POINT('',(-0.019612300442087,0.10795,0.422082999899916));
#15742=CARTESIAN_POINT('',(-0.196187336489743,0.10795,0.580899739397895));
#15743=CARTESIAN_POINT('',(-0.017651126768383,0.10795,0.424290921260696));
#15744=CARTESIAN_POINT('',(-0.0169551545056192,0.10795,0.4250879136554));
#15745=CARTESIAN_POINT('',(-0.196187336489743,0.10795,0.580899739397895));
#15746=CARTESIAN_POINT('',(-0.0258123831843568,0.10795,0.415449216926108));
#15747=CARTESIAN_POINT('',(-0.0250769371950121,0.10795,0.41620993596976));
#15748=CARTESIAN_POINT('',(-0.196187336489743,0.10795,0.580899739397895));
#15749=CARTESIAN_POINT('',(-0.0223198188008769,0.10795,0.419123392570827));
#15750=CARTESIAN_POINT('',(-0.0230423117393708,0.10795,0.418350360733463));
#15751=CARTESIAN_POINT('',(-0.196187336489743,0.10795,0.580899739397895));
#15752=CARTESIAN_POINT('',(-0.0099481702418056,0.10795,0.433534638185726));
#15753=CARTESIAN_POINT('',(-0.00929345825686714,0.10795,0.434365858062981));
#15754=CARTESIAN_POINT('',(-0.196187336489743,0.10795,0.580899739397895));
#15755=CARTESIAN_POINT('',(-0.00684523526104111,0.10795,0.437543299701941));
#15756=CARTESIAN_POINT('',(-0.00748581498808696,0.10795,0.436701140642707));
#15757=CARTESIAN_POINT('',(-0.196187336489743,0.10795,0.580899739397895));
#15758=CARTESIAN_POINT('',(-0.0150315512124033,0.10795,0.427328643287493));
#15759=CARTESIAN_POINT('',(-0.0143491390084632,0.10795,0.428137276610864));
#15760=CARTESIAN_POINT('',(-0.196187336489743,0.10795,0.580899739397895));
#15761=CARTESIAN_POINT('',(-0.0117949973813784,0.10795,0.431230218859658));
#15762=CARTESIAN_POINT('',(-0.0124636548514349,0.10795,0.430410175290395));
#15763=CARTESIAN_POINT('',(-0.196187336489743,0.10795,0.580899739397895));
#15764=CARTESIAN_POINT('',(-0.0426162403794326,0.10795,0.399743954120478));
#15765=CARTESIAN_POINT('',(-0.196187336489743,0.10795,0.580899739397895));
#15766=CARTESIAN_POINT('',(-0.0403755107468433,0.10795,0.401667557414123));
#15767=CARTESIAN_POINT('',(-0.0395785183525437,0.10795,0.402363529676535));
#15768=CARTESIAN_POINT('',(-0.196187336489743,0.10795,0.580899739397895));
#15769=CARTESIAN_POINT('',(-0.0314975330616084,0.10795,0.409789340103164));
#15770=CARTESIAN_POINT('',(-0.0307368140176095,0.10795,0.410524786092845));
#15771=CARTESIAN_POINT('',(-0.196187336489743,0.10795,0.580899739397895));
#15772=CARTESIAN_POINT('',(-0.0278828690878724,0.10795,0.413343461232699));
#15773=CARTESIAN_POINT('',(-0.0286310583245473,0.10795,0.412595271996024));
#15774=CARTESIAN_POINT('',(-0.196187336489743,0.10795,0.580899739397895));
#15775=CARTESIAN_POINT('',(-0.0373705969917645,0.10795,0.404324703350239));
#15776=CARTESIAN_POINT('',(-0.036585472887767,0.10795,0.405034037128305));
#15777=CARTESIAN_POINT('',(-0.196187336489743,0.10795,0.580899739397895));
#15778=CARTESIAN_POINT('',(-0.0336379578253112,0.10795,0.407754714647523));
#15779=CARTESIAN_POINT('',(-0.0344109896626756,0.10795,0.407032221709029));
#15780=CARTESIAN_POINT('',(-0.196187336489743,0.10795,0.580899739397895));
#15781=CARTESIAN_POINT('',(0.0402289951942352,0.10795,0.558342740193857));
#15782=CARTESIAN_POINT('',(0.0403271476677521,0.10795,0.559396277264699));
#15783=CARTESIAN_POINT('',(-0.196187336489743,0.10795,0.580899739397895));
#15784=CARTESIAN_POINT('',(0.0405762493610697,0.10795,0.5623389065754));
#15785=CARTESIAN_POINT('',(0.0406565941410692,0.10795,0.563393951116679));
#15786=CARTESIAN_POINT('',(-0.196187336489743,0.10795,0.580899739397895));
#15787=CARTESIAN_POINT('',(0.0408559608242275,0.10795,0.566340367896338));
#15788=CARTESIAN_POINT('',(0.0409184749903595,0.10795,0.567396618930319));
#15789=CARTESIAN_POINT('',(-0.196187336489743,0.10795,0.580899739397895));
#15790=CARTESIAN_POINT('',(0.0410680497890517,0.10795,0.570345982640242));
#15791=CARTESIAN_POINT('',(0.0411127155075949,0.10795,0.571403138845039));
#15792=CARTESIAN_POINT('',(-0.196187336489743,0.10795,0.580899739397895));
#15793=CARTESIAN_POINT('',(0.041212455751888,0.10795,0.574354608105845));
#15794=CARTESIAN_POINT('',(0.041239260280835,0.10795,0.575412367901347));
#15795=CARTESIAN_POINT('',(-0.196187336489743,0.10795,0.580899739397895));
#15796=CARTESIAN_POINT('',(0.041289137517343,0.10795,0.578365100732995));
#15797=CARTESIAN_POINT('',(0.0412980732100348,0.10795,0.579423162366904));
#15798=CARTESIAN_POINT('',(-0.196187336489743,0.10795,0.580899739397895));
#15799=CARTESIAN_POINT('',(0.0412980732100348,0.10795,0.582376316428888));
#15800=CARTESIAN_POINT('',(0.0412891375173429,0.10795,0.583434378062796));
#15801=CARTESIAN_POINT('',(-0.196187336489743,0.10795,0.580899739397895));
#15802=CARTESIAN_POINT('',(0.041239260280835,0.10795,0.586387110894444));
#15803=CARTESIAN_POINT('',(0.041212455751888,0.10795,0.587444870689947));
#15804=CARTESIAN_POINT('',(-0.196187336489743,0.10795,0.580899739397895));
#15805=CARTESIAN_POINT('',(0.0411127155075948,0.10795,0.590396339950752));
#15806=CARTESIAN_POINT('',(0.0410680497890516,0.10795,0.591453496155549));
#15807=CARTESIAN_POINT('',(-0.196187336489743,0.10795,0.580899739397895));
#15808=CARTESIAN_POINT('',(0.0409184749903594,0.10795,0.594402859865472));
#15809=CARTESIAN_POINT('',(0.0408559608242275,0.10795,0.595459110899453));
#15810=CARTESIAN_POINT('',(-0.196187336489743,0.10795,0.580899739397895));
#15811=CARTESIAN_POINT('',(0.0406565941410692,0.10795,0.598405527679112));
#15812=CARTESIAN_POINT('',(0.0405762493610697,0.10795,0.599460572220391));
#15813=CARTESIAN_POINT('',(-0.196187336489743,0.10795,0.580899739397895));
#15814=CARTESIAN_POINT('',(0.040327147667752,0.10795,0.602403201531092));
#15815=CARTESIAN_POINT('',(0.0402289951942326,0.10795,0.603456738601961));
#15816=CARTESIAN_POINT('',(-0.196187336489743,0.10795,0.580899739397895));
#15817=CARTESIAN_POINT('',(0.0399302295532112,0.10795,0.60639474098548));
#15818=CARTESIAN_POINT('',(0.0398142973866071,0.10795,0.607446470038277));
#15819=CARTESIAN_POINT('',(-0.196187336489743,0.10795,0.580899739397895));
#15820=CARTESIAN_POINT('',(0.0394659530282147,0.10795,0.610379007356333));
#15821=CARTESIAN_POINT('',(0.0393322742410607,0.10795,0.61142862835918));
#15822=CARTESIAN_POINT('',(-0.196187336489743,0.10795,0.580899739397895));
#15823=CARTESIAN_POINT('',(0.0388768297791353,0.166926473965793,0.614757350600059));
#15824=CARTESIAN_POINT('',(0.0389344505391925,0.10795,0.614354864032541));
#15825=CARTESIAN_POINT('',(0.0239630881231928,0.10795000000001,0.552331358245419));
#15826=CARTESIAN_POINT('',(0.0346406045067406,0.05715,0.631369223091931));
#15827=CARTESIAN_POINT('',(0.0331913493861102,0.10795,0.631551511171804));
#15828=CARTESIAN_POINT('',(0.0331913493861102,0.0910166666666667,0.631551511171804));
#15829=CARTESIAN_POINT('',(0.0331913493861102,0.0740833333333333,0.631551511171804));
#15830=CARTESIAN_POINT('',(0.0331913493861102,0.05715,0.631551511171804));
#15831=CARTESIAN_POINT('',(0.0332383000236496,0.08255,0.631953869776527));
#15832=CARTESIAN_POINT('',(0.0329281049326481,0.08255,0.631693409890321));
#15833=CARTESIAN_POINT('',(0.0207687202084778,0.10795000000001,0.53386325014874));
#15834=CARTESIAN_POINT('',(0.0366463972047767,0.10795,0.612022656546501));
#15835=CARTESIAN_POINT('',(0.0366463972047767,0.0910166666666667,0.612022656546501));
#15836=CARTESIAN_POINT('',(0.0366463972047767,0.0740833333333333,0.612022656546501));
#15837=CARTESIAN_POINT('',(0.0366463972047767,0.05715,0.612022656546501));
#15838=CARTESIAN_POINT('',(-0.196187336478447,0.10795,0.580899739399431));
#15839=CARTESIAN_POINT('',(0.0363257350037203,0.10795,0.612365302175724));
#15840=CARTESIAN_POINT('',(0.0362870927990789,0.10795,0.612649539130908));
#15841=CARTESIAN_POINT('',(0.000337244745316372,0.10795000000001,0.684149198618359));
#15842=CARTESIAN_POINT('',(0.0365046416624088,0.05715,0.613065354915212));
#15843=CARTESIAN_POINT('',(0.0365046416624088,0.0740833333333333,0.613065354915212));
#15844=CARTESIAN_POINT('',(0.0365046416624088,0.0910166666666667,0.613065354915212));
#15845=CARTESIAN_POINT('',(0.0365046416624088,0.10795,0.613065354915212));
#15846=CARTESIAN_POINT('',(0.0366884109798148,0.08255,0.612704348478786));
#15847=CARTESIAN_POINT('',(0.0367271198920911,0.08255,0.612419620848313));
#15848=CARTESIAN_POINT('',(0.0199433523070806,0.10795000000001,0.530205684330823));
#15849=CARTESIAN_POINT('',(0.0371388362841459,0.10795,0.608085776561462));
#15850=CARTESIAN_POINT('',(0.0371388362841459,0.0910166666666667,0.608085776561462));
#15851=CARTESIAN_POINT('',(0.0371388362841459,0.0740833333333333,0.608085776561462));
#15852=CARTESIAN_POINT('',(0.0371388362841459,0.05715,0.608085776561462));
#15853=CARTESIAN_POINT('',(-0.196187336478422,0.10795,0.58089973939924));
#15854=CARTESIAN_POINT('',(0.0368240069280316,0.10795,0.608433789134426));
#15855=CARTESIAN_POINT('',(0.0367901708495892,0.10795,0.608718638193521));
#15856=CARTESIAN_POINT('',(0.00205304266072637,0.10795000000001,0.680815273391401));
#15857=CARTESIAN_POINT('',(0.0370147115946847,0.05715,0.609130720379745));
#15858=CARTESIAN_POINT('',(0.0370147115946847,0.0740833333333333,0.609130720379745));
#15859=CARTESIAN_POINT('',(0.0370147115946847,0.0910166666666667,0.609130720379745));
#15860=CARTESIAN_POINT('',(0.0370147115946847,0.10795,0.609130720379745));
#15861=CARTESIAN_POINT('',(0.0371923574887127,0.08255,0.608766661668141));
#15862=CARTESIAN_POINT('',(0.0372262519780246,0.08255,0.608481320877088));
#15863=CARTESIAN_POINT('',(0.0190563277481605,0.10795000000001,0.526562580249016));
#15864=CARTESIAN_POINT('',(0.0375647132674409,0.10795,0.604141141082918));
#15865=CARTESIAN_POINT('',(0.0375647132674409,0.0910166666666667,0.604141141082918));
#15866=CARTESIAN_POINT('',(0.0375647132674409,0.0740833333333333,0.604141141082918));
#15867=CARTESIAN_POINT('',(0.0375647132674409,0.05715,0.604141141082918));
#15868=CARTESIAN_POINT('',(-0.196187336478402,0.10795,0.580899739399049));
#15869=CARTESIAN_POINT('',(0.0372558065691756,0.10795,0.604494421320377));
#15870=CARTESIAN_POINT('',(0.0372267862695153,0.10795,0.604779801223102));
#15871=CARTESIAN_POINT('',(0.0037122875747353,0.10795000000001,0.677452844774196));
#15872=CARTESIAN_POINT('',(0.0374582548405422,0.05715,0.605188032254552));
#15873=CARTESIAN_POINT('',(0.0374582548405422,0.0740833333333333,0.605188032254552));
#15874=CARTESIAN_POINT('',(0.0374582548405422,0.0910166666666667,0.605188032254552));
#15875=CARTESIAN_POINT('',(0.0374582548405422,0.10795,0.605188032254552));
#15876=CARTESIAN_POINT('',(0.037629726633281,0.08255,0.604821025124573));
#15877=CARTESIAN_POINT('',(0.037658797030382,0.08255,0.604535152573501));
#15878=CARTESIAN_POINT('',(0.0181078995793403,0.10795000000001,0.522934977196839));
#15879=CARTESIAN_POINT('',(0.037923906662656,0.10795,0.600189875416284));
#15880=CARTESIAN_POINT('',(0.037923906662656,0.0910166666666667,0.600189875416284));
#15881=CARTESIAN_POINT('',(0.037923906662656,0.0740833333333333,0.600189875416284));
#15882=CARTESIAN_POINT('',(0.037923906662656,0.05715,0.600189875416284));
#15883=CARTESIAN_POINT('',(-0.196187336478384,0.10795,0.580899739398857));
#15884=CARTESIAN_POINT('',(0.0376210107455612,0.10795,0.60054832253626));
#15885=CARTESIAN_POINT('',(0.0375968145034456,0.10795,0.600834151870898));
#15886=CARTESIAN_POINT('',(0.00531450614717838,0.10795000000001,0.674062871981897));
#15887=CARTESIAN_POINT('',(0.0378351448682347,0.05715,0.601238415289514));
#15888=CARTESIAN_POINT('',(0.0378351448682347,0.0740833333333333,0.601238415289514));
#15889=CARTESIAN_POINT('',(0.0378351448682347,0.0910166666666667,0.601238415289514));
#15890=CARTESIAN_POINT('',(0.0378351448682347,0.10795,0.601238415289514));
#15891=CARTESIAN_POINT('',(0.0380003936430892,0.08255,0.600868564439076));
#15892=CARTESIAN_POINT('',(0.0380246316549253,0.08255,0.600582241680242));
#15893=CARTESIAN_POINT('',(0.0170983383628125,0.10795000000001,0.519323910035911));
#15894=CARTESIAN_POINT('',(0.038216314000938,0.10795,0.5962331067584));
#15895=CARTESIAN_POINT('',(0.038216314000938,0.0910166666666667,0.5962331067584));
#15896=CARTESIAN_POINT('',(0.038216314000938,0.0740833333333333,0.5962331067584));
#15897=CARTESIAN_POINT('',(0.038216314000938,0.05715,0.5962331067584));
#15898=CARTESIAN_POINT('',(-0.196187336478369,0.10795,0.580899739398665));
#15899=CARTESIAN_POINT('',(0.0379195152736105,0.10795,0.596596618504935));
#15900=CARTESIAN_POINT('',(0.0379001499916198,0.10795,0.596882815731555));
#15901=CARTESIAN_POINT('',(0.00685924130571536,0.10795000000001,0.670646322087624));
#15902=CARTESIAN_POINT('',(0.0381452741605048,0.05715,0.597282996211139));
#15903=CARTESIAN_POINT('',(0.0381452741605048,0.0740833333333333,0.597282996211139));
#15904=CARTESIAN_POINT('',(0.0381452741605048,0.0910166666666667,0.597282996211139));
#15905=CARTESIAN_POINT('',(0.0381452741605048,0.10795,0.597282996211139));
#15906=CARTESIAN_POINT('',(0.0383042527761504,0.08255,0.596910407149401));
#15907=CARTESIAN_POINT('',(0.0383236514882257,0.08255,0.596623715863495));
#15908=CARTESIAN_POINT('',(0.0160279321004079,0.10795000000001,0.515730408910803));
#15909=CARTESIAN_POINT('',(0.0384418518658187,0.10795,0.592271963875974));
#15910=CARTESIAN_POINT('',(0.0384418518658187,0.0910166666666667,0.592271963875974));
#15911=CARTESIAN_POINT('',(0.0384418518658187,0.0740833333333333,0.592271963875974));
#15912=CARTESIAN_POINT('',(0.0384418518658187,0.05715,0.592271963875974));
#15913=CARTESIAN_POINT('',(-0.196187336478358,0.10795,0.580899739398473));
#15914=CARTESIAN_POINT('',(0.0381512349974801,0.10795,0.592640436548297));
#15915=CARTESIAN_POINT('',(0.0381367062000426,0.10795,0.592926920022021));
#15916=CARTESIAN_POINT('',(0.00834605237737075,0.10795000000001,0.667204169744583));
#15917=CARTESIAN_POINT('',(0.0383885542452556,0.05715,0.593322903401135));
#15918=CARTESIAN_POINT('',(0.0383885542452556,0.0740833333333333,0.593322903401135));
#15919=CARTESIAN_POINT('',(0.0383885542452556,0.0910166666666667,0.593322903401135));
#15920=CARTESIAN_POINT('',(0.0383885542452556,0.10795,0.593322903401135));
#15921=CARTESIAN_POINT('',(0.0385412173490867,0.08255,0.592947682418394));
#15922=CARTESIAN_POINT('',(0.0385557712274359,0.08255,0.59266070439124));
#15923=CARTESIAN_POINT('',(0.0148969861534967,0.10795000000001,0.512155498961458));
#15924=CARTESIAN_POINT('',(0.0386004559170106,0.10795,0.588307576783567));
#15925=CARTESIAN_POINT('',(0.0386004559170106,0.0910166666666667,0.588307576783567));
#15926=CARTESIAN_POINT('',(0.0386004559170106,0.0740833333333333,0.588307576783567));
#15927=CARTESIAN_POINT('',(0.0386004559170106,0.05715,0.588307576783567));
#15928=CARTESIAN_POINT('',(-0.196187336478349,0.10795,0.580899739398281));
#15929=CARTESIAN_POINT('',(0.0383161038133532,0.10795,0.588680905265682));
#15930=CARTESIAN_POINT('',(0.03830641564517,0.10795,0.58896759325997));
#15931=CARTESIAN_POINT('',(0.00977451520901721,0.10795000000001,0.66373739692002));
#15932=CARTESIAN_POINT('',(0.0385649157207897,0.05715,0.589359266574502));
#15933=CARTESIAN_POINT('',(0.0385649157207897,0.0740833333333333,0.589359266574502));
#15934=CARTESIAN_POINT('',(0.0385649157207897,0.0910166666666667,0.589359266574502));
#15935=CARTESIAN_POINT('',(0.0385649157207897,0.10795,0.589359266574502));
#15936=CARTESIAN_POINT('',(0.0387112197618577,0.08255,0.588981520711881));
#15937=CARTESIAN_POINT('',(0.0387209246546249,0.08255,0.5886943378111));
#15938=CARTESIAN_POINT('',(0.0137058231506478,0.10795000000001,0.508600200014138));
#15939=CARTESIAN_POINT('',(0.0386920809087624,0.10795,0.584341076421236));
#15940=CARTESIAN_POINT('',(0.0386920809087624,0.0910166666666667,0.584341076421236));
#15941=CARTESIAN_POINT('',(0.0386920809087624,0.0740833333333333,0.584341076421236));
#15942=CARTESIAN_POINT('',(0.0386920809087624,0.05715,0.584341076421236));
#15943=CARTESIAN_POINT('',(-0.196187336478345,0.10795,0.580899739398088));
#15944=CARTESIAN_POINT('',(0.0384140746882981,0.10795,0.584719154211902));
#15945=CARTESIAN_POINT('',(0.0384092299131603,0.10795,0.585005964941872));
#15946=CARTESIAN_POINT('',(0.0111442222988196,0.10795000000001,0.66024699259065));
#15947=CARTESIAN_POINT('',(0.0386743082756087,0.05715,0.585393216457264));
#15948=CARTESIAN_POINT('',(0.0386743082756087,0.0740833333333333,0.585393216457264));
#15949=CARTESIAN_POINT('',(0.0386743082756087,0.0910166666666667,0.585393216457264));
#15950=CARTESIAN_POINT('',(0.0386743082756087,0.10795,0.585393216457264));
#15951=CARTESIAN_POINT('',(0.0388142115170457,0.08255,0.585013053476168));
#15952=CARTESIAN_POINT('',(0.0388190646556687,0.08255,0.584725747627829));
#15953=CARTESIAN_POINT('',(0.0124547829020849,0.10795000000001,0.505065526310276));
#15954=CARTESIAN_POINT('',(0.0387167007027646,0.10795,0.580373594331896));
#15955=CARTESIAN_POINT('',(0.0387167007027646,0.0910166666666667,0.580373594331896));
#15956=CARTESIAN_POINT('',(0.0387167007027646,0.0740833333333333,0.580373594331896));
#15957=CARTESIAN_POINT('',(0.0387167007027646,0.05715,0.580373594331896));
#15958=CARTESIAN_POINT('',(-0.196187336478343,0.10795,0.580899739397896));
#15959=CARTESIAN_POINT('',(0.0384451196736853,0.10795,0.580756313575018));
#15960=CARTESIAN_POINT('',(0.0384451196736853,0.10795,0.581043165220773));
#15961=CARTESIAN_POINT('',(0.0124547829034811,0.10795000000001,0.656733952481699));
#15962=CARTESIAN_POINT('',(0.0387167007027644,0.05715,0.581425884463895));
#15963=CARTESIAN_POINT('',(0.0387167007027644,0.0740833333333333,0.581425884463895));
#15964=CARTESIAN_POINT('',(0.0387167007027644,0.0910166666666667,0.581425884463895));
#15965=CARTESIAN_POINT('',(0.0387167007027644,0.10795,0.581425884463895));
#15966=CARTESIAN_POINT('',(0.0388501632336898,0.08255,0.581043412815274));
#15967=CARTESIAN_POINT('',(0.0388501632336901,0.08255,0.580756065980517));
#15968=CARTESIAN_POINT('',(0.0111442222982681,0.10795000000001,0.501552486203739));
#15969=CARTESIAN_POINT('',(0.0386743082756089,0.10795,0.576406262338527));
#15970=CARTESIAN_POINT('',(0.0386743082756089,0.0910166666666667,0.576406262338527));
#15971=CARTESIAN_POINT('',(0.0386743082756089,0.0740833333333333,0.576406262338527));
#15972=CARTESIAN_POINT('',(0.0386743082756089,0.05715,0.576406262338527));
#15973=CARTESIAN_POINT('',(-0.196187336478345,0.10795,0.580899739397703));
#15974=CARTESIAN_POINT('',(0.0384092299131602,0.10795,0.576793513853919));
#15975=CARTESIAN_POINT('',(0.0384140746882981,0.10795,0.577080324583889));
#15976=CARTESIAN_POINT('',(0.0137058231504813,0.10795000000001,0.653199278782125));
#15977=CARTESIAN_POINT('',(0.038692080908762,0.05715,0.577458402374555));
#15978=CARTESIAN_POINT('',(0.038692080908762,0.0740833333333333,0.577458402374555));
#15979=CARTESIAN_POINT('',(0.038692080908762,0.0910166666666667,0.577458402374555));
#15980=CARTESIAN_POINT('',(0.038692080908762,0.10795,0.577458402374555));
#15981=CARTESIAN_POINT('',(0.0388190646556684,0.08255,0.577073731167962));
#15982=CARTESIAN_POINT('',(0.038814211517046,0.08255,0.576786425319623));
#15983=CARTESIAN_POINT('',(0.00977451520843924,0.10795000000001,0.498062081874351));
#15984=CARTESIAN_POINT('',(0.0385649157207901,0.10795,0.572440212221289));
#15985=CARTESIAN_POINT('',(0.0385649157207901,0.0910166666666667,0.572440212221289));
#15986=CARTESIAN_POINT('',(0.0385649157207901,0.0740833333333333,0.572440212221289));
#15987=CARTESIAN_POINT('',(0.0385649157207901,0.05715,0.572440212221289));
#15988=CARTESIAN_POINT('',(-0.196187336478349,0.10795,0.580899739397511));
#15989=CARTESIAN_POINT('',(0.0383064156451699,0.10795,0.572831885535821));
#15990=CARTESIAN_POINT('',(0.0383161038133532,0.10795,0.573118573530109));
#15991=CARTESIAN_POINT('',(0.0148969861538106,0.10795000000001,0.649643979833342));
#15992=CARTESIAN_POINT('',(0.0386004559170103,0.05715,0.573491902012224));
#15993=CARTESIAN_POINT('',(0.0386004559170103,0.0740833333333333,0.573491902012224));
#15994=CARTESIAN_POINT('',(0.0386004559170103,0.0910166666666667,0.573491902012224));
#15995=CARTESIAN_POINT('',(0.0386004559170103,0.10795,0.573491902012224));
#15996=CARTESIAN_POINT('',(0.0387209246546245,0.08255,0.573105140984691));
#15997=CARTESIAN_POINT('',(0.0387112197618581,0.08255,0.572817958083911));
#15998=CARTESIAN_POINT('',(0.00834605237696722,0.10795000000001,0.49459530905024));
#15999=CARTESIAN_POINT('',(0.038388554245256,0.10795,0.568476575394656));
#16000=CARTESIAN_POINT('',(0.038388554245256,0.0910166666666667,0.568476575394656));
#16001=CARTESIAN_POINT('',(0.038388554245256,0.0740833333333333,0.568476575394656));
#16002=CARTESIAN_POINT('',(0.038388554245256,0.05715,0.568476575394656));
#16003=CARTESIAN_POINT('',(-0.196187336478358,0.10795,0.580899739397318));
#16004=CARTESIAN_POINT('',(0.0381367062000426,0.10795,0.56887255877377));
#16005=CARTESIAN_POINT('',(0.03815123499748,0.10795,0.569159042247494));
#16006=CARTESIAN_POINT('',(0.0160279321012463,0.10795000000001,0.646069069882319));
#16007=CARTESIAN_POINT('',(0.0384418518658184,0.05715,0.569527514919818));
#16008=CARTESIAN_POINT('',(0.0384418518658184,0.0740833333333333,0.569527514919818));
#16009=CARTESIAN_POINT('',(0.0384418518658184,0.0910166666666667,0.569527514919818));
#16010=CARTESIAN_POINT('',(0.0384418518658184,0.10795,0.569527514919818));
#16011=CARTESIAN_POINT('',(0.0385557712274355,0.08255,0.569138774404552));
#16012=CARTESIAN_POINT('',(0.038541217349087,0.08255,0.568851796377397));
#16013=CARTESIAN_POINT('',(0.00685924130572616,0.10795000000001,0.491153156708191));
#16014=CARTESIAN_POINT('',(0.0381452741605053,0.10795,0.564516482584651));
#16015=CARTESIAN_POINT('',(0.0381452741605053,0.0910166666666667,0.564516482584651));
#16016=CARTESIAN_POINT('',(0.0381452741605053,0.0740833333333333,0.564516482584651));
#16017=CARTESIAN_POINT('',(0.0381452741605053,0.05715,0.564516482584651));
#16018=CARTESIAN_POINT('',(-0.196187336478369,0.10795,0.580899739397126));
#16019=CARTESIAN_POINT('',(0.0379001499916198,0.10795,0.564916663064236));
#16020=CARTESIAN_POINT('',(0.0379195152736106,0.10795,0.565202860290856));
#16021=CARTESIAN_POINT('',(0.0170983383630303,0.10795000000001,0.642475568759139));
#16022=CARTESIAN_POINT('',(0.0382163140009376,0.05715,0.565566372037391));
#16023=CARTESIAN_POINT('',(0.0382163140009376,0.0740833333333333,0.565566372037391));
#16024=CARTESIAN_POINT('',(0.0382163140009376,0.0910166666666667,0.565566372037391));
#16025=CARTESIAN_POINT('',(0.0382163140009376,0.10795,0.565566372037391));
#16026=CARTESIAN_POINT('',(0.0383236514882253,0.08255,0.565175762932296));
#16027=CARTESIAN_POINT('',(0.0383042527761508,0.08255,0.564889071646391));
#16028=CARTESIAN_POINT('',(0.0053145061470171,0.10795000000001,0.487736606813549));
#16029=CARTESIAN_POINT('',(0.037835144868235,0.10795,0.560561063506277));
#16030=CARTESIAN_POINT('',(0.037835144868235,0.0910166666666667,0.560561063506277));
#16031=CARTESIAN_POINT('',(0.037835144868235,0.0740833333333333,0.560561063506277));
#16032=CARTESIAN_POINT('',(0.037835144868235,0.05715,0.560561063506277));
#16033=CARTESIAN_POINT('',(-0.196187336478383,0.10795,0.580899739396934));
#16034=CARTESIAN_POINT('',(0.0375968145034456,0.10795,0.560965326924893));
#16035=CARTESIAN_POINT('',(0.0376210107455612,0.10795,0.561251156259531));
#16036=CARTESIAN_POINT('',(0.0181078995792549,0.10795000000001,0.638864501599273));
#16037=CARTESIAN_POINT('',(0.0379239066626557,0.05715,0.561609603379507));
#16038=CARTESIAN_POINT('',(0.0379239066626557,0.0740833333333333,0.561609603379507));
#16039=CARTESIAN_POINT('',(0.0379239066626557,0.0910166666666667,0.561609603379507));
#16040=CARTESIAN_POINT('',(0.0379239066626557,0.10795,0.561609603379507));
#16041=CARTESIAN_POINT('',(0.038024631654925,0.08255,0.561217237115549));
#16042=CARTESIAN_POINT('',(0.0380003936430896,0.08255,0.560930914356715));
#16043=CARTESIAN_POINT('',(0.00371228757421063,0.10795000000001,0.484346634020448));
#16044=CARTESIAN_POINT('',(0.0374582548405424,0.10795,0.556611446541239));
#16045=CARTESIAN_POINT('',(0.0374582548405424,0.0910166666666667,0.556611446541239));
#16046=CARTESIAN_POINT('',(0.0374582548405424,0.0740833333333333,0.556611446541239));
#16047=CARTESIAN_POINT('',(0.0374582548405424,0.05715,0.556611446541239));
#16048=CARTESIAN_POINT('',(-0.196187336478402,0.10795,0.580899739396742));
#16049=CARTESIAN_POINT('',(0.0372267862695153,0.10795,0.557019677572689));
#16050=CARTESIAN_POINT('',(0.0372558065691756,0.10795,0.557305057475414));
#16051=CARTESIAN_POINT('',(0.0190563278024644,0.10795000000001,0.635236898333699));
#16052=CARTESIAN_POINT('',(0.037564713267438,0.05715,0.557658337712884));
#16053=CARTESIAN_POINT('',(0.037564713267438,0.0740833333333333,0.557658337712884));
#16054=CARTESIAN_POINT('',(0.037564713267438,0.0910166666666667,0.557658337712884));
#16055=CARTESIAN_POINT('',(0.037564713267438,0.10795,0.557658337712884));
#16056=CARTESIAN_POINT('',(0.0376587970303816,0.08255,0.557264326222291));
#16057=CARTESIAN_POINT('',(0.0376297266332813,0.08255,0.556978453671218));
#16058=CARTESIAN_POINT('',(-0.110853066699214,0.10795000000001,0.37595968899363));
#16059=CARTESIAN_POINT('',(-0.0376322724489874,0.10795,0.407577856229641));
#16060=CARTESIAN_POINT('',(-0.0376322724489874,0.0910166666666667,0.407577856229641));
#16061=CARTESIAN_POINT('',(-0.0376322724489874,0.0740833333333333,0.407577856229641));
#16062=CARTESIAN_POINT('',(-0.0376322724489874,0.05715,0.407577856229641));
#16063=CARTESIAN_POINT('',(-0.196187336482029,0.10795,0.580899739389501));
#16064=CARTESIAN_POINT('',(-0.0375342255664104,0.10795,0.40803678659829));
#16065=CARTESIAN_POINT('',(-0.0373230093282281,0.10795,0.4082308782452));
#16066=CARTESIAN_POINT('',(0.000824291707478773,0.10795000000001,0.47858268210044));
#16067=CARTESIAN_POINT('',(-0.0368574441833446,0.05715,0.408289864432409));
#16068=CARTESIAN_POINT('',(-0.0368574441833446,0.0740833333333333,0.408289864432409));
#16069=CARTESIAN_POINT('',(-0.0368574441833446,0.0910166666666667,0.408289864432409));
#16070=CARTESIAN_POINT('',(-0.0368574441833446,0.10795,0.408289864432409));
#16071=CARTESIAN_POINT('',(-0.0370487634984593,0.08255,0.407932801792492));
#16072=CARTESIAN_POINT('',(-0.0372603443570288,0.08255,0.407738375087199));
#16073=CARTESIAN_POINT('',(-0.114326570761767,0.10795000000001,0.374547669155409));
#16074=CARTESIAN_POINT('',(-0.0405822048191467,0.10795,0.404924665834206));
#16075=CARTESIAN_POINT('',(-0.0405822048191467,0.0910166666666667,0.404924665834206));
#16076=CARTESIAN_POINT('',(-0.0405822048191467,0.0740833333333333,0.404924665834206));
#16077=CARTESIAN_POINT('',(-0.0405822048191467,0.05715,0.404924665834206));
#16078=CARTESIAN_POINT('',(-0.196187336482172,0.10795,0.580899739389372));
#16079=CARTESIAN_POINT('',(-0.0404764208265047,0.10795,0.40538187478131));
#16080=CARTESIAN_POINT('',(-0.0402619566086745,0.10795,0.405572371411051));
#16081=CARTESIAN_POINT('',(-0.000931891420953243,0.10795000000001,0.475269852387062));
#16082=CARTESIAN_POINT('',(-0.0397954616247817,0.05715,0.405623486031412));
#16083=CARTESIAN_POINT('',(-0.0397954616247817,0.0740833333333333,0.405623486031412));
#16084=CARTESIAN_POINT('',(-0.0397954616247817,0.0910166666666667,0.405623486031412));
#16085=CARTESIAN_POINT('',(-0.0397954616247817,0.10795,0.405623486031412));
#16086=CARTESIAN_POINT('',(-0.0399927842529196,0.08255,0.405269705605745));
#16087=CARTESIAN_POINT('',(-0.0402076186980903,0.08255,0.405078880123661));
#16088=CARTESIAN_POINT('',(-0.103980077232657,0.10795000000001,0.37895870047894));
#16089=CARTESIAN_POINT('',(-0.031868931677481,0.10795,0.413031799165343));
#16090=CARTESIAN_POINT('',(-0.031868931677481,0.0910166666666667,0.413031799165343));
#16091=CARTESIAN_POINT('',(-0.031868931677481,0.0740833333333333,0.413031799165343));
#16092=CARTESIAN_POINT('',(-0.031868931677481,0.05715,0.413031799165343));
#16093=CARTESIAN_POINT('',(-0.19618733648175,0.10795,0.580899739389767));
#16094=CARTESIAN_POINT('',(-0.0317864407109715,0.10795,0.413493779159356));
#16095=CARTESIAN_POINT('',(-0.0315819002523899,0.10795,0.413694893722417));
#16096=CARTESIAN_POINT('',(0.00416756559662835,0.10795000000001,0.485294953592504));
#16097=CARTESIAN_POINT('',(-0.0311185929245005,0.05715,0.413769570320731));
#16098=CARTESIAN_POINT('',(-0.0311185929245005,0.0740833333333333,0.413769570320731));
#16099=CARTESIAN_POINT('',(-0.0311185929245005,0.0910166666666667,0.413769570320731));
#16100=CARTESIAN_POINT('',(-0.0311185929245005,0.10795,0.413769570320731));
#16101=CARTESIAN_POINT('',(-0.0312977436059487,0.08255,0.413406249742595));
#16102=CARTESIAN_POINT('',(-0.0315026371605888,0.08255,0.413204787997563));
#16103=CARTESIAN_POINT('',(-0.107403908972792,0.10795000000001,0.377430171999537));
#16104=CARTESIAN_POINT('',(-0.0347275718556535,0.10795,0.410280491004656));
#16105=CARTESIAN_POINT('',(-0.0347275718556535,0.0910166666666667,0.410280491004656));
#16106=CARTESIAN_POINT('',(-0.0347275718556535,0.0740833333333333,0.410280491004656));
#16107=CARTESIAN_POINT('',(-0.0347275718556535,0.05715,0.410280491004656));
#16108=CARTESIAN_POINT('',(-0.196187336481889,0.10795,0.580899739389633));
#16109=CARTESIAN_POINT('',(-0.0346372900535886,0.10795,0.410741011873486));
#16110=CARTESIAN_POINT('',(-0.0344293820497412,0.10795,0.410938643168093));
#16111=CARTESIAN_POINT('',(0.00252427236713523,0.10795000000001,0.481924700299939));
#16112=CARTESIAN_POINT('',(-0.0339648795579084,0.05715,0.411005484094874));
#16113=CARTESIAN_POINT('',(-0.0339648795579084,0.0740833333333333,0.411005484094874));
#16114=CARTESIAN_POINT('',(-0.0339648795579084,0.0910166666666667,0.411005484094874));
#16115=CARTESIAN_POINT('',(-0.0339648795579084,0.10795,0.411005484094874));
#16116=CARTESIAN_POINT('',(-0.034150140981405,0.08255,0.410645241101709));
#16117=CARTESIAN_POINT('',(-0.0343584078946691,0.08255,0.41044726863826));
#16118=CARTESIAN_POINT('',(-0.117823425433589,0.10795000000001,0.373194517258663));
#16119=CARTESIAN_POINT('',(-0.0435765274247748,0.10795,0.40232167670682));
#16120=CARTESIAN_POINT('',(-0.0435765274247748,0.0910166666666667,0.40232167670682));
#16121=CARTESIAN_POINT('',(-0.0435765274247748,0.0740833333333333,0.40232167670682));
#16122=CARTESIAN_POINT('',(-0.0435765274247748,0.05715,0.40232167670682));
#16123=CARTESIAN_POINT('',(-0.196187336482317,0.10795,0.580899739389245));
#16124=CARTESIAN_POINT('',(-0.0434630364994698,0.10795,0.402777033802199));
#16125=CARTESIAN_POINT('',(-0.0432453854832461,0.10795,0.402963881070868));
#16126=CARTESIAN_POINT('',(-0.00274377675266144,0.10795000000001,0.471987154945465));
#16127=CARTESIAN_POINT('',(-0.0427780937396191,0.05715,0.403007109542707));
#16128=CARTESIAN_POINT('',(-0.0427780937396191,0.0740833333333333,0.403007109542707));
#16129=CARTESIAN_POINT('',(-0.0427780937396191,0.0910166666666667,0.403007109542707));
#16130=CARTESIAN_POINT('',(-0.0427780937396191,0.10795,0.403007109542707));
#16131=CARTESIAN_POINT('',(-0.0429813633896165,0.08255,0.402656712255915));
#16132=CARTESIAN_POINT('',(-0.0431993901345177,0.08255,0.402469542434757));
#16133=CARTESIAN_POINT('',(-0.0840231271817763,0.10795000000001,0.389323248122869));
#16134=CARTESIAN_POINT('',(-0.0157290784444998,0.10795,0.430516892566064));
#16135=CARTESIAN_POINT('',(-0.0157290784444998,0.0910166666666667,0.430516892566064));
#16136=CARTESIAN_POINT('',(-0.0157290784444998,0.0740833333333333,0.430516892566064));
#16137=CARTESIAN_POINT('',(-0.0157290784444998,0.05715,0.430516892566064));
#16138=CARTESIAN_POINT('',(-0.196187336480969,0.10795,0.580899739390617));
#16139=CARTESIAN_POINT('',(-0.0156937484532674,0.10795,0.430984847762779));
#16140=CARTESIAN_POINT('',(-0.0155106038485042,0.10795,0.431205623487028));
#16141=CARTESIAN_POINT('',(0.0128117851411734,0.10795000000001,0.506055040076978));
#16142=CARTESIAN_POINT('',(-0.0150572285068274,0.05715,0.431326788968793));
#16143=CARTESIAN_POINT('',(-0.0150572285068274,0.0740833333333333,0.431326788968793));
#16144=CARTESIAN_POINT('',(-0.0150572285068274,0.0910166666666667,0.431326788968793));
#16145=CARTESIAN_POINT('',(-0.0150572285068274,0.10795,0.431326788968793));
#16146=CARTESIAN_POINT('',(-0.0151987034908315,0.08255,0.430947208097224));
#16147=CARTESIAN_POINT('',(-0.0153821642562141,0.08255,0.430726051250145));
#16148=CARTESIAN_POINT('',(-0.0872747533180719,0.10795000000001,0.387456178931784));
#16149=CARTESIAN_POINT('',(-0.0182947066345109,0.10795,0.427490496647796));
#16150=CARTESIAN_POINT('',(-0.0182947066345109,0.0910166666666667,0.427490496647796));
#16151=CARTESIAN_POINT('',(-0.0182947066345109,0.0740833333333333,0.427490496647796));
#16152=CARTESIAN_POINT('',(-0.0182947066345109,0.05715,0.427490496647796));
#16153=CARTESIAN_POINT('',(-0.196187336481093,0.10795,0.58089973939047));
#16154=CARTESIAN_POINT('',(-0.0182514781627156,0.10795,0.427957788391398));
#16155=CARTESIAN_POINT('',(-0.0180646308940477,0.10795,0.428175439407621));
#16156=CARTESIAN_POINT('',(0.0115178859881331,0.10795000000001,0.502535829245638));
#16157=CARTESIAN_POINT('',(-0.0176092737986865,0.05715,0.428288930332881));
#16158=CARTESIAN_POINT('',(-0.0176092737986865,0.0740833333333333,0.428288930332881));
#16159=CARTESIAN_POINT('',(-0.0176092737986865,0.0910166666666667,0.428288930332881));
#16160=CARTESIAN_POINT('',(-0.0176092737986865,0.10795,0.428288930332881));
#16161=CARTESIAN_POINT('',(-0.0177571395266052,0.08255,0.427911793042669));
#16162=CARTESIAN_POINT('',(-0.0179443093477624,0.08255,0.427693766297768));
#16163=CARTESIAN_POINT('',(-0.0776167856769696,0.10795000000001,0.393220794548922));
#16164=CARTESIAN_POINT('',(-0.0107529799118148,0.10795,0.43669751015544));
#16165=CARTESIAN_POINT('',(-0.0107529799118148,0.0910166666666667,0.43669751015544));
#16166=CARTESIAN_POINT('',(-0.0107529799118148,0.0740833333333333,0.43669751015544));
#16167=CARTESIAN_POINT('',(-0.0107529799118148,0.05715,0.43669751015544));
#16168=CARTESIAN_POINT('',(-0.196187336480729,0.10795,0.580899739390917));
#16169=CARTESIAN_POINT('',(-0.0107334748618406,0.10795,0.437166391619627));
#16170=CARTESIAN_POINT('',(-0.0105578912533708,0.10795,0.43739322694119));
#16171=CARTESIAN_POINT('',(0.0152203647408454,0.10795000000001,0.513156505644786));
#16172=CARTESIAN_POINT('',(-0.0101088668266113,0.05715,0.437529635660065));
#16173=CARTESIAN_POINT('',(-0.0101088668266113,0.0740833333333333,0.437529635660065));
#16174=CARTESIAN_POINT('',(-0.0101088668266113,0.0910166666666667,0.437529635660065));
#16175=CARTESIAN_POINT('',(-0.0101088668266113,0.10795,0.437529635660065));
#16176=CARTESIAN_POINT('',(-0.0102374410796412,0.08255,0.437145493146643));
#16177=CARTESIAN_POINT('',(-0.0104133277962613,0.08255,0.436918266241631));
#16178=CARTESIAN_POINT('',(-0.0808034986770219,0.10795000000001,0.391244969274547));
#16179=CARTESIAN_POINT('',(-0.0132149304625024,0.10795,0.433586188933004));
#16180=CARTESIAN_POINT('',(-0.0132149304625024,0.0910166666666667,0.433586188933004));
#16181=CARTESIAN_POINT('',(-0.0132149304625024,0.0740833333333333,0.433586188933004));
#16182=CARTESIAN_POINT('',(-0.0132149304625024,0.05715,0.433586188933004));
#16183=CARTESIAN_POINT('',(-0.196187336480847,0.10795,0.580899739390766));
#16184=CARTESIAN_POINT('',(-0.0131875090305917,0.10795,0.434054674086967));
#16185=CARTESIAN_POINT('',(-0.0130081193362883,0.10795,0.434278511537475));
#16186=CARTESIAN_POINT('',(0.0140460620949991,0.10795000000001,0.509595602221715));
#16187=CARTESIAN_POINT('',(-0.0125568550848925,0.05715,0.434407317010278));
#16188=CARTESIAN_POINT('',(-0.0125568550848925,0.0740833333333333,0.434407317010278));
#16189=CARTESIAN_POINT('',(-0.0125568550848925,0.0910166666666667,0.434407317010278));
#16190=CARTESIAN_POINT('',(-0.0125568550848925,0.10795,0.434407317010278));
#16191=CARTESIAN_POINT('',(-0.012691898965723,0.08255,0.434025400842238));
#16192=CARTESIAN_POINT('',(-0.0128715983385829,0.08255,0.433801176983475));
#16193=CARTESIAN_POINT('',(-0.0972122973927372,0.10795000000001,0.382188130540539));
#16194=CARTESIAN_POINT('',(-0.0262930811867215,0.10795,0.41867728246606));
#16195=CARTESIAN_POINT('',(-0.0262930811867215,0.0910166666666667,0.41867728246606));
#16196=CARTESIAN_POINT('',(-0.0262930811867215,0.0740833333333333,0.41867728246606));
#16197=CARTESIAN_POINT('',(-0.0262930811867215,0.05715,0.41867728246606));
#16198=CARTESIAN_POINT('',(-0.19618733648148,0.10795,0.580899739390041));
#16199=CARTESIAN_POINT('',(-0.0262262402599411,0.10795,0.419141784957893));
#16200=CARTESIAN_POINT('',(-0.0260286089653341,0.10795,0.419349692961741));
#16201=CARTESIAN_POINT('',(0.00728223090859534,0.10795000000001,0.492116311880914));
#16202=CARTESIAN_POINT('',(-0.0255680880965043,0.05715,0.419439974763806));
#16203=CARTESIAN_POINT('',(-0.0255680880965043,0.0740833333333333,0.419439974763806));
#16204=CARTESIAN_POINT('',(-0.0255680880965043,0.0910166666666667,0.419439974763806));
#16205=CARTESIAN_POINT('',(-0.0255680880965043,0.10795,0.419439974763806));
#16206=CARTESIAN_POINT('',(-0.0257348657301088,0.08255,0.419070810802821));
#16207=CARTESIAN_POINT('',(-0.0259328381935566,0.08255,0.418862543889556));
#16208=CARTESIAN_POINT('',(-0.100582550685151,0.10795000000001,0.380544837311146));
#16209=CARTESIAN_POINT('',(-0.029057167412579,0.10795,0.415830995832652));
#16210=CARTESIAN_POINT('',(-0.029057167412579,0.0910166666666667,0.415830995832652));
#16211=CARTESIAN_POINT('',(-0.029057167412579,0.0740833333333333,0.415830995832652));
#16212=CARTESIAN_POINT('',(-0.029057167412579,0.05715,0.415830995832652));
#16213=CARTESIAN_POINT('',(-0.196187336481614,0.10795,0.580899739389903));
#16214=CARTESIAN_POINT('',(-0.0289824908142651,0.10795,0.416294303160542));
#16215=CARTESIAN_POINT('',(-0.0287813762512043,0.10795,0.416498843619123));
#16216=CARTESIAN_POINT('',(0.00575370198694697,0.10795000000001,0.488692479191238));
#16217=CARTESIAN_POINT('',(-0.0283193962571793,0.05715,0.416581334585659));
#16218=CARTESIAN_POINT('',(-0.0283193962571793,0.0740833333333333,0.416581334585659));
#16219=CARTESIAN_POINT('',(-0.0283193962571793,0.0910166666666667,0.416581334585659));
#16220=CARTESIAN_POINT('',(-0.0283193962571793,0.10795,0.416581334585659));
#16221=CARTESIAN_POINT('',(-0.0284923850894114,0.08255,0.416215040068741));
#16222=CARTESIAN_POINT('',(-0.028693846834443,0.08255,0.416010146514101));
#16223=CARTESIAN_POINT('',(-0.0905574494789796,0.10795000000001,0.385644294329067));
#16224=CARTESIAN_POINT('',(-0.0209110831232601,0.10795,0.424507864532933));
#16225=CARTESIAN_POINT('',(-0.0209110831232601,0.0910166666666667,0.424507864532933));
#16226=CARTESIAN_POINT('',(-0.0209110831232601,0.0740833333333333,0.424507864532933));
#16227=CARTESIAN_POINT('',(-0.0209110831232601,0.05715,0.424507864532933));
#16228=CARTESIAN_POINT('',(-0.19618733648122,0.10795,0.580899739390325));
#16229=CARTESIAN_POINT('',(-0.020859968502899,0.10795,0.424974359516827));
#16230=CARTESIAN_POINT('',(-0.0206694718731588,0.10795,0.425188823734656));
#16231=CARTESIAN_POINT('',(0.010164733752886,0.10795000000001,0.499038973670289));
#16232=CARTESIAN_POINT('',(-0.0202122629260543,0.05715,0.425294607727299));
#16233=CARTESIAN_POINT('',(-0.0202122629260543,0.0740833333333333,0.425294607727299));
#16234=CARTESIAN_POINT('',(-0.0202122629260543,0.0910166666666667,0.425294607727299));
#16235=CARTESIAN_POINT('',(-0.0202122629260543,0.10795,0.425294607727299));
#16236=CARTESIAN_POINT('',(-0.0203664772155094,0.08255,0.424920021606242));
#16237=CARTESIAN_POINT('',(-0.020557302697593,0.08255,0.424705187161071));
#16238=CARTESIAN_POINT('',(-0.0938702791926335,0.10795000000001,0.383888111200492));
#16239=CARTESIAN_POINT('',(-0.0235774615242567,0.10795,0.421569847091496));
#16240=CARTESIAN_POINT('',(-0.0235774615242567,0.0910166666666667,0.421569847091496));
#16241=CARTESIAN_POINT('',(-0.0235774615242567,0.0740833333333333,0.421569847091496));
#16242=CARTESIAN_POINT('',(-0.0235774615242567,0.05715,0.421569847091496));
#16243=CARTESIAN_POINT('',(-0.196187336481349,0.10795,0.580899739390182));
#16244=CARTESIAN_POINT('',(-0.0235184753370475,0.10795,0.42203541223638));
#16245=CARTESIAN_POINT('',(-0.0233243836901382,0.10795,0.422246628474563));
#16246=CARTESIAN_POINT('',(0.00875271445434244,0.10795000000001,0.495565470912321));
#16247=CARTESIAN_POINT('',(-0.022865453321518,0.05715,0.422344675357072));
#16248=CARTESIAN_POINT('',(-0.022865453321518,0.0740833333333333,0.422344675357072));
#16249=CARTESIAN_POINT('',(-0.022865453321518,0.0910166666666667,0.422344675357072));
#16250=CARTESIAN_POINT('',(-0.022865453321518,0.10795,0.422344675357072));
#16251=CARTESIAN_POINT('',(-0.0230259721790467,0.08255,0.421972747265181));
#16252=CARTESIAN_POINT('',(-0.02322039888434,0.08255,0.421761166406611));
#16253=CARTESIAN_POINT('',(-0.0744638990881023,0.10795000000001,0.395250159150428));
#16254=CARTESIAN_POINT('',(-0.00834392912499343,0.10795,0.439849968651643));
#16255=CARTESIAN_POINT('',(-0.00834392912499343,0.0910166666666667,0.439849968651643));
#16256=CARTESIAN_POINT('',(-0.00834392912499343,0.0740833333333333,0.439849968651643));
#16257=CARTESIAN_POINT('',(-0.00834392912499343,0.05715,0.439849968651643));
#16258=CARTESIAN_POINT('',(-0.196187336480611,0.10795,0.58089973939107));
#16259=CARTESIAN_POINT('',(-0.00833234602131872,0.10795,0.440319112665909));
#16260=CARTESIAN_POINT('',(-0.00816061858827544,0.10795,0.440548881148109));
#16261=CARTESIAN_POINT('',(0.0163343580802109,0.10795000000001,0.516736734511525));
#16262=CARTESIAN_POINT('',(-0.00771396208154194,0.05715,0.440692854199074));
#16263=CARTESIAN_POINT('',(-0.00771396208154194,0.0740833333333333,0.440692854199074));
#16264=CARTESIAN_POINT('',(-0.00771396208154194,0.0910166666666667,0.440692854199074));
#16265=CARTESIAN_POINT('',(-0.00771396208154194,0.10795,0.440692854199074));
#16266=CARTESIAN_POINT('',(-0.00783603002776645,0.08255,0.44030659492648));
#16267=CARTESIAN_POINT('',(-0.00800805391208476,0.08255,0.440076429797348));
#16268=CARTESIAN_POINT('',(-0.0713457365328199,0.10795000000001,0.397332485294318));
#16269=CARTESIAN_POINT('',(-0.00598846534380709,0.10795,0.443042665104332));
#16270=CARTESIAN_POINT('',(-0.00598846534380709,0.0910166666666667,0.443042665104332));
#16271=CARTESIAN_POINT('',(-0.00598846534380709,0.0740833333333333,0.443042665104332));
#16272=CARTESIAN_POINT('',(-0.00598846534380709,0.05715,0.443042665104332));
#16273=CARTESIAN_POINT('',(-0.196187336480498,0.10795,0.580899739391226));
#16274=CARTESIAN_POINT('',(-0.0059848074907691,0.10795,0.443511937833694));
#16275=CARTESIAN_POINT('',(-0.00581698522267524,0.10795,0.443744573929353));
#16276=CARTESIAN_POINT('',(0.0173877243182208,0.10795000000001,0.520335267470794));
#16277=CARTESIAN_POINT('',(-0.00537282405584931,0.05715,0.443896070240516));
#16278=CARTESIAN_POINT('',(-0.00537282405584931,0.0740833333333333,0.443896070240516));
#16279=CARTESIAN_POINT('',(-0.00537282405584931,0.0910166666666667,0.443896070240516));
#16280=CARTESIAN_POINT('',(-0.00537282405584931,0.10795,0.443896070240516));
#16281=CARTESIAN_POINT('',(-0.00548835087234986,0.08255,0.443507804398817));
#16282=CARTESIAN_POINT('',(-0.00565646285027324,0.08255,0.443274766705894));
#16283=CARTESIAN_POINT('',(-0.068263188149247,0.10795000000001,0.39946717856525));
#16284=CARTESIAN_POINT('',(-0.00368726052287324,0.10795,0.446274688717427));
#16285=CARTESIAN_POINT('',(-0.00368726052287324,0.0910166666666667,0.446274688717427));
#16286=CARTESIAN_POINT('',(-0.00368726052287324,0.0740833333333333,0.446274688717427));
#16287=CARTESIAN_POINT('',(-0.00368726052287324,0.05715,0.446274688717427));
#16288=CARTESIAN_POINT('',(-0.196187336480386,0.10795,0.580899739391383));
#16289=CARTESIAN_POINT('',(-0.00369152896396574,0.10795,0.446743956290164));
#16290=CARTESIAN_POINT('',(-0.00352765973629876,0.10795,0.446979393634049));
#16291=CARTESIAN_POINT('',(0.0183801629559569,0.10795000000001,0.523951077951333));
#16292=CARTESIAN_POINT('',(-0.00308612061740418,0.05715,0.447138369987315));
#16293=CARTESIAN_POINT('',(-0.00308612061740418,0.0740833333333333,0.447138369987315));
#16294=CARTESIAN_POINT('',(-0.00308612061740418,0.0910166666666667,0.447138369987315));
#16295=CARTESIAN_POINT('',(-0.00308612061740418,0.10795,0.447138369987315));
#16296=CARTESIAN_POINT('',(-0.00319507334728203,0.08255,0.446748208339004));
#16297=CARTESIAN_POINT('',(-0.00335922546068606,0.08255,0.446512364562089));
#16298=CARTESIAN_POINT('',(-0.0652171333127195,0.10795000000001,0.401653629987676));
#16299=CARTESIAN_POINT('',(-0.00144097113812242,0.10795,0.449545117475777));
#16300=CARTESIAN_POINT('',(-0.00144097113812242,0.0910166666666667,0.449545117475777));
#16301=CARTESIAN_POINT('',(-0.00144097113812242,0.0740833333333333,0.449545117475777));
#16302=CARTESIAN_POINT('',(-0.00144097113812242,0.05715,0.449545117475777));
#16303=CARTESIAN_POINT('',(-0.196187336480278,0.10795,0.580899739391542));
#16304=CARTESIAN_POINT('',(-0.00145316465566642,0.10795,0.450014246021639));
#16305=CARTESIAN_POINT('',(-0.0012932952162007,0.10795,0.450252417449389));
#16306=CARTESIAN_POINT('',(0.0193113908767054,0.10795000000001,0.527583134457458));
#16307=CARTESIAN_POINT('',(-0.000854504105257059,0.05715,0.450418828492799));
#16308=CARTESIAN_POINT('',(-0.000854504105257059,0.0740833333333333,0.450418828492799));
#16309=CARTESIAN_POINT('',(-0.000854504105257059,0.0910166666666667,0.450418828492799));
#16310=CARTESIAN_POINT('',(-0.000854504105257059,0.10795,0.450418828492799));
#16311=CARTESIAN_POINT('',(-0.000956851667035019,0.08255,0.450026882341193));
#16312=CARTESIAN_POINT('',(-0.00111699708744517,0.08255,0.449788299760593));
#16313=CARTESIAN_POINT('',(-0.06220844098403,0.10795000000001,0.40389121582346));
#16314=CARTESIAN_POINT('',(0.000749762000509184,0.10795,0.45285301840821));
#16315=CARTESIAN_POINT('',(0.000749762000509184,0.0910166666666667,0.45285301840821));
#16316=CARTESIAN_POINT('',(0.000749762000509184,0.0740833333333333,0.45285301840821));
#16317=CARTESIAN_POINT('',(0.000749762000509184,0.05715,0.45285301840821));
#16318=CARTESIAN_POINT('',(-0.196187336480172,0.10795,0.580899739391703));
#16319=CARTESIAN_POINT('',(0.000729646885017948,0.10795,0.453321874096606));
#16320=CARTESIAN_POINT('',(0.000885470929547133,0.10795,0.453562711663897));
#16321=CARTESIAN_POINT('',(0.0201811424232268,0.10795000000001,0.531230400849533));
#16322=CARTESIAN_POINT('',(0.00132138885645811,0.05715,0.45373650992456));
#16323=CARTESIAN_POINT('',(0.00132138885645811,0.0740833333333333,0.45373650992456));
#16324=CARTESIAN_POINT('',(0.00132138885645811,0.0910166666666667,0.45373650992456));
#16325=CARTESIAN_POINT('',(0.00132138885645811,0.10795,0.45373650992456));
#16326=CARTESIAN_POINT('',(0.00122567565996848,0.08255,0.453342891082051));
#16327=CARTESIAN_POINT('',(0.0010695826180179,0.08255,0.453101637759381));
#16328=CARTESIAN_POINT('',(-0.0592379694700185,0.10795000000001,0.406179297743735));
#16329=CARTESIAN_POINT('',(0.00288431393188679,0.10795,0.456197447853683));
#16330=CARTESIAN_POINT('',(0.00288431393188679,0.0910166666666667,0.456197447853683));
#16331=CARTESIAN_POINT('',(0.00288431393188679,0.0740833333333333,0.456197447853683));
#16332=CARTESIAN_POINT('',(0.00288431393188679,0.05715,0.456197447853683));
#16333=CARTESIAN_POINT('',(-0.196187336480069,0.10795,0.580899739391865));
#16334=CARTESIAN_POINT('',(0.00285628295678581,0.10795,0.456665896931862));
#16335=CARTESIAN_POINT('',(0.00300801715369281,0.10795,0.456909331933784));
#16336=CARTESIAN_POINT('',(0.0209891694776452,0.10795000000001,0.53489183665572));
#16337=CARTESIAN_POINT('',(0.00344093754013644,0.05715,0.457090467831422));
#16338=CARTESIAN_POINT('',(0.00344093754013644,0.0740833333333333,0.457090467831422));
#16339=CARTESIAN_POINT('',(0.00344093754013644,0.0910166666666667,0.457090467831422));
#16340=CARTESIAN_POINT('',(0.00344093754013644,0.10795,0.457090467831422));
#16341=CARTESIAN_POINT('',(0.003351886013506,0.08255,0.456695288587579));
#16342=CARTESIAN_POINT('',(0.00319988987943887,0.08255,0.456451433346353));
#16343=CARTESIAN_POINT('',(-0.0563065655687312,0.10795000000001,0.408517223502952));
#16344=CARTESIAN_POINT('',(0.00496207572193316,0.10795,0.459577451730457));
#16345=CARTESIAN_POINT('',(0.00496207572193316,0.0910166666666667,0.459577451730458));
#16346=CARTESIAN_POINT('',(0.00496207572193316,0.0740833333333333,0.459577451730458));
#16347=CARTESIAN_POINT('',(0.00496207572193316,0.05715,0.459577451730457));
#16348=CARTESIAN_POINT('',(-0.196187336479968,0.10795,0.580899739392029));
#16349=CARTESIAN_POINT('',(0.00492613688378579,0.10795,0.460045360561691));
#16350=CARTESIAN_POINT('',(0.00507373794711569,0.10795,0.460291323552354));
#16351=CARTESIAN_POINT('',(0.0217352415307603,0.10795000000001,0.538566397363116));
#16352=CARTESIAN_POINT('',(0.00550353729178057,0.05715,0.460479745413446));
#16353=CARTESIAN_POINT('',(0.00550353729178057,0.0740833333333333,0.460479745413446));
#16354=CARTESIAN_POINT('',(0.00550353729178057,0.0910166666666667,0.460479745413446));
#16355=CARTESIAN_POINT('',(0.00550353729178057,0.10795,0.460479745413446));
#16356=CARTESIAN_POINT('',(0.00542117283917276,0.08255,0.460083118502979));
#16357=CARTESIAN_POINT('',(0.00527331697366812,0.08255,0.459836730908972));
#16358=CARTESIAN_POINT('',(-0.0534150673394518,0.10795000000001,0.410904324693235));
#16359=CARTESIAN_POINT('',(0.00698245463749315,0.10795,0.46299206580841));
#16360=CARTESIAN_POINT('',(0.00698245463749315,0.0910166666666667,0.46299206580841));
#16361=CARTESIAN_POINT('',(0.00698245463749315,0.0740833333333333,0.46299206580841));
#16362=CARTESIAN_POINT('',(0.00698245463749315,0.05715,0.46299206580841));
#16363=CARTESIAN_POINT('',(-0.19618733647987,0.10795,0.580899739392195));
#16364=CARTESIAN_POINT('',(0.00693861818868602,0.10795,0.463459300910011));
#16365=CARTESIAN_POINT('',(0.00708204401156309,0.10795,0.463707721722351));
#16366=CARTESIAN_POINT('',(0.0224191457467148,0.10795000000001,0.542253034711325));
#16367=CARTESIAN_POINT('',(0.00750859970349273,0.05715,0.463903375794873));
#16368=CARTESIAN_POINT('',(0.00750859970349272,0.0740833333333333,0.463903375794873));
#16369=CARTESIAN_POINT('',(0.00750859970349272,0.0910166666666667,0.463903375794873));
#16370=CARTESIAN_POINT('',(0.00750859970349273,0.10795,0.463903375794873));
#16371=CARTESIAN_POINT('',(0.00743294582141674,0.08255,0.463505414365477));
#16372=CARTESIAN_POINT('',(0.00728927240403893,0.08255,0.463256564706881));
#16373=CARTESIAN_POINT('',(-0.0505642978511861,0.10795000000001,0.413339921790552));
#16374=CARTESIAN_POINT('',(0.00894487431512107,0.10795,0.466440315983839));
#16375=CARTESIAN_POINT('',(0.00894487431512107,0.0910166666666667,0.466440315983839));
#16376=CARTESIAN_POINT('',(0.00894487431512107,0.0740833333333333,0.466440315983839));
#16377=CARTESIAN_POINT('',(0.00894487431512107,0.05715,0.466440315983839));
#16378=CARTESIAN_POINT('',(-0.196187336479775,0.10795,0.580899739392363));
#16379=CARTESIAN_POINT('',(0.00889315276112265,0.10795,0.466906744065395));
#16380=CARTESIAN_POINT('',(0.00903236242776242,0.10795,0.467157551831196));
#16381=CARTESIAN_POINT('',(0.023040686935232,0.10795000000001,0.54595069642534));
#16382=CARTESIAN_POINT('',(0.0094555527813374,0.05715,0.467360382299985));
#16383=CARTESIAN_POINT('',(0.0094555527813374,0.0740833333333333,0.467360382299985));
#16384=CARTESIAN_POINT('',(0.0094555527813374,0.0910166666666667,0.467360382299985));
#16385=CARTESIAN_POINT('',(0.0094555527813374,0.10795,0.467360382299985));
#16386=CARTESIAN_POINT('',(0.00938663105194068,0.08255,0.466961199880029));
#16387=CARTESIAN_POINT('',(0.00924718106910669,0.08255,0.4667099591474));
#16388=CARTESIAN_POINT('',(-0.0477550709582774,0.10795000000001,0.415823319494495));
#16389=CARTESIAN_POINT('',(0.010848774925809,0.10795,0.469921218557615));
#16390=CARTESIAN_POINT('',(0.010848774925809,0.0910166666666667,0.469921218557615));
#16391=CARTESIAN_POINT('',(0.010848774925809,0.0740833333333333,0.469921218557615));
#16392=CARTESIAN_POINT('',(0.010848774925809,0.05715,0.469921218557615));
#16393=CARTESIAN_POINT('',(-0.196187336479684,0.10795,0.580899739392532));
#16394=CARTESIAN_POINT('',(0.0107891830214788,0.10795,0.47038670655891));
#16395=CARTESIAN_POINT('',(0.0109241368188603,0.10795,0.470639829729016));
#16396=CARTESIAN_POINT('',(0.0235996880530281,0.10795000000001,0.549658329353414));
#16397=CARTESIAN_POINT('',(0.0113438411084931,0.05715,0.470849778731575));
#16398=CARTESIAN_POINT('',(0.0113438411084931,0.0740833333333333,0.470849778731575));
#16399=CARTESIAN_POINT('',(0.0113438411084931,0.0910166666666667,0.470849778731575));
#16400=CARTESIAN_POINT('',(0.0113438411084931,0.10795,0.470849778731575));
#16401=CARTESIAN_POINT('',(0.0112816711934237,0.08255,0.470449489197836));
#16402=CARTESIAN_POINT('',(0.0111464844267108,0.08255,0.470195929063844));
#16403=CARTESIAN_POINT('',(-0.0449881880628444,0.10795000000001,0.418353809353771));
#16404=CARTESIAN_POINT('',(0.0126936133345365,0.10795,0.473433780515669));
#16405=CARTESIAN_POINT('',(0.0126936133345365,0.0910166666666667,0.473433780515669));
#16406=CARTESIAN_POINT('',(0.0126936133345365,0.0740833333333333,0.473433780515669));
#16407=CARTESIAN_POINT('',(0.0126936133345365,0.05715,0.473433780515669));
#16408=CARTESIAN_POINT('',(-0.196187336479594,0.10795,0.580899739392703));
#16409=CARTESIAN_POINT('',(0.0126261680799486,0.10795,0.473898195644671));
#16410=CARTESIAN_POINT('',(0.0127568275091432,0.10795,0.474153562009399));
#16411=CARTESIAN_POINT('',(0.0240959892281857,0.10795000000001,0.553374872990543));
#16412=CARTESIAN_POINT('',(0.0131729260037559,0.05715,0.474370569652639));
#16413=CARTESIAN_POINT('',(0.0131729260037559,0.0740833333333333,0.474370569652639));
#16414=CARTESIAN_POINT('',(0.0131729260037559,0.0910166666666667,0.474370569652639));
#16415=CARTESIAN_POINT('',(0.0131729260037559,0.10795,0.474370569652639));
#16416=CARTESIAN_POINT('',(0.0131175256385159,0.08255,0.473969287197579));
#16417=CARTESIAN_POINT('',(0.0129866406533127,0.08255,0.473713479996561));
#16418=CARTESIAN_POINT('',(-0.0422644384841077,0.10795000000001,0.420930669485979));
#16419=CARTESIAN_POINT('',(0.0144788632552474,0.10795,0.47697699981231));
#16420=CARTESIAN_POINT('',(0.0144788632552474,0.0910166666666667,0.47697699981231));
#16421=CARTESIAN_POINT('',(0.0144788632552474,0.0740833333333333,0.47697699981231));
#16422=CARTESIAN_POINT('',(0.0144788632552474,0.05715,0.47697699981231));
#16423=CARTESIAN_POINT('',(-0.196187336479508,0.10795,0.580899739392875));
#16424=CARTESIAN_POINT('',(0.0144035838908386,0.10795,0.477440209583048));
#16425=CARTESIAN_POINT('',(0.0145299116779934,0.10795,0.477697746292789));
#16426=CARTESIAN_POINT('',(0.0245294493775879,0.10795000000001,0.55709927101332));
#16427=CARTESIAN_POINT('',(0.0149422856751214,0.05715,0.477921750669765));
#16428=CARTESIAN_POINT('',(0.0149422856751214,0.0740833333333333,0.477921750669765));
#16429=CARTESIAN_POINT('',(0.0149422856751214,0.0910166666666667,0.477921750669765));
#16430=CARTESIAN_POINT('',(0.0149422856751214,0.10795,0.477921750669765));
#16431=CARTESIAN_POINT('',(0.0148936706640595,0.08255,0.477519589769304));
#16432=CARTESIAN_POINT('',(0.0147671247985645,0.08255,0.477261608476628));
#16433=CARTESIAN_POINT('',(-0.0395845992427844,0.10795000000001,0.42355316477457));
#16434=CARTESIAN_POINT('',(0.0162040154009837,0.10795,0.480549865656077));
#16435=CARTESIAN_POINT('',(0.0162040154009837,0.0910166666666667,0.480549865656077));
#16436=CARTESIAN_POINT('',(0.0162040154009837,0.0740833333333333,0.480549865656077));
#16437=CARTESIAN_POINT('',(0.0162040154009837,0.05715,0.480549865656077));
#16438=CARTESIAN_POINT('',(-0.196187336479425,0.10795,0.580899739393048));
#16439=CARTESIAN_POINT('',(0.0161209234020658,0.10795,0.481011737926437));
#16440=CARTESIAN_POINT('',(0.0162428835090364,0.10795,0.481271371512438));
#16441=CARTESIAN_POINT('',(0.0248999444351358,0.10795000000001,0.560830457592596));
#16442=CARTESIAN_POINT('',(0.0166514153687451,0.05715,0.481502308720386));
#16443=CARTESIAN_POINT('',(0.0166514153687451,0.0740833333333333,0.481502308720386));
#16444=CARTESIAN_POINT('',(0.0166514153687451,0.0910166666666667,0.481502308720386));
#16445=CARTESIAN_POINT('',(0.0166514153687451,0.10795,0.481502308720386));
#16446=CARTESIAN_POINT('',(0.0166095995804945,0.08255,0.481099384100868));
#16447=CARTESIAN_POINT('',(0.0164874289350645,0.08255,0.480839302312118));
#16448=CARTESIAN_POINT('',(-0.0369494348287478,0.10795000000001,0.426220547088334));
#16449=CARTESIAN_POINT('',(0.0178685776291735,0.10795,0.484151358798091));
#16450=CARTESIAN_POINT('',(0.0178685776291735,0.0910166666666667,0.484151358798091));
#16451=CARTESIAN_POINT('',(0.0178685776291735,0.0740833333333333,0.484151358798091));
#16452=CARTESIAN_POINT('',(0.0178685776291735,0.05715,0.484151358798091));
#16453=CARTESIAN_POINT('',(-0.196187336479344,0.10795,0.580899739393224));
#16454=CARTESIAN_POINT('',(0.017777696699806,0.10795,0.484611761807518));
#16455=CARTESIAN_POINT('',(0.0178952543344374,0.10795,0.484873418202838));
#16456=CARTESIAN_POINT('',(0.0252073688452429,0.10795000000001,0.564567369436006));
#16457=CARTESIAN_POINT('',(0.0182998275128493,0.05715,0.485111222361174));
#16458=CARTESIAN_POINT('',(0.0182998275128493,0.0740833333333333,0.485111222361174));
#16459=CARTESIAN_POINT('',(0.0182998275128493,0.0910166666666667,0.485111222361174));
#16460=CARTESIAN_POINT('',(0.0182998275128493,0.10795,0.485111222361174));
#16461=CARTESIAN_POINT('',(0.0182648228764042,0.08255,0.484707648966872));
#16462=CARTESIAN_POINT('',(0.0181470623032555,0.08255,0.484445540876848));
#16463=CARTESIAN_POINT('',(-0.0343596969880193,0.10795000000001,0.428932055490313));
#16464=CARTESIAN_POINT('',(0.019472075082025,0.10795,0.487780451822827));
#16465=CARTESIAN_POINT('',(0.019472075082025,0.0910166666666667,0.487780451822827));
#16466=CARTESIAN_POINT('',(0.019472075082025,0.0740833333333333,0.487780451822827));
#16467=CARTESIAN_POINT('',(0.019472075082025,0.05715,0.487780451822827));
#16468=CARTESIAN_POINT('',(-0.196187336479267,0.10795,0.5808997393934));
#16469=CARTESIAN_POINT('',(0.0193734311482548,0.10795,0.488239254229907));
#16470=CARTESIAN_POINT('',(0.0194865527743068,0.10795,0.488502858790549));
#16471=CARTESIAN_POINT('',(0.025451634907366,0.10795000000001,0.568308940497158));
#16472=CARTESIAN_POINT('',(0.0198870518568566,0.05715,0.488747462059719));
#16473=CARTESIAN_POINT('',(0.0198870518568566,0.0740833333333333,0.488747462059719));
#16474=CARTESIAN_POINT('',(0.0198870518568566,0.0910166666666667,0.488747462059719));
#16475=CARTESIAN_POINT('',(0.0198870518568566,0.10795,0.488747462059719));
#16476=CARTESIAN_POINT('',(0.0198588683581605,0.08255,0.488343355019986));
#16477=CARTESIAN_POINT('',(0.0197455514514264,0.08255,0.488079295401543));
#16478=CARTESIAN_POINT('',(-0.031816124508895,0.10795000000001,0.431686916454019));
#16479=CARTESIAN_POINT('',(0.0210140503219945,0.10795,0.491436109441207));
#16480=CARTESIAN_POINT('',(0.0210140503219945,0.0910166666666667,0.491436109441207));
#16481=CARTESIAN_POINT('',(0.0210140503219945,0.0740833333333333,0.491436109441207));
#16482=CARTESIAN_POINT('',(0.0210140503219945,0.05715,0.491436109441207));
#16483=CARTESIAN_POINT('',(-0.196187336479193,0.10795,0.580899739393577));
#16484=CARTESIAN_POINT('',(0.0209076715244579,0.10795,0.491893180361138));
#16485=CARTESIAN_POINT('',(0.0210163248711721,0.10795,0.492158657887342));
#16486=CARTESIAN_POINT('',(0.0256326729341381,0.10795000000001,0.572054103285522));
#16487=CARTESIAN_POINT('',(0.0214126356055323,0.05715,0.492409990488183));
#16488=CARTESIAN_POINT('',(0.0214126356055323,0.0740833333333333,0.492409990488183));
#16489=CARTESIAN_POINT('',(0.0214126356055323,0.0910166666666667,0.492409990488183));
#16490=CARTESIAN_POINT('',(0.0214126356055323,0.10795,0.492409990488183));
#16491=CARTESIAN_POINT('',(0.0213912812846291,0.08255,0.492005465084601));
#16492=CARTESIAN_POINT('',(0.0212824403707767,0.08255,0.491739529267314));
#16493=CARTESIAN_POINT('',(-0.0293194430076292,0.10795000000001,0.434484344087926));
#16494=CARTESIAN_POINT('',(0.0224940634622796,0.10795,0.495117288785937));
#16495=CARTESIAN_POINT('',(0.0224940634622796,0.0910166666666667,0.495117288785937));
#16496=CARTESIAN_POINT('',(0.0224940634622796,0.0740833333333333,0.495117288785937));
#16497=CARTESIAN_POINT('',(0.0224940634622796,0.05715,0.495117288785937));
#16498=CARTESIAN_POINT('',(-0.196187336479121,0.10795,0.580899739393756));
#16499=CARTESIAN_POINT('',(0.0223799801481749,0.10795,0.495572497827867));
#16500=CARTESIAN_POINT('',(0.022484134219481,0.10795,0.495839772585565));
#16501=CARTESIAN_POINT('',(0.0257504312923146,0.10795000000001,0.575801789726636));
#16502=CARTESIAN_POINT('',(0.0228761435481535,0.05715,0.496097762819189));
#16503=CARTESIAN_POINT('',(0.0228761435481535,0.0740833333333333,0.496097762819189));
#16504=CARTESIAN_POINT('',(0.0228761435481535,0.0910166666666667,0.496097762819189));
#16505=CARTESIAN_POINT('',(0.0228761435481535,0.10795,0.496097762819189));
#16506=CARTESIAN_POINT('',(0.022861624496895,0.08255,0.495692934452704));
#16507=CARTESIAN_POINT('',(0.0227572906255032,0.08255,0.495425198301382));
#16508=CARTESIAN_POINT('',(-0.0268703647250478,0.10795000000001,0.437323540355854));
#16509=CARTESIAN_POINT('',(0.0239116922923081,0.10795,0.498822939709022));
#16510=CARTESIAN_POINT('',(0.0239116922923081,0.0910166666666667,0.498822939709022));
#16511=CARTESIAN_POINT('',(0.0239116922923081,0.0740833333333333,0.498822939709022));
#16512=CARTESIAN_POINT('',(0.0239116922923081,0.05715,0.498822939709022));
#16513=CARTESIAN_POINT('',(-0.196187336479052,0.10795,0.580899739393936));
#16514=CARTESIAN_POINT('',(0.0237899370067395,0.10795,0.499276157013247));
#16515=CARTESIAN_POINT('',(0.0238895620900971,0.10795,0.499545152755663));
#16516=CARTESIAN_POINT('',(0.0258048763759574,0.10795000000001,0.579550930287783));
#16517=CARTESIAN_POINT('',(0.0242771581826678,0.05715,0.499809727023947));
#16518=CARTESIAN_POINT('',(0.0242771581826678,0.0740833333333333,0.499809727023947));
#16519=CARTESIAN_POINT('',(0.0242771581826678,0.0910166666666667,0.499809727023947));
#16520=CARTESIAN_POINT('',(0.0242771581826678,0.10795,0.499809727023947));
#16521=CARTESIAN_POINT('',(0.0242694785429745,0.08255,0.499404711181913));
#16522=CARTESIAN_POINT('',(0.0241696814778757,0.08255,0.499135251074955));
#16523=CARTESIAN_POINT('',(-0.0244695883185978,0.10795000000001,0.440203695310048));
#16524=CARTESIAN_POINT('',(0.0252665323981848,0.10795,0.502552005081337));
#16525=CARTESIAN_POINT('',(0.0252665323981848,0.0910166666666667,0.502552005081337));
#16526=CARTESIAN_POINT('',(0.0252665323981848,0.0740833333333333,0.502552005081337));
#16527=CARTESIAN_POINT('',(0.0252665323981848,0.05715,0.502552005081337));
#16528=CARTESIAN_POINT('',(-0.196187336478988,0.10795,0.580899739394117));
#16529=CARTESIAN_POINT('',(0.0251371398748769,0.10795,0.503003101356343));
#16530=CARTESIAN_POINT('',(0.0252322075497523,0.10795,0.503273741345749));
#16531=CARTESIAN_POINT('',(0.0257959926582493,0.10795000000001,0.583300455812136));
#16532=CARTESIAN_POINT('',(0.0256152798347922,0.05715,0.503544824172291));
#16533=CARTESIAN_POINT('',(0.0256152798347922,0.0740833333333333,0.503544824172291));
#16534=CARTESIAN_POINT('',(0.0256152798347922,0.0910166666666667,0.503544824172291));
#16535=CARTESIAN_POINT('',(0.0256152798347922,0.10795,0.503544824172291));
#16536=CARTESIAN_POINT('',(0.0256144417974722,0.08255,0.503139736395564));
#16537=CARTESIAN_POINT('',(0.0255192100082623,0.08255,0.502868629203169));
#16538=CARTESIAN_POINT('',(-0.0221177986760483,0.10795000000001,0.443123987306846));
#16539=CARTESIAN_POINT('',(0.0265581972780603,0.10795,0.506303421094203));
#16540=CARTESIAN_POINT('',(0.0265581972780603,0.0910166666666667,0.506303421094203));
#16541=CARTESIAN_POINT('',(0.0265581972780603,0.0740833333333333,0.506303421094203));
#16542=CARTESIAN_POINT('',(0.0265581972780603,0.05715,0.506303421094203));
#16543=CARTESIAN_POINT('',(-0.196187336478925,0.10795,0.580899739394299));
#16544=CARTESIAN_POINT('',(0.0264212044294499,0.10795,0.506752267653555));
#16545=CARTESIAN_POINT('',(0.0265116875754234,0.10795,0.50702447468316));
#16546=CARTESIAN_POINT('',(0.0257237826846072,0.10795000000001,0.587049295977979));
#16547=CARTESIAN_POINT('',(0.0268901267720318,0.05715,0.507301988734865));
#16548=CARTESIAN_POINT('',(0.0268901267720318,0.0740833333333333,0.507301988734865));
#16549=CARTESIAN_POINT('',(0.0268901267720318,0.0910166666666667,0.507301988734865));
#16550=CARTESIAN_POINT('',(0.0268901267720318,0.10795,0.507301988734865));
#16551=CARTESIAN_POINT('',(0.0268961305761566,0.08255,0.506896944584786));
#16552=CARTESIAN_POINT('',(0.026805491230073,0.08255,0.506624267647026));
#16553=CARTESIAN_POINT('',(-0.0198156666968439,0.10795000000001,0.446083583268909));
#16554=CARTESIAN_POINT('',(0.0277863184523912,0.10795,0.510076117562865));
#16555=CARTESIAN_POINT('',(0.0277863184523912,0.0910166666666667,0.510076117562865));
#16556=CARTESIAN_POINT('',(0.0277863184523912,0.0740833333333333,0.510076117562865));
#16557=CARTESIAN_POINT('',(0.0277863184523912,0.05715,0.510076117562865));
#16558=CARTESIAN_POINT('',(-0.196187336478866,0.10795,0.580899739394483));
#16559=CARTESIAN_POINT('',(0.0276417643590961,0.10795,0.510522586361913));
#16560=CARTESIAN_POINT('',(0.0277276371635991,0.10795,0.51079628277789));
#16561=CARTESIAN_POINT('',(0.0255882670186726,0.10795000000001,0.590796382637381));
#16562=CARTESIAN_POINT('',(0.02810133531258,0.05715,0.511080148886928));
#16563=CARTESIAN_POINT('',(0.02810133531258,0.0740833333333333,0.511080148886928));
#16564=CARTESIAN_POINT('',(0.02810133531258,0.0910166666666667,0.511080148886928));
#16565=CARTESIAN_POINT('',(0.02810133531258,0.10795,0.511080148886928));
#16566=CARTESIAN_POINT('',(0.0281141792454144,0.08255,0.51067526391246));
#16567=CARTESIAN_POINT('',(0.0280281581995856,0.08255,0.510401095017217));
#16568=CARTESIAN_POINT('',(-0.0175638491252922,0.10795000000001,0.449081638893079));
#16569=CARTESIAN_POINT('',(0.0289505455690543,0.10795,0.513869018231788));
#16570=CARTESIAN_POINT('',(0.0289505455690543,0.0910166666666667,0.513869018231788));
#16571=CARTESIAN_POINT('',(0.0289505455690543,0.0740833333333333,0.513869018231788));
#16572=CARTESIAN_POINT('',(0.0289505455690543,0.05715,0.513869018231788));
#16573=CARTESIAN_POINT('',(-0.19618733647881,0.10795,0.580899739394667));
#16574=CARTESIAN_POINT('',(0.0287984714687271,0.10795,0.5143129819042));
#16575=CARTESIAN_POINT('',(0.0288797094344055,0.10795,0.514588089627836));
#16576=CARTESIAN_POINT('',(0.0253894843560579,0.10795000000001,0.594540645628609));
#16577=CARTESIAN_POINT('',(0.0292485599290638,0.05715,0.514878226814357));
#16578=CARTESIAN_POINT('',(0.0292485599290638,0.0740833333333333,0.514878226814357));
#16579=CARTESIAN_POINT('',(0.0292485599290638,0.0910166666666667,0.514878226814357));
#16580=CARTESIAN_POINT('',(0.0292485599290638,0.10795,0.514878226814357));
#16581=CARTESIAN_POINT('',(0.0292682403265568,0.08255,0.514473616518993));
#16582=CARTESIAN_POINT('',(0.0291868621206264,0.08255,0.514198033879765));
#16583=CARTESIAN_POINT('',(-0.015362988349605,0.10795000000001,0.452117298907648));
#16584=CARTESIAN_POINT('',(0.0300505465032996,0.10795,0.517681041081687));
#16585=CARTESIAN_POINT('',(0.0300505465032996,0.0910166666666667,0.517681041081687));
#16586=CARTESIAN_POINT('',(0.0300505465032996,0.0740833333333333,0.517681041081687));
#16587=CARTESIAN_POINT('',(0.0300505465032996,0.05715,0.517681041081687));
#16588=CARTESIAN_POINT('',(-0.196187336478757,0.10795,0.580899739394852));
#16589=CARTESIAN_POINT('',(0.0298909957788605,0.10795,0.518122372975779));
#16590=CARTESIAN_POINT('',(0.0299675757305636,0.10795,0.518398813525751));
#16591=CARTESIAN_POINT('',(0.0251274914657572,0.10795000000001,0.5982810163042));
#16592=CARTESIAN_POINT('',(0.0303314733471152,0.05715,0.518695139020951));
#16593=CARTESIAN_POINT('',(0.0303314733471152,0.0740833333333333,0.518695139020951));
#16594=CARTESIAN_POINT('',(0.0303314733471152,0.0910166666666667,0.518695139020951));
#16595=CARTESIAN_POINT('',(0.0303314733471152,0.10795,0.518695139020951));
#16596=CARTESIAN_POINT('',(0.0303579845949467,0.08255,0.518290918829797));
#16597=CARTESIAN_POINT('',(0.0302812724440727,0.08255,0.518014001063388));
#16598=CARTESIAN_POINT('',(-0.0132137122164678,0.10795000000001,0.455189697319972));
#16599=CARTESIAN_POINT('',(0.0310860074524913,0.10795,0.521511098638198));
#16600=CARTESIAN_POINT('',(0.0310860074524913,0.0910166666666667,0.521511098638198));
#16601=CARTESIAN_POINT('',(0.0310860074524913,0.0740833333333333,0.521511098638198));
#16602=CARTESIAN_POINT('',(0.0310860074524913,0.05715,0.521511098638198));
#16603=CARTESIAN_POINT('',(-0.196187336478707,0.10795,0.580899739395038));
#16604=CARTESIAN_POINT('',(0.0309190256197543,0.10795,0.521949672853067));
#16605=CARTESIAN_POINT('',(0.0309909257111452,0.10795,0.522227367367831));
#16606=CARTESIAN_POINT('',(0.0248023628674654,0.10795000000001,0.602016430354051));
#16607=CARTESIAN_POINT('',(0.0313497666387474,0.05715,0.522529796637395));
#16608=CARTESIAN_POINT('',(0.0313497666387474,0.0740833333333333,0.522529796637395));
#16609=CARTESIAN_POINT('',(0.0313497666387474,0.0910166666666667,0.522529796637395));
#16610=CARTESIAN_POINT('',(0.0313497666387474,0.10795,0.522529796637395));
#16611=CARTESIAN_POINT('',(0.0313831011739181,0.08255,0.522126081864412));
#16612=CARTESIAN_POINT('',(0.0313110769621503,0.08255,0.521847907968505));
#16613=CARTESIAN_POINT('',(-0.0111166338625145,0.10795000000001,0.458297957649034));
#16614=CARTESIAN_POINT('',(0.0320566330256307,0.10795,0.52535809828211));
#16615=CARTESIAN_POINT('',(0.0320566330256307,0.0910166666666667,0.52535809828211));
#16616=CARTESIAN_POINT('',(0.0320566330256307,0.0740833333333333,0.52535809828211));
#16617=CARTESIAN_POINT('',(0.0320566330256307,0.05715,0.52535809828211));
#16618=CARTESIAN_POINT('',(-0.19618733647866,0.10795,0.580899739395225));
#16619=CARTESIAN_POINT('',(0.0318822677203182,0.10795,0.525793789703549));
#16620=CARTESIAN_POINT('',(0.031949467440107,0.10795,0.526072658963834));
#16621=CARTESIAN_POINT('',(0.0244141915330628,0.10795000000001,0.60574581942962));
#16622=CARTESIAN_POINT('',(0.0323031493104538,0.05715,0.526381105732337));
#16623=CARTESIAN_POINT('',(0.0323031493104538,0.0740833333333333,0.526381105732337));
#16624=CARTESIAN_POINT('',(0.0323031493104538,0.0910166666666667,0.526381105732337));
#16625=CARTESIAN_POINT('',(0.0323031493104538,0.10795,0.526381105732337));
#16626=CARTESIAN_POINT('',(0.0323432976234616,0.08255,0.525978011547161));
#16627=CARTESIAN_POINT('',(0.0322759818974982,0.08255,0.525698660877782));
#16628=CARTESIAN_POINT('',(-0.00907235153004951,0.10795000000001,0.461441193188452));
#16629=CARTESIAN_POINT('',(0.0329621463276233,0.10795,0.529220942561058));
#16630=CARTESIAN_POINT('',(0.0329621463276233,0.0910166666666667,0.529220942561058));
#16631=CARTESIAN_POINT('',(0.0329621463276233,0.0740833333333333,0.529220942561058));
#16632=CARTESIAN_POINT('',(0.0329621463276233,0.05715,0.529220942561058));
#16633=CARTESIAN_POINT('',(-0.196187336478617,0.10795,0.580899739395412));
#16634=CARTESIAN_POINT('',(0.032780447291777,0.10795,0.529653626897249));
#16635=CARTESIAN_POINT('',(0.0328429274695717,0.10795,0.529933591348661));
#16636=CARTESIAN_POINT('',(0.0239630881233192,0.10795000000001,0.609468120549405));
#16637=CARTESIAN_POINT('',(0.0331913493861099,0.05715,0.530247967623987));
#16638=CARTESIAN_POINT('',(0.0331913493861099,0.0740833333333333,0.530247967623987));
#16639=CARTESIAN_POINT('',(0.0331913493861099,0.0910166666666667,0.530247967623987));
#16640=CARTESIAN_POINT('',(0.0331913493861099,0.10795,0.530247967623987));
#16641=CARTESIAN_POINT('',(0.0332383000236492,0.08255,0.529845609019264));
#16642=CARTESIAN_POINT('',(0.0331757119869761,0.08255,0.529565161268141));
#16643=CARTESIAN_POINT('',(-0.00708144840379073,0.10795000000001,0.464618507248602));
#16644=CARTESIAN_POINT('',(0.0338022890382699,0.10795,0.533098529502603));
#16645=CARTESIAN_POINT('',(0.0338022890382699,0.0910166666666667,0.533098529502603));
#16646=CARTESIAN_POINT('',(0.0338022890382699,0.0740833333333333,0.533098529502603));
#16647=CARTESIAN_POINT('',(0.0338022890382699,0.05715,0.533098529502603));
#16648=CARTESIAN_POINT('',(-0.196187336478577,0.10795,0.580899739395601));
#16649=CARTESIAN_POINT('',(0.0336133081060608,0.10795,0.533528083319573));
#16650=CARTESIAN_POINT('',(0.0336710509178361,0.10795,0.533809063095286));
#16651=CARTESIAN_POINT('',(0.0234491813278791,0.10795000000001,0.613182271824724));
#16652=CARTESIAN_POINT('',(0.034014113484545,0.05715,0.534129279193781));
#16653=CARTESIAN_POINT('',(0.034014113484545,0.0740833333333333,0.534129279193781));
#16654=CARTESIAN_POINT('',(0.034014113484545,0.0910166666666667,0.534129279193781));
#16655=CARTESIAN_POINT('',(0.034014113484545,0.10795,0.534129279193781));
#16656=CARTESIAN_POINT('',(0.0340678530527786,0.08255,0.533727770952313));
#16657=CARTESIAN_POINT('',(0.0340100105601902,0.08255,0.533446306124145));
#16658=CARTESIAN_POINT('',(-0.00514449243771469,0.10795000000001,0.467828993422421));
#16659=CARTESIAN_POINT('',(0.0345768214859598,0.10795,0.536989752928592));
#16660=CARTESIAN_POINT('',(0.0345768214859598,0.0910166666666667,0.536989752928592));
#16661=CARTESIAN_POINT('',(0.0345768214859598,0.0740833333333333,0.536989752928592));
#16662=CARTESIAN_POINT('',(0.0345768214859598,0.05715,0.536989752928592));
#16663=CARTESIAN_POINT('',(-0.19618733647854,0.10795,0.58089973939579));
#16664=CARTESIAN_POINT('',(0.0343806125689003,0.10795,0.537416053685428));
#16665=CARTESIAN_POINT('',(0.0344336015420824,0.10795,0.537697968628971));
#16666=CARTESIAN_POINT('',(0.0228726177506102,0.10795000000001,0.616887213706895));
#16667=CARTESIAN_POINT('',(0.0347712068918293,0.05715,0.538023933201024));
#16668=CARTESIAN_POINT('',(0.0347712068918293,0.0740833333333333,0.538023933201024));
#16669=CARTESIAN_POINT('',(0.0347712068918293,0.0910166666666667,0.538023933201024));
#16670=CARTESIAN_POINT('',(0.0347712068918293,0.10795,0.538023933201024));
#16671=CARTESIAN_POINT('',(0.0348317200602082,0.08255,0.537623389863028));
#16672=CARTESIAN_POINT('',(0.0347786396127149,0.08255,0.537340988252661));
#16673=CARTESIAN_POINT('',(-0.00326203619644252,0.10795000000001,0.471071735839272));
#16674=CARTESIAN_POINT('',(0.0352855227160407,0.10795,0.540893502770728));
#16675=CARTESIAN_POINT('',(0.0352855227160407,0.0910166666666667,0.540893502770728));
#16676=CARTESIAN_POINT('',(0.0352855227160407,0.0740833333333333,0.540893502770728));
#16677=CARTESIAN_POINT('',(0.0352855227160407,0.05715,0.540893502770728));
#16678=CARTESIAN_POINT('',(-0.196187336478506,0.10795,0.580899739395979));
#16679=CARTESIAN_POINT('',(0.0350821417876064,0.10795,0.541316428854531));
#16680=CARTESIAN_POINT('',(0.0351303618057725,0.10795,0.541599198542652));
#16681=CARTESIAN_POINT('',(0.0222335618722182,0.10795000000001,0.620581889260195));
#16682=CARTESIAN_POINT('',(0.0354624136282316,0.05715,0.54193081859876));
#16683=CARTESIAN_POINT('',(0.0354624136282316,0.0740833333333333,0.54193081859876));
#16684=CARTESIAN_POINT('',(0.0354624136282316,0.0910166666666667,0.54193081859876));
#16685=CARTESIAN_POINT('',(0.0354624136282316,0.10795,0.54193081859876));
#16686=CARTESIAN_POINT('',(0.0355296831338687,0.08255,0.541531354429189));
#16687=CARTESIAN_POINT('',(0.0354813798739888,0.08255,0.541248096598706));
#16688=CARTESIAN_POINT('',(-0.001434616697162,0.10795000000001,0.474345809426644));
#16689=CARTESIAN_POINT('',(0.0359281905538541,0.10795,0.544808665387239));
#16690=CARTESIAN_POINT('',(0.0359281905538541,0.0910166666666667,0.544808665387239));
#16691=CARTESIAN_POINT('',(0.0359281905538541,0.0740833333333333,0.544808665387239));
#16692=CARTESIAN_POINT('',(0.0359281905538541,0.05715,0.544808665387239));
#16693=CARTESIAN_POINT('',(-0.196187336478474,0.10795,0.580899739396169));
#16694=CARTESIAN_POINT('',(0.035717695633515,0.10795,0.545228096147823));
#16695=CARTESIAN_POINT('',(0.035761132940705,0.10795,0.545511639913432));
#16696=CARTESIAN_POINT('',(0.0215321959968761,0.10795000000001,0.624265244499774));
#16697=CARTESIAN_POINT('',(0.0360875365098322,0.05715,0.545848820850724));
#16698=CARTESIAN_POINT('',(0.0360875365098322,0.0740833333333333,0.545848820850724));
#16699=CARTESIAN_POINT('',(0.0360875365098322,0.0910166666666667,0.545848820850724));
#16700=CARTESIAN_POINT('',(0.0360875365098322,0.10795,0.545848820850724));
#16701=CARTESIAN_POINT('',(0.0361615431624276,0.08255,0.54545054980667));
#16702=CARTESIAN_POINT('',(0.0361180308698677,0.08255,0.545166516562417));
#16703=CARTESIAN_POINT('',(0.000337244745098261,0.10795000000001,0.477650280177019));
#16704=CARTESIAN_POINT('',(0.0365046416624091,0.10795,0.548734123880579));
#16705=CARTESIAN_POINT('',(0.0365046416624091,0.0910166666666667,0.548734123880579));
#16706=CARTESIAN_POINT('',(0.0365046416624091,0.0740833333333333,0.548734123880579));
#16707=CARTESIAN_POINT('',(0.0365046416624091,0.05715,0.548734123880579));
#16708=CARTESIAN_POINT('',(-0.196187336478447,0.10795,0.58089973939636));
#16709=CARTESIAN_POINT('',(0.0362870927990788,0.10795,0.549149939664883));
#16710=CARTESIAN_POINT('',(0.0363257350037202,0.10795,0.549434176620067));
#16711=CARTESIAN_POINT('',(0.0207687202086533,0.10795000000001,0.627936228646241));
#16712=CARTESIAN_POINT('',(0.0366463972047765,0.05715,0.54977682224929));
#16713=CARTESIAN_POINT('',(0.0366463972047765,0.0740833333333333,0.54977682224929));
#16714=CARTESIAN_POINT('',(0.0366463972047765,0.0910166666666667,0.54977682224929));
#16715=CARTESIAN_POINT('',(0.0366463972047765,0.10795,0.54977682224929));
#16716=CARTESIAN_POINT('',(0.0367271198920908,0.08255,0.549379857947478));
#16717=CARTESIAN_POINT('',(0.0366884109798152,0.08255,0.549095130317005));
#16718=CARTESIAN_POINT('',(0.00205304265943816,0.10795000000001,0.480984205401854));
#16719=CARTESIAN_POINT('',(0.0370147115946852,0.10795,0.552668758416045));
#16720=CARTESIAN_POINT('',(0.0370147115946852,0.0910166666666667,0.552668758416045));
#16721=CARTESIAN_POINT('',(0.0370147115946852,0.0740833333333333,0.552668758416045));
#16722=CARTESIAN_POINT('',(0.0370147115946852,0.05715,0.552668758416045));
#16723=CARTESIAN_POINT('',(-0.196187336478422,0.10795,0.580899739396551));
#16724=CARTESIAN_POINT('',(0.0367901708495892,0.10795,0.55308084060227));
#16725=CARTESIAN_POINT('',(0.0368240069280316,0.10795,0.553365689661365));
#16726=CARTESIAN_POINT('',(0.0199433523064896,0.10795000000001,0.631593794467384));
#16727=CARTESIAN_POINT('',(0.0371388362841457,0.05715,0.553713702234328));
#16728=CARTESIAN_POINT('',(0.0371388362841457,0.0740833333333333,0.553713702234328));
#16729=CARTESIAN_POINT('',(0.0371388362841457,0.0910166666666667,0.553713702234328));
#16730=CARTESIAN_POINT('',(0.0371388362841457,0.10795,0.553713702234328));
#16731=CARTESIAN_POINT('',(0.0372262519780242,0.08255,0.553318157918703));
#16732=CARTESIAN_POINT('',(0.0371923574887131,0.08255,0.55303281712765));
#16733=CARTESIAN_POINT('',(-0.196187336489743,0.769719049766725,0.580899739397895));
#16734=CARTESIAN_POINT('',(0.0213190794039098,0.769719049766725,0.624032947128102));
#16735=CARTESIAN_POINT('',(0.0213190794039098,0.1524,0.624032947128102));
#16736=CARTESIAN_POINT('',(-0.196187336489743,0.1524,0.580899739397895));
#16737=CARTESIAN_POINT('',(-0.0498857280813096,0.1524,0.414270348409675));
#16738=CARTESIAN_POINT('',(-0.0498857280813096,0.769719049766725,0.414270348409675));
#16739=CARTESIAN_POINT('',(-0.0504705993118533,0.769719049766725,0.407241294365038));
#16740=CARTESIAN_POINT('',(-0.0504255360652192,0.769719049766725,0.407187590078968));
#16741=CARTESIAN_POINT('',(0.0402852923131197,0.769719049766725,0.633324459064635));
#16742=CARTESIAN_POINT('',(0.0252025310194834,0.0127,0.629980691387919));
#16743=CARTESIAN_POINT('',(0.0262304035749464,0.769719049766725,0.62472863317262));
#16744=CARTESIAN_POINT('',(0.0262304035749464,0.1524,0.62472863317262));
#16745=CARTESIAN_POINT('',(0.0262304035749464,0.1524,0.62726863317262));
#16746=CARTESIAN_POINT('',(0.0301656524762592,0.769719049766725,0.568451951997853));
#16747=CARTESIAN_POINT('',(0.0301656524762592,0.1524,0.568451951997853));
#16748=CARTESIAN_POINT('',(0.0301656524762592,0.1524,0.570991951997853));
#16749=CARTESIAN_POINT('',(0.030327552099201,0.769719049766725,0.589934576006164));
#16750=CARTESIAN_POINT('',(0.030327552099201,0.1524,0.589934576006164));
#16751=CARTESIAN_POINT('',(0.030327552099201,0.1524,0.592474576006164));
#16752=CARTESIAN_POINT('',(0.0284551648778899,0.769719049766725,0.611336059876772));
#16753=CARTESIAN_POINT('',(0.0284551648778899,0.1524,0.611336059876772));
#16754=CARTESIAN_POINT('',(0.0284551648778899,0.1524,0.613876059876772));
#16755=CARTESIAN_POINT('',(-0.196187336489743,0.0127,0.580899739397895));
#16756=CARTESIAN_POINT('',(0.0312789428115429,0.166926473965793,0.624716262363885));
#16757=CARTESIAN_POINT('',(0.031036992456047,0.0127,0.625954153600448));
#16758=CARTESIAN_POINT('',(-0.196187336489744,0.1524,0.580899739397895));
#16759=CARTESIAN_POINT('',(-0.196187336489744,0.1524,0.580899739397895));
#16760=CARTESIAN_POINT('',(0.0321111587353528,0.1524,0.620150127701156));
#16761=CARTESIAN_POINT('',(-0.0433455456982628,0.1524,0.406830262200848));
#16762=CARTESIAN_POINT('',(0.0321111587353534,0.166926473965793,0.620150127701156));
#16763=CARTESIAN_POINT('',(-0.0433455456982628,0.1524,0.406830262200848));
#16764=CARTESIAN_POINT('',(-0.0100039900465201,0.1524,0.51537756325134));
#16765=CARTESIAN_POINT('',(0.0407833063121272,0.1524,0.624089605002354));
#16766=CARTESIAN_POINT('',(-0.0466973393559707,0.1524,0.410647575297274));
#16767=CARTESIAN_POINT('',(-0.0505059736993145,0.1524,0.407285923257175));
#16768=CARTESIAN_POINT('',(-0.0465340302941747,0.1524,0.410452951136176));
#16769=CARTESIAN_POINT('',(0.0263020442582889,0.1524,0.625021107671749));
#16770=CARTESIAN_POINT('',(0.0250788541077033,0.1524,0.629951645761604));
#16771=CARTESIAN_POINT('',(0.0260540027861831,0.1524,0.624966118201269));
#16772=CARTESIAN_POINT('',(-0.0465340302941747,0.769719049766725,0.410452951136176));
#16773=CARTESIAN_POINT('',(-0.0505059736993145,0.130175,0.407285923257175));
#16774=CARTESIAN_POINT('',(-0.0505059736993149,0.034925,0.407285923257176));
#16775=CARTESIAN_POINT('',(0.0263020442582889,0.769719049766725,0.625021107671749));
#16776=CARTESIAN_POINT('',(0.0250788541077033,0.130175,0.629951645761604));
#16777=CARTESIAN_POINT('',(0.0250788541077033,0.034925,0.629951645761604));
#16778=CARTESIAN_POINT('',(-0.0466973393559708,0.0127,0.410647575297275));
#16779=CARTESIAN_POINT('',(0.0260540027861831,0.0127,0.624966118201269));
#16780=CARTESIAN_POINT('',(-0.0466973393559707,0.1524,0.410647575297274));
#16781=CARTESIAN_POINT('',(0.0260540027861831,0.1524,0.624966118201269));
#16782=CARTESIAN_POINT('',(0.0407833063121272,0.321152947931585,0.624089605002354));
#16783=CARTESIAN_POINT('',(0.0190500000000034,0.346075,1.82419183925031E-14));
#16784=CARTESIAN_POINT('',(-0.0864332650888082,-0.009525,0.593763422200125));
#16785=CARTESIAN_POINT('',(-0.0647239530824924,-0.009525,0.607128978215013));
#16786=CARTESIAN_POINT('',(-0.0658108912019023,-0.009525,0.603876808704583));
#16787=CARTESIAN_POINT('',(-0.0638341960339989,-0.009525,0.603817426706331));
#16788=CARTESIAN_POINT('',(-0.0813206902694612,-0.009525,0.609060484333067));
#16789=CARTESIAN_POINT('',(-0.0749423615487374,-0.009525,0.606928723180259));
#16790=CARTESIAN_POINT('',(-0.0738554234293276,-0.009525,0.610180892690689));
#16791=CARTESIAN_POINT('',(-0.0742333221014045,-0.009525,0.613589005598684));
#16792=CARTESIAN_POINT('',(-0.0884566931211832,-0.009525,0.612011888535391));
#16793=CARTESIAN_POINT('',(-0.0393451236605757,-0.009525,0.617457481854566));
#16794=CARTESIAN_POINT('',(-0.0389672249884989,-0.009525,0.614049368946571));
#16795=CARTESIAN_POINT('',(-0.0380774679400054,-0.009525,0.610737817437889));
#16796=CARTESIAN_POINT('',(-0.0874311298758761,-0.009525,0.59747733561803));
#16797=CARTESIAN_POINT('',(-0.12951258987302,-0.009525,0.606966859778107));
#16798=CARTESIAN_POINT('',(-0.129975870101115,-0.009525,0.610364419553925));
#16799=CARTESIAN_POINT('',(-0.131933107980646,-0.009525,0.604538046674829));
#16800=CARTESIAN_POINT('',(-0.0894504196080889,-0.009525,0.615890338503661));
#16801=CARTESIAN_POINT('',(-0.120947543279436,-0.009525,0.61159549290811));
#16802=CARTESIAN_POINT('',(-0.120484263051341,-0.009525,0.608197933132292));
#16803=CARTESIAN_POINT('',(-0.117247259539418,-0.009525,0.607066628900975));
#16804=CARTESIAN_POINT('',(-0.118036468445874,-0.009525,0.604808463563026));
#16805=CARTESIAN_POINT('',(-0.119898598421927,-0.009525,0.599480346593889));
#16806=CARTESIAN_POINT('',(-0.12313560193385,-0.009525,0.600611650825207));
#16807=CARTESIAN_POINT('',(-0.125556120041476,-0.009525,0.598182837721929));
#16808=CARTESIAN_POINT('',(-0.103718076556202,-0.009525,0.576419376540052));
#16809=CARTESIAN_POINT('',(-0.115440473175805,-0.009525,0.574295739397895));
#16810=CARTESIAN_POINT('',(-0.113019955068179,-0.009525,0.576724552501173));
#16811=CARTESIAN_POINT('',(-0.115440473175805,-0.009525,0.577724739397895));
#16812=CARTESIAN_POINT('',(-0.10820051749625,-0.009525,0.571921574496944));
#16813=CARTESIAN_POINT('',(-0.106521971356897,-0.009525,0.570248761006558));
#16814=CARTESIAN_POINT('',(-0.108942489464523,-0.009525,0.56781994790328));
#16815=CARTESIAN_POINT('',(-0.108842392810873,-0.009525,0.564392409185785));
#16816=CARTESIAN_POINT('',(-0.0855953505155435,-0.009525,0.565071307757856));
#16817=CARTESIAN_POINT('',(-0.133449061884937,-0.009525,0.563673804544146));
#16818=CARTESIAN_POINT('',(-0.133745730571396,-0.009525,0.573832419962585));
#16819=CARTESIAN_POINT('',(-0.143884593102171,-0.009525,0.574531666779746));
#16820=CARTESIAN_POINT('',(-0.140463719051509,-0.009525,0.574295739397895));
#16821=CARTESIAN_POINT('',(-0.140463719051509,-0.009525,0.577724739397895));
#16822=CARTESIAN_POINT('',(-0.0864332650888082,-0.009525,0.577724739397895));
#16823=CARTESIAN_POINT('',(-0.0907642147807594,-0.009525,0.568350819941484));
#16824=CARTESIAN_POINT('',(-0.0931847328883852,-0.009525,0.565922006838206));
#16825=CARTESIAN_POINT('',(-0.0906641181271092,-0.009525,0.564923281223988));
#16826=CARTESIAN_POINT('',(-0.103718076556202,-0.009525,0.576419376540052));
#16827=CARTESIAN_POINT('',(-0.107494075949672,-0.009525,0.580182479964495));
#16828=CARTESIAN_POINT('',(-0.105073557842046,-0.009525,0.582611293067773));
#16829=CARTESIAN_POINT('',(-0.10596331489054,-0.009525,0.585922844576455));
#16830=CARTESIAN_POINT('',(-0.0857834316379252,-0.009525,0.591344832824174));
#16831=CARTESIAN_POINT('',(-0.0660279079195588,-0.009525,0.596652802949057));
#16832=CARTESIAN_POINT('',(-0.0651381508710653,-0.009525,0.593341251440375));
#16833=CARTESIAN_POINT('',(-0.0640512127516554,-0.009525,0.596593420950805));
#16834=CARTESIAN_POINT('',(-0.0833335386387387,-0.009525,0.60303794820264));
#16835=CARTESIAN_POINT('',(0.00265357394723151,-0.009525,0.574299387636249));
#16836=CARTESIAN_POINT('',(0.00156663582782164,-0.009525,0.571047218125818));
#16837=CARTESIAN_POINT('',(0.00166673248147181,-0.009525,0.567619679408323));
#16838=CARTESIAN_POINT('',(-0.0855953505155435,-0.009525,0.565071307757856));
#16839=CARTESIAN_POINT('',(-0.180640855698259,-0.009525,0.574295739397895));
#16840=CARTESIAN_POINT('',(-0.180640855698259,-0.009525,0.577724739397895));
#16841=CARTESIAN_POINT('',(-0.183796908189763,-0.009525,0.57563640105203));
#16842=CARTESIAN_POINT('',(-0.0864332650888082,-0.009525,0.577724739397895));
#16843=CARTESIAN_POINT('',(-0.178619250692132,-0.009525,0.577724739397895));
#16844=CARTESIAN_POINT('',(-0.178619250692132,-0.009525,0.574295739397895));
#16845=CARTESIAN_POINT('',(-0.175409538087452,-0.009525,0.573089179828144));
#16846=CARTESIAN_POINT('',(-0.196187336489743,-0.009525,0.580899739397895));
#16847=CARTESIAN_POINT('',(-0.17890842867723,-0.009525,0.566965569453276));
#16848=CARTESIAN_POINT('',(-0.181577639684437,-0.009525,0.569118092066166));
#16849=CARTESIAN_POINT('',(-0.184531719896418,-0.009525,0.567376985779581));
#16850=CARTESIAN_POINT('',(-0.170782360973179,-0.009525,0.54404888143838));
#16851=CARTESIAN_POINT('',(-0.185558208431022,-0.009525,0.569118596553871));
#16852=CARTESIAN_POINT('',(-0.182604128219041,-0.009525,0.570859702840456));
#16853=CARTESIAN_POINT('',(-0.185361621627379,-0.009525,0.572897905750613));
#16854=CARTESIAN_POINT('',(-0.196187336489743,-0.009525,0.580899739397895));
#16855=CARTESIAN_POINT('',(-0.0587071858318967,-0.009525,0.559503833174719));
#16856=CARTESIAN_POINT('',(-0.133263697711511,-0.009525,0.557326510622859));
#16857=CARTESIAN_POINT('',(0.0364380638784663,-0.009525,0.562282422095714));
#16858=CARTESIAN_POINT('',(0.0363453817917532,-0.009525,0.565456069056358));
#16859=CARTESIAN_POINT('',(0.0395134024767873,-0.009525,0.565245664828272));
#16860=CARTESIAN_POINT('',(-0.196187336489743,-0.009525,0.580899739397895));
#16861=CARTESIAN_POINT('',(0.0379020604138711,-0.009525,0.612554796771118));
#16862=CARTESIAN_POINT('',(0.0410484232754788,-0.009525,0.612980267972371));
#16863=CARTESIAN_POINT('',(0.040972675571664,-0.009525,0.616154364266652));
#16864=CARTESIAN_POINT('',(0.0407833063121272,-0.009525,0.624089605002354));
#16865=CARTESIAN_POINT('',(0.0381609672600434,-0.009525,0.631581416808981));
#16866=CARTESIAN_POINT('',(0.0371120316392096,-0.009525,0.634578141531632));
#16867=CARTESIAN_POINT('',(0.0351227963856165,-0.009525,0.63210355710069));
#16868=CARTESIAN_POINT('',(-0.0382428122003061,-0.009525,0.62396862530436));
#16869=CARTESIAN_POINT('',(-0.107994473655725,-0.009525,0.616234415508282));
#16870=CARTESIAN_POINT('',(-0.109814310493472,-0.009525,0.632646776480831));
#16871=CARTESIAN_POINT('',(-0.113775402200226,-0.009525,0.616615957683902));
#16872=CARTESIAN_POINT('',(-0.13483446535637,-0.009525,0.621819489797669));
#16873=CARTESIAN_POINT('',(-0.15288779432926,-0.009525,0.626280328172781));
#16874=CARTESIAN_POINT('',(-0.156848886036013,-0.009525,0.610249509375852));
#16875=CARTESIAN_POINT('',(-0.16416372746589,-0.009525,0.625053917289208));
#16876=CARTESIAN_POINT('',(-0.18309446535637,-0.009525,0.61570026082217));
#16877=CARTESIAN_POINT('',(-0.207438930712739,-0.009525,0.603671687655369));
#16878=CARTESIAN_POINT('',(-0.196187336489743,-0.009525,0.580899739397895));
#16879=CARTESIAN_POINT('',(-0.195445879796039,-0.009525,0.555510563712746));
#16880=CARTESIAN_POINT('',(-0.18893347360254,-0.009525,0.555700749767787));
#16881=CARTESIAN_POINT('',(-0.183211617200457,-0.009525,0.555867848880509));
#16882=CARTESIAN_POINT('',(-0.183304299287169,-0.009525,0.559041495841153));
#16883=CARTESIAN_POINT('',(-0.181692163836629,-0.009525,0.556306236385615));
#16884=CARTESIAN_POINT('',(-0.196187336489743,-0.009525,0.580899739397895));
#16885=CARTESIAN_POINT('',(-0.16764,-0.009525,0.580899739397895));
#16886=CARTESIAN_POINT('',(-0.15875,-0.009525,0.580899739397895));
#16887=CARTESIAN_POINT('',(-0.14986,-0.009525,0.580899739397896));
#16888=CARTESIAN_POINT('',(-0.196187336489743,-0.009525,0.580899739397895));
#16889=CARTESIAN_POINT('',(-0.150153914052503,-0.009525,0.575689545068653));
#16890=CARTESIAN_POINT('',(-0.133745730571396,-0.009525,0.573832419962585));
#16891=CARTESIAN_POINT('',(0.0262304035749464,-0.009525,0.62472863317262));
#16892=CARTESIAN_POINT('',(0.0262304035749464,-0.009525,0.62218863317262));
#16893=CARTESIAN_POINT('',(0.0301656524762592,-0.009525,0.568451951997853));
#16894=CARTESIAN_POINT('',(0.0301656524762592,-0.009525,0.565911951997853));
#16895=CARTESIAN_POINT('',(0.030327552099201,-0.009525,0.589934576006164));
#16896=CARTESIAN_POINT('',(0.030327552099201,-0.009525,0.587394576006164));
#16897=CARTESIAN_POINT('',(0.0284551648778899,-0.009525,0.611336059876772));
#16898=CARTESIAN_POINT('',(0.0284551648778899,-0.009525,0.608796059876772));
#16899=CARTESIAN_POINT('',(-0.196187336489743,-0.009525,0.580899739397895));
#16900=CARTESIAN_POINT('',(-0.196187336489743,-0.009525,0.573787739397895));
#16901=CARTESIAN_POINT('',(0.0407833063121272,-0.009525,0.624089605002354));
#16902=CARTESIAN_POINT('',(0.0407833063121272,-0.009525,0.621549605002354));
#16903=CARTESIAN_POINT('',(-0.196926059788809,-0.009525,0.597774577734526));
#16904=CARTESIAN_POINT('',(-0.197389340016904,-0.009525,0.601172137510344));
#16905=CARTESIAN_POINT('',(-0.196776093404788,-0.009525,0.594348858673706));
#16906=CARTESIAN_POINT('',(-0.0894504196080889,-0.009525,0.615890338503661));
#16907=CARTESIAN_POINT('',(-0.190585451779297,-0.009525,0.602099893636104));
#16908=CARTESIAN_POINT('',(-0.190122171551202,-0.009525,0.598702333860286));
#16909=CARTESIAN_POINT('',(-0.187471344477825,-0.009525,0.596527211604629));
#16910=CARTESIAN_POINT('',(-0.148171316480784,-0.009525,0.644422256551218));
#16911=CARTESIAN_POINT('',(-0.188780185597725,-0.009525,0.594932123573896));
#16912=CARTESIAN_POINT('',(-0.191431012671102,-0.009525,0.597107245829553));
#16913=CARTESIAN_POINT('',(-0.19239658216812,-0.009525,0.593817000162976));
#16914=CARTESIAN_POINT('',(-0.196187336489743,-0.009525,0.580899739397895));
#16915=CARTESIAN_POINT('',(0.0242155693165388,-0.009525,0.579238715710497));
#16916=CARTESIAN_POINT('',(0.0258717780311003,-0.009525,0.576236214470895));
#16917=CARTESIAN_POINT('',(0.0259168428745995,-0.009525,0.582215913937126));
#16918=CARTESIAN_POINT('',(0.0301656524762592,-0.009525,0.568451951997853));
#16919=CARTESIAN_POINT('',(0.02455870124454,-0.009525,0.575350806822033));
#16920=CARTESIAN_POINT('',(0.0223960200551626,-0.009525,0.578011793682789));
#16921=CARTESIAN_POINT('',(0.0213090819357527,-0.009525,0.574759624172358));
#16922=CARTESIAN_POINT('',(-0.0813206902694612,-0.009525,0.609060484333067));
#16923=CARTESIAN_POINT('',(-0.0431265515208449,-0.009525,0.596295262467862));
#16924=CARTESIAN_POINT('',(-0.0420396134014351,-0.009525,0.599547431978292));
#16925=CARTESIAN_POINT('',(-0.0429293704499287,-0.009525,0.602858983486975));
#16926=CARTESIAN_POINT('',(-0.0857834316379252,-0.009525,0.591344832824174));
#16927=CARTESIAN_POINT('',(0.015922073334358,-0.009525,0.618671356262637));
#16928=CARTESIAN_POINT('',(0.0168118303828515,-0.009525,0.615359804753954));
#16929=CARTESIAN_POINT('',(0.0200527585412642,-0.009525,0.614239793293295));
#16930=CARTESIAN_POINT('',(0.0284551648778899,-0.009525,0.611336059876772));
#16931=CARTESIAN_POINT('',(0.0247949153398833,-0.009525,0.603234536975519));
#16932=CARTESIAN_POINT('',(0.023383104803795,-0.009525,0.600109663856465));
#16933=CARTESIAN_POINT('',(0.0253160952880832,-0.009525,0.597277422908443));
#16934=CARTESIAN_POINT('',(0.030327552099201,-0.009525,0.589934576006164));
#16935=CARTESIAN_POINT('',(-0.128693736337534,-0.009525,0.587503739397895));
#16936=CARTESIAN_POINT('',(-0.128693736337534,-0.009525,0.584074739397895));
#16937=CARTESIAN_POINT('',(-0.126273218229909,-0.009525,0.589932552501173));
#16938=CARTESIAN_POINT('',(-0.0864332650888082,-0.009525,0.584074739397895));
#16939=CARTESIAN_POINT('',(-0.141288077282269,-0.009525,0.584074739397895));
#16940=CARTESIAN_POINT('',(-0.141288077282269,-0.009525,0.587503739397895));
#16941=CARTESIAN_POINT('',(-0.144495369210016,-0.009525,0.586290759806058));
#16942=CARTESIAN_POINT('',(-0.15875,-0.009525,0.580899739397895));
#16943=CARTESIAN_POINT('',(-0.15326458254974,-0.009525,0.595118311597536));
#16944=CARTESIAN_POINT('',(-0.152030363623432,-0.009525,0.598317490342455));
#16945=CARTESIAN_POINT('',(-0.155459363623432,-0.009525,0.598317490342455));
#16946=CARTESIAN_POINT('',(-0.155459363623432,-0.009525,0.593763422200125));
#16947=CARTESIAN_POINT('',(-0.155459363623432,-0.009525,0.603896409205456));
#16948=CARTESIAN_POINT('',(-0.152030363623432,-0.009525,0.603896409205456));
#16949=CARTESIAN_POINT('',(-0.152493643851527,-0.009525,0.607293968981274));
#16950=CARTESIAN_POINT('',(-0.0894504196080889,-0.009525,0.615890338503661));
#16951=CARTESIAN_POINT('',(-0.146434851683605,-0.009525,0.608120126224338));
#16952=CARTESIAN_POINT('',(-0.14597157145551,-0.009525,0.60472256644852));
#16953=CARTESIAN_POINT('',(-0.143551053347884,-0.009525,0.607151379551798));
#16954=CARTESIAN_POINT('',(-0.10820051749625,-0.009525,0.571921574496944));
#16955=CARTESIAN_POINT('',(-0.0878224905521227,-0.009525,0.600922797677096));
#16956=CARTESIAN_POINT('',(-0.0869327335036292,-0.009525,0.597611246168413));
#16957=CARTESIAN_POINT('',(-0.0867355524327128,-0.009525,0.604174967187526));
#16958=CARTESIAN_POINT('',(-0.0874311298758761,-0.009525,0.59747733561803));
#16959=CARTESIAN_POINT('',(-0.110344073641762,-0.009525,0.591321020922643));
#16960=CARTESIAN_POINT('',(-0.111233830690255,-0.009525,0.594632572431325));
#16961=CARTESIAN_POINT('',(-0.114470834202178,-0.009525,0.595763876662643));
#16962=CARTESIAN_POINT('',(-0.112042017497868,-0.009525,0.602713455727252));
#16963=CARTESIAN_POINT('',(-0.110324453992162,-0.009525,0.607627924307861));
#16964=CARTESIAN_POINT('',(-0.107087450480239,-0.009525,0.606496620076543));
#16965=CARTESIAN_POINT('',(-0.107443088014377,-0.009525,0.609907127801841));
#16966=CARTESIAN_POINT('',(-0.109814310493472,-0.009525,0.632646776480831));
#16967=CARTESIAN_POINT('',(-0.107294661300027,-0.009525,0.609923095308291));
#16968=CARTESIAN_POINT('',(-0.0884566931211832,-0.009525,0.612011888535391));
#16969=CARTESIAN_POINT('',(-0.105520928042366,-0.009525,0.610119770553737));
#16970=CARTESIAN_POINT('',(-0.10514302937029,-0.009525,0.606711657645742));
#16971=CARTESIAN_POINT('',(-0.10405609125088,-0.009525,0.609963827156173));
#16972=CARTESIAN_POINT('',(-0.0833335386387387,-0.009525,0.60303794820264));
#16973=CARTESIAN_POINT('',(-0.170884396903324,-0.009525,0.601325534396841));
#16974=CARTESIAN_POINT('',(-0.171347677131419,-0.009525,0.604723094172659));
#16975=CARTESIAN_POINT('',(-0.173535223976701,-0.009525,0.603500656652498));
#16976=CARTESIAN_POINT('',(-0.0894504196080889,-0.009525,0.615890338503661));
#16977=CARTESIAN_POINT('',(-0.165701643851526,-0.009525,0.605492968952893));
#16978=CARTESIAN_POINT('',(-0.165238363623432,-0.009525,0.602095409177075));
#16979=CARTESIAN_POINT('',(-0.161809363623432,-0.009525,0.602095409177075));
#16980=CARTESIAN_POINT('',(-0.161809363623432,-0.009525,0.593763422200125));
#16981=CARTESIAN_POINT('',(-0.161809363623432,-0.009525,0.598404958576476));
#16982=CARTESIAN_POINT('',(-0.165238363623432,-0.009525,0.598404958576476));
#16983=CARTESIAN_POINT('',(-0.164046623366067,-0.009525,0.595189714237553));
#16984=CARTESIAN_POINT('',(-0.15875,-0.009525,0.580899739397895));
#16985=CARTESIAN_POINT('',(-0.173004630789984,-0.009525,0.586290759806058));
#16986=CARTESIAN_POINT('',(-0.176211922717731,-0.009525,0.587503739397895));
#16987=CARTESIAN_POINT('',(-0.176211922717731,-0.009525,0.584074739397895));
#16988=CARTESIAN_POINT('',(-0.0864332650888082,-0.009525,0.584074739397895));
#16989=CARTESIAN_POINT('',(-0.180640855698259,-0.009525,0.584074739397895));
#16990=CARTESIAN_POINT('',(-0.180640855698259,-0.009525,0.587503739397895));
#16991=CARTESIAN_POINT('',(-0.183796908189763,-0.009525,0.58616307774376));
#16992=CARTESIAN_POINT('',(-0.196187336489743,-0.009525,0.580899739397895));
#16993=CARTESIAN_POINT('',(-0.184258816181791,-0.009525,0.587139598952627));
#16994=CARTESIAN_POINT('',(-0.181220419499578,-0.009525,0.588728997141097));
#16995=CARTESIAN_POINT('',(-0.183871246572954,-0.009525,0.590904119396754));
#16996=CARTESIAN_POINT('',(-0.143262377456013,-0.009525,0.640394252374076));
#16997=CARTESIAN_POINT('',(-0.0864332650888082,-0.00635,0.593763422200125));
#16998=CARTESIAN_POINT('',(-0.10820051749625,-0.00635,0.571921574496944));
#16999=CARTESIAN_POINT('',(-0.143551053347884,-0.00635,0.607151379551798));
#17000=CARTESIAN_POINT('',(-0.126273218229909,-0.00635,0.589932552501173));
#17001=CARTESIAN_POINT('',(-0.14597157145551,-0.00635,0.60472256644852));
#17002=CARTESIAN_POINT('',(-0.146434851683605,-0.00635,0.608120126224338));
#17003=CARTESIAN_POINT('',(-0.0894504196080889,-0.00635,0.615890338503661));
#17004=CARTESIAN_POINT('',(-0.152493643851527,-0.00635,0.607293968981274));
#17005=CARTESIAN_POINT('',(-0.152030363623432,-0.00635,0.603896409205456));
#17006=CARTESIAN_POINT('',(-0.155459363623432,-0.00635,0.603896409205456));
#17007=CARTESIAN_POINT('',(-0.155459363623432,-0.00635,0.593763422200125));
#17008=CARTESIAN_POINT('',(-0.155459363623432,-0.00635,0.598317490342455));
#17009=CARTESIAN_POINT('',(-0.152030363623432,-0.00635,0.598317490342455));
#17010=CARTESIAN_POINT('',(-0.15326458254974,-0.00635,0.595118311597536));
#17011=CARTESIAN_POINT('',(-0.15875,-0.00635,0.580899739397895));
#17012=CARTESIAN_POINT('',(-0.144495369210016,-0.00635,0.586290759806058));
#17013=CARTESIAN_POINT('',(-0.141288077282269,-0.00635,0.587503739397895));
#17014=CARTESIAN_POINT('',(-0.141288077282269,-0.00635,0.584074739397895));
#17015=CARTESIAN_POINT('',(-0.0864332650888082,-0.00635,0.584074739397895));
#17016=CARTESIAN_POINT('',(-0.128693736337534,-0.00635,0.584074739397895));
#17017=CARTESIAN_POINT('',(-0.128693736337534,-0.00635,0.587503739397895));
#17018=CARTESIAN_POINT('',(-0.0894504196080889,-0.00635,0.615890338503661));
#17019=CARTESIAN_POINT('',(-0.197389340016904,-0.00635,0.601172137510344));
#17020=CARTESIAN_POINT('',(-0.190585451779297,-0.00635,0.602099893636104));
#17021=CARTESIAN_POINT('',(-0.196926059788809,-0.00635,0.597774577734526));
#17022=CARTESIAN_POINT('',(-0.196776093404788,-0.00635,0.594348858673706));
#17023=CARTESIAN_POINT('',(-0.196187336489743,-0.00635,0.580899739397895));
#17024=CARTESIAN_POINT('',(-0.19239658216812,-0.00635,0.593817000162976));
#17025=CARTESIAN_POINT('',(-0.191431012671102,-0.00635,0.597107245829553));
#17026=CARTESIAN_POINT('',(-0.188780185597725,-0.00635,0.594932123573896));
#17027=CARTESIAN_POINT('',(-0.148171316480784,-0.00635,0.644422256551218));
#17028=CARTESIAN_POINT('',(-0.187471344477825,-0.00635,0.596527211604629));
#17029=CARTESIAN_POINT('',(-0.190122171551202,-0.00635,0.598702333860286));
#17030=CARTESIAN_POINT('',(-0.10820051749625,-0.00635,0.571921574496944));
#17031=CARTESIAN_POINT('',(-0.113019955068179,-0.00635,0.576724552501173));
#17032=CARTESIAN_POINT('',(-0.106521971356897,-0.00635,0.570248761006558));
#17033=CARTESIAN_POINT('',(-0.115440473175805,-0.00635,0.574295739397895));
#17034=CARTESIAN_POINT('',(-0.115440473175805,-0.00635,0.577724739397895));
#17035=CARTESIAN_POINT('',(-0.0864332650888082,-0.00635,0.577724739397895));
#17036=CARTESIAN_POINT('',(-0.140463719051509,-0.00635,0.577724739397895));
#17037=CARTESIAN_POINT('',(-0.140463719051509,-0.00635,0.574295739397895));
#17038=CARTESIAN_POINT('',(-0.143884593102171,-0.00635,0.574531666779746));
#17039=CARTESIAN_POINT('',(-0.133745730571396,-0.00635,0.573832419962585));
#17040=CARTESIAN_POINT('',(-0.133449061884937,-0.00635,0.563673804544146));
#17041=CARTESIAN_POINT('',(-0.0855953505155435,-0.00635,0.565071307757856));
#17042=CARTESIAN_POINT('',(-0.108842392810873,-0.00635,0.564392409185785));
#17043=CARTESIAN_POINT('',(-0.108942489464523,-0.00635,0.56781994790328));
#17044=CARTESIAN_POINT('',(-0.0857834316379252,-0.00635,0.591344832824174));
#17045=CARTESIAN_POINT('',(-0.10596331489054,-0.00635,0.585922844576455));
#17046=CARTESIAN_POINT('',(-0.0660279079195588,-0.00635,0.596652802949057));
#17047=CARTESIAN_POINT('',(-0.105073557842046,-0.00635,0.582611293067773));
#17048=CARTESIAN_POINT('',(-0.107494075949672,-0.00635,0.580182479964495));
#17049=CARTESIAN_POINT('',(-0.103718076556202,-0.00635,0.576419376540052));
#17050=CARTESIAN_POINT('',(-0.0931847328883852,-0.00635,0.565922006838206));
#17051=CARTESIAN_POINT('',(-0.0907642147807594,-0.00635,0.568350819941484));
#17052=CARTESIAN_POINT('',(-0.0906641181271092,-0.00635,0.564923281223988));
#17053=CARTESIAN_POINT('',(-0.0855953505155435,-0.00635,0.565071307757856));
#17054=CARTESIAN_POINT('',(0.00166673248147178,-0.00635,0.567619679408323));
#17055=CARTESIAN_POINT('',(0.00156663582782164,-0.00635,0.571047218125818));
#17056=CARTESIAN_POINT('',(0.0026535739472315,-0.00635,0.574299387636249));
#17057=CARTESIAN_POINT('',(-0.0833335386387387,-0.00635,0.60303794820264));
#17058=CARTESIAN_POINT('',(-0.0640512127516554,-0.00635,0.596593420950805));
#17059=CARTESIAN_POINT('',(-0.0651381508710653,-0.00635,0.593341251440375));
#17060=CARTESIAN_POINT('',(-0.196187336489743,-0.00635,0.580899739397895));
#17061=CARTESIAN_POINT('',(-0.175409538087452,-0.00635,0.573089179828144));
#17062=CARTESIAN_POINT('',(-0.17890842867723,-0.00635,0.566965569453276));
#17063=CARTESIAN_POINT('',(-0.178619250692132,-0.00635,0.574295739397895));
#17064=CARTESIAN_POINT('',(-0.178619250692132,-0.00635,0.577724739397895));
#17065=CARTESIAN_POINT('',(-0.0864332650888082,-0.00635,0.577724739397895));
#17066=CARTESIAN_POINT('',(-0.180640855698259,-0.00635,0.577724739397895));
#17067=CARTESIAN_POINT('',(-0.180640855698259,-0.00635,0.574295739397895));
#17068=CARTESIAN_POINT('',(-0.183796908189763,-0.00635,0.57563640105203));
#17069=CARTESIAN_POINT('',(-0.196187336489743,-0.00635,0.580899739397895));
#17070=CARTESIAN_POINT('',(-0.185361621627379,-0.00635,0.572897905750613));
#17071=CARTESIAN_POINT('',(-0.182604128219041,-0.00635,0.570859702840456));
#17072=CARTESIAN_POINT('',(-0.185558208431022,-0.00635,0.569118596553871));
#17073=CARTESIAN_POINT('',(-0.170782360973179,-0.00635,0.54404888143838));
#17074=CARTESIAN_POINT('',(-0.184531719896418,-0.00635,0.567376985779581));
#17075=CARTESIAN_POINT('',(-0.181577639684437,-0.00635,0.569118092066166));
#17076=CARTESIAN_POINT('',(-0.196187336489743,-0.00635,0.580899739397895));
#17077=CARTESIAN_POINT('',(0.0379020604138711,-0.00635,0.612554796771118));
#17078=CARTESIAN_POINT('',(0.0395134024767873,-0.00635,0.565245664828272));
#17079=CARTESIAN_POINT('',(0.0363453817917532,-0.00635,0.565456069056358));
#17080=CARTESIAN_POINT('',(0.0364380638784663,-0.00635,0.562282422095714));
#17081=CARTESIAN_POINT('',(-0.0587071858318967,-0.00635,0.559503833174719));
#17082=CARTESIAN_POINT('',(-0.133263697711511,-0.00635,0.557326510622859));
#17083=CARTESIAN_POINT('',(-0.133745730571396,-0.00635,0.573832419962585));
#17084=CARTESIAN_POINT('',(-0.150153914052503,-0.00635,0.575689545068653));
#17085=CARTESIAN_POINT('',(-0.196187336489743,-0.00635,0.580899739397895));
#17086=CARTESIAN_POINT('',(-0.14986,-0.00635,0.580899739397896));
#17087=CARTESIAN_POINT('',(-0.15875,-0.00635,0.580899739397895));
#17088=CARTESIAN_POINT('',(-0.16764,-0.00635,0.580899739397895));
#17089=CARTESIAN_POINT('',(-0.196187336489743,-0.00635,0.580899739397895));
#17090=CARTESIAN_POINT('',(-0.181692163836629,-0.00635,0.556306236385615));
#17091=CARTESIAN_POINT('',(-0.183304299287169,-0.00635,0.559041495841153));
#17092=CARTESIAN_POINT('',(-0.183211617200457,-0.00635,0.555867848880509));
#17093=CARTESIAN_POINT('',(-0.18893347360254,-0.00635,0.555700749767787));
#17094=CARTESIAN_POINT('',(-0.195445879796039,-0.00635,0.555510563712746));
#17095=CARTESIAN_POINT('',(-0.196187336489743,-0.00635,0.580899739397895));
#17096=CARTESIAN_POINT('',(-0.207438930712739,-0.00635,0.603671687655369));
#17097=CARTESIAN_POINT('',(-0.18309446535637,-0.00635,0.61570026082217));
#17098=CARTESIAN_POINT('',(-0.16416372746589,-0.00635,0.625053917289208));
#17099=CARTESIAN_POINT('',(-0.156848886036013,-0.00635,0.610249509375852));
#17100=CARTESIAN_POINT('',(-0.15288779432926,-0.00635,0.626280328172781));
#17101=CARTESIAN_POINT('',(-0.13483446535637,-0.00635,0.621819489797669));
#17102=CARTESIAN_POINT('',(-0.113775402200226,-0.00635,0.616615957683902));
#17103=CARTESIAN_POINT('',(-0.109814310493472,-0.00635,0.632646776480831));
#17104=CARTESIAN_POINT('',(-0.107994473655725,-0.00635,0.616234415508282));
#17105=CARTESIAN_POINT('',(-0.0382428122003061,-0.00635,0.62396862530436));
#17106=CARTESIAN_POINT('',(0.0351227963856165,-0.00635,0.63210355710069));
#17107=CARTESIAN_POINT('',(0.0371120316392096,-0.00635,0.634578141531632));
#17108=CARTESIAN_POINT('',(0.0381609672600434,-0.00635,0.631581416808981));
#17109=CARTESIAN_POINT('',(0.0407833063121272,-0.00635,0.624089605002354));
#17110=CARTESIAN_POINT('',(0.040972675571664,-0.00635,0.616154364266652));
#17111=CARTESIAN_POINT('',(0.0410484232754788,-0.00635,0.612980267972371));
#17112=CARTESIAN_POINT('',(0.0262304035749464,-0.00635,0.62472863317262));
#17113=CARTESIAN_POINT('',(0.0262304035749464,-0.00635,0.62218863317262));
#17114=CARTESIAN_POINT('',(0.0301656524762592,-0.00635,0.568451951997853));
#17115=CARTESIAN_POINT('',(0.0301656524762592,-0.00635,0.565911951997853));
#17116=CARTESIAN_POINT('',(0.030327552099201,-0.00635,0.589934576006164));
#17117=CARTESIAN_POINT('',(0.030327552099201,-0.00635,0.587394576006164));
#17118=CARTESIAN_POINT('',(0.0284551648778899,-0.00635,0.611336059876772));
#17119=CARTESIAN_POINT('',(0.0284551648778899,-0.00635,0.608796059876772));
#17120=CARTESIAN_POINT('',(-0.196187336489743,-0.00635,0.580899739397895));
#17121=CARTESIAN_POINT('',(-0.196187336489743,-0.00635,0.573787739397895));
#17122=CARTESIAN_POINT('',(0.0407833063121272,-0.00635,0.624089605002354));
#17123=CARTESIAN_POINT('',(0.0407833063121272,-0.00635,0.621549605002354));
#17124=CARTESIAN_POINT('',(-0.0894504196080889,-0.00635,0.615890338503661));
#17125=CARTESIAN_POINT('',(-0.129975870101115,-0.00635,0.610364419553925));
#17126=CARTESIAN_POINT('',(-0.120947543279436,-0.00635,0.61159549290811));
#17127=CARTESIAN_POINT('',(-0.12951258987302,-0.00635,0.606966859778107));
#17128=CARTESIAN_POINT('',(-0.131933107980646,-0.00635,0.604538046674829));
#17129=CARTESIAN_POINT('',(-0.103718076556202,-0.00635,0.576419376540052));
#17130=CARTESIAN_POINT('',(-0.125556120041476,-0.00635,0.598182837721929));
#17131=CARTESIAN_POINT('',(-0.12313560193385,-0.00635,0.600611650825207));
#17132=CARTESIAN_POINT('',(-0.119898598421927,-0.00635,0.599480346593889));
#17133=CARTESIAN_POINT('',(-0.118036468445874,-0.00635,0.604808463563026));
#17134=CARTESIAN_POINT('',(-0.117247259539418,-0.00635,0.607066628900975));
#17135=CARTESIAN_POINT('',(-0.120484263051341,-0.00635,0.608197933132292));
#17136=CARTESIAN_POINT('',(-0.0813206902694612,-0.00635,0.609060484333067));
#17137=CARTESIAN_POINT('',(0.0213090819357527,-0.00635,0.574759624172358));
#17138=CARTESIAN_POINT('',(-0.0431265515208449,-0.00635,0.596295262467862));
#17139=CARTESIAN_POINT('',(0.0223960200551626,-0.00635,0.578011793682789));
#17140=CARTESIAN_POINT('',(0.02455870124454,-0.00635,0.575350806822033));
#17141=CARTESIAN_POINT('',(0.0301656524762592,-0.00635,0.568451951997853));
#17142=CARTESIAN_POINT('',(0.0258717780311003,-0.00635,0.576236214470895));
#17143=CARTESIAN_POINT('',(0.0242155693165388,-0.00635,0.579238715710497));
#17144=CARTESIAN_POINT('',(0.0259168428745995,-0.00635,0.582215913937126));
#17145=CARTESIAN_POINT('',(0.030327552099201,-0.00635,0.589934576006164));
#17146=CARTESIAN_POINT('',(0.0253160952880833,-0.00635,0.597277422908443));
#17147=CARTESIAN_POINT('',(0.023383104803795,-0.00635,0.600109663856465));
#17148=CARTESIAN_POINT('',(0.0247949153398833,-0.00635,0.603234536975519));
#17149=CARTESIAN_POINT('',(0.0284551648778899,-0.00635,0.611336059876772));
#17150=CARTESIAN_POINT('',(0.0200527585412642,-0.00635,0.614239793293295));
#17151=CARTESIAN_POINT('',(0.0168118303828515,-0.00635,0.615359804753954));
#17152=CARTESIAN_POINT('',(0.015922073334358,-0.00635,0.618671356262636));
#17153=CARTESIAN_POINT('',(-0.0857834316379252,-0.00635,0.591344832824174));
#17154=CARTESIAN_POINT('',(-0.0429293704499287,-0.00635,0.602858983486975));
#17155=CARTESIAN_POINT('',(-0.0420396134014351,-0.00635,0.599547431978292));
#17156=CARTESIAN_POINT('',(-0.0874311298758761,-0.00635,0.59747733561803));
#17157=CARTESIAN_POINT('',(-0.0869327335036292,-0.00635,0.597611246168413));
#17158=CARTESIAN_POINT('',(-0.110344073641762,-0.00635,0.591321020922643));
#17159=CARTESIAN_POINT('',(-0.0878224905521227,-0.00635,0.600922797677096));
#17160=CARTESIAN_POINT('',(-0.0867355524327128,-0.00635,0.604174967187526));
#17161=CARTESIAN_POINT('',(-0.0833335386387387,-0.00635,0.60303794820264));
#17162=CARTESIAN_POINT('',(-0.10405609125088,-0.00635,0.609963827156173));
#17163=CARTESIAN_POINT('',(-0.10514302937029,-0.00635,0.606711657645742));
#17164=CARTESIAN_POINT('',(-0.105520928042367,-0.00635,0.610119770553737));
#17165=CARTESIAN_POINT('',(-0.0884566931211832,-0.00635,0.612011888535391));
#17166=CARTESIAN_POINT('',(-0.107294661300027,-0.00635,0.609923095308291));
#17167=CARTESIAN_POINT('',(-0.109814310493472,-0.00635,0.632646776480831));
#17168=CARTESIAN_POINT('',(-0.107443088014377,-0.00635,0.609907127801841));
#17169=CARTESIAN_POINT('',(-0.107087450480239,-0.00635,0.606496620076543));
#17170=CARTESIAN_POINT('',(-0.110324453992162,-0.00635,0.607627924307861));
#17171=CARTESIAN_POINT('',(-0.112042017497868,-0.00635,0.602713455727252));
#17172=CARTESIAN_POINT('',(-0.114470834202178,-0.00635,0.595763876662643));
#17173=CARTESIAN_POINT('',(-0.111233830690255,-0.00635,0.594632572431325));
#17174=CARTESIAN_POINT('',(-0.15875,-0.00635,0.580899739397895));
#17175=CARTESIAN_POINT('',(-0.164046623366067,-0.00635,0.595189714237553));
#17176=CARTESIAN_POINT('',(-0.173004630789984,-0.00635,0.586290759806058));
#17177=CARTESIAN_POINT('',(-0.165238363623432,-0.00635,0.598404958576476));
#17178=CARTESIAN_POINT('',(-0.161809363623432,-0.00635,0.598404958576476));
#17179=CARTESIAN_POINT('',(-0.161809363623432,-0.00635,0.593763422200125));
#17180=CARTESIAN_POINT('',(-0.161809363623432,-0.00635,0.602095409177075));
#17181=CARTESIAN_POINT('',(-0.165238363623432,-0.00635,0.602095409177075));
#17182=CARTESIAN_POINT('',(-0.165701643851526,-0.00635,0.605492968952893));
#17183=CARTESIAN_POINT('',(-0.0894504196080889,-0.00635,0.615890338503661));
#17184=CARTESIAN_POINT('',(-0.171347677131419,-0.00635,0.604723094172659));
#17185=CARTESIAN_POINT('',(-0.170884396903324,-0.00635,0.601325534396841));
#17186=CARTESIAN_POINT('',(-0.173535223976701,-0.00635,0.603500656652498));
#17187=CARTESIAN_POINT('',(-0.143262377456013,-0.00635,0.640394252374076));
#17188=CARTESIAN_POINT('',(-0.183871246572954,-0.00635,0.590904119396754));
#17189=CARTESIAN_POINT('',(-0.181220419499578,-0.00635,0.588728997141097));
#17190=CARTESIAN_POINT('',(-0.184258816181791,-0.00635,0.587139598952627));
#17191=CARTESIAN_POINT('',(-0.196187336489743,-0.00635,0.580899739397895));
#17192=CARTESIAN_POINT('',(-0.183796908189763,-0.00635,0.58616307774376));
#17193=CARTESIAN_POINT('',(-0.180640855698259,-0.00635,0.587503739397895));
#17194=CARTESIAN_POINT('',(-0.180640855698259,-0.00635,0.584074739397895));
#17195=CARTESIAN_POINT('',(-0.0864332650888082,-0.00635,0.584074739397895));
#17196=CARTESIAN_POINT('',(-0.176211922717731,-0.00635,0.584074739397895));
#17197=CARTESIAN_POINT('',(-0.176211922717731,-0.00635,0.587503739397895));
#17198=CARTESIAN_POINT('',(-0.0813206902694612,-0.00635,0.609060484333067));
#17199=CARTESIAN_POINT('',(-0.0658108912019023,-0.00635,0.603876808704583));
#17200=CARTESIAN_POINT('',(-0.0749423615487375,-0.00635,0.606928723180259));
#17201=CARTESIAN_POINT('',(-0.0647239530824924,-0.00635,0.607128978215013));
#17202=CARTESIAN_POINT('',(-0.0638341960339989,-0.00635,0.603817426706331));
#17203=CARTESIAN_POINT('',(-0.0874311298758761,-0.00635,0.59747733561803));
#17204=CARTESIAN_POINT('',(-0.0380774679400054,-0.00635,0.610737817437889));
#17205=CARTESIAN_POINT('',(-0.0389672249884989,-0.00635,0.614049368946571));
#17206=CARTESIAN_POINT('',(-0.0393451236605757,-0.00635,0.617457481854566));
#17207=CARTESIAN_POINT('',(-0.0884566931211832,-0.00635,0.612011888535391));
#17208=CARTESIAN_POINT('',(-0.0742333221014045,-0.00635,0.613589005598684));
#17209=CARTESIAN_POINT('',(-0.0738554234293276,-0.00635,0.610180892690689));
#17210=CARTESIAN_POINT('',(-0.0382428122003061,-0.009525,0.62396862530436));
#17211=CARTESIAN_POINT('',(-0.107994473655725,-0.009525,0.616234415508282));
#17212=CARTESIAN_POINT('',(0.0351227963856164,-0.0079375,0.63210355710069));
#17213=CARTESIAN_POINT('',(-0.13483446535637,-0.009525,0.621819489797669));
#17214=CARTESIAN_POINT('',(-0.113775402200226,-0.00635,0.616615957683902));
#17215=CARTESIAN_POINT('',(-0.15288779432926,-0.009525,0.626280328172781));
#17216=CARTESIAN_POINT('',(-0.18309446535637,-0.009525,0.61570026082217));
#17217=CARTESIAN_POINT('',(-0.16416372746589,-0.009525,0.625053917289208));
#17218=CARTESIAN_POINT('',(-0.207438930712739,-0.009525,0.603671687655369));
#17219=CARTESIAN_POINT('',(-0.196187336489743,-0.009525,0.580899739397895));
#17220=CARTESIAN_POINT('',(-0.195445879796039,-0.009525,0.555510563712746));
#17221=CARTESIAN_POINT('',(-0.18893347360254,-0.009525,0.555700749767787));
#17222=CARTESIAN_POINT('',(-0.183211617200457,-0.009525,0.555867848880509));
#17223=CARTESIAN_POINT('',(-0.196187336489743,-0.009525,0.580899739397895));
#17224=CARTESIAN_POINT('',(-0.181692163836629,-0.009525,0.556306236385615));
#17225=CARTESIAN_POINT('',(-0.16764,-0.009525,0.580899739397895));
#17226=CARTESIAN_POINT('',(-0.15875,-0.009525,0.580899739397895));
#17227=CARTESIAN_POINT('',(-0.14986,-0.009525,0.580899739397896));
#17228=CARTESIAN_POINT('',(-0.196187336489743,-0.009525,0.580899739397895));
#17229=CARTESIAN_POINT('',(-0.150153914052503,-0.009525,0.575689545068653));
#17230=CARTESIAN_POINT('',(-0.0587071858318967,-0.009525,0.559503833174719));
#17231=CARTESIAN_POINT('',(0.0364380638784663,-0.009525,0.562282422095714));
#17232=CARTESIAN_POINT('',(-0.133263697711511,-0.009525,0.557326510622859));
#17233=CARTESIAN_POINT('',(-0.196187336489743,-0.009525,0.580899739397895));
#17234=CARTESIAN_POINT('',(0.0395134024767873,-0.009525,0.565245664828272));
#17235=CARTESIAN_POINT('',(0.0379020604138711,-0.009525,0.612554796771118));
#17236=CARTESIAN_POINT('',(0.0407833063121272,-0.009525,0.624089605002354));
#17237=CARTESIAN_POINT('',(0.0381609672600434,-0.009525,0.631581416808981));
#17238=CARTESIAN_POINT('',(0.040972675571664,-0.009525,0.616154364266652));
#17239=CARTESIAN_POINT('',(-0.196187336489743,-0.009525,0.580899739397895));
#17240=CARTESIAN_POINT('',(0.0284551648778899,-0.009525,0.611336059876772));
#17241=CARTESIAN_POINT('',(0.030327552099201,-0.009525,0.589934576006164));
#17242=CARTESIAN_POINT('',(0.0301656524762592,-0.009525,0.568451951997853));
#17243=CARTESIAN_POINT('',(0.0262304035749464,-0.009525,0.62472863317262));
#17244=CARTESIAN_POINT('',(0.0407833063121272,-0.009525,0.624089605002354));
#17245=CARTESIAN_POINT('',(-0.109814310493472,-0.009525,0.632646776480831));
#17246=CARTESIAN_POINT('',(-0.156848886036013,-0.009525,0.610249509375852));
#17247=CARTESIAN_POINT('',(-0.133745730571396,-0.009525,0.573832419962585));
#17248=CARTESIAN_POINT('',(0.0410484232754788,-0.009525,0.612980267972371));
#17249=CARTESIAN_POINT('',(0.0371120316392096,-0.009525,0.634578141531632));
#17250=CARTESIAN_POINT('',(-0.183304299287169,-0.009525,0.559041495841153));
#17251=CARTESIAN_POINT('',(0.0363453817917532,-0.009525,0.565456069056358));
#17252=CARTESIAN_POINT('',(-0.196187336489743,0.025654,0.580899739397895));
#17253=CARTESIAN_POINT('',(-0.183796908189763,-0.009525,0.57563640105203));
#17254=CARTESIAN_POINT('',(-0.185361621627379,0.015875,0.572897905750613));
#17255=CARTESIAN_POINT('',(-0.196187336489743,0.025654,0.580899739397895));
#17256=CARTESIAN_POINT('',(-0.17890842867723,-0.009525,0.566965569453276));
#17257=CARTESIAN_POINT('',(-0.175409538087452,0.015875,0.573089179828144));
#17258=CARTESIAN_POINT('',(-0.181913668244872,0.025654,0.577724739397895));
#17259=CARTESIAN_POINT('',(-0.178619250692132,0.025654,0.577724739397895));
#17260=CARTESIAN_POINT('',(-0.180640855698259,0.025654,0.577724739397895));
#17261=CARTESIAN_POINT('',(-0.186204490707648,0.025654,0.570215123342296));
#17262=CARTESIAN_POINT('',(-0.185558208431022,0.025654,0.569118596553871));
#17263=CARTESIAN_POINT('',(-0.184531719896418,0.025654,0.567376985779581));
#17264=CARTESIAN_POINT('',(-0.178619250692132,0.025654,0.574295739397895));
#17265=CARTESIAN_POINT('',(-0.181577639684437,0.025654,0.569118092066166));
#17266=CARTESIAN_POINT('',(-0.180640855698259,0.025654,0.574295739397895));
#17267=CARTESIAN_POINT('',(-0.182604128219041,0.025654,0.570859702840456));
#17268=CARTESIAN_POINT('',(-0.0588925500053229,0.025654,0.565851127096006));
#17269=CARTESIAN_POINT('',(-0.0906641181271092,0.025654,0.564923281223988));
#17270=CARTESIAN_POINT('',(0.00166673248147178,0.025654,0.567619679408323));
#17271=CARTESIAN_POINT('',(-0.0413744987016071,0.025654,0.589014423347851));
#17272=CARTESIAN_POINT('',(0.00265357394723148,0.025654,0.574299387636249));
#17273=CARTESIAN_POINT('',(-0.0640512127516554,0.025654,0.596593420950805));
#17274=CARTESIAN_POINT('',(-0.122234027682765,0.025654,0.594872091127796));
#17275=CARTESIAN_POINT('',(-0.107494075949672,0.025654,0.580182479964495));
#17276=CARTESIAN_POINT('',(-0.0931847328883852,0.025654,0.565922006838206));
#17277=CARTESIAN_POINT('',(-0.0468569972247507,0.025654,0.601803697589235));
#17278=CARTESIAN_POINT('',(-0.0660279079195588,0.025654,0.596652802949057));
#17279=CARTESIAN_POINT('',(-0.10596331489054,0.025654,0.585922844576455));
#17280=CARTESIAN_POINT('',(-0.105073557842046,0.025654,0.582611293067773));
#17281=CARTESIAN_POINT('',(-0.0651381508710653,0.025654,0.593341251440375));
#17282=CARTESIAN_POINT('',(-0.0907642147807594,0.025654,0.568350819941484));
#17283=CARTESIAN_POINT('',(0.00156663582782164,0.025654,0.571047218125818));
#17284=CARTESIAN_POINT('',(-0.0588925500053229,0.025654,0.565851127096006));
#17285=CARTESIAN_POINT('',(-0.133449061884937,0.025654,0.563673804544146));
#17286=CARTESIAN_POINT('',(-0.108842392810873,0.025654,0.564392409185785));
#17287=CARTESIAN_POINT('',(-0.133745730571396,0.025654,0.573832419962585));
#17288=CARTESIAN_POINT('',(-0.143884593102171,-0.009525,0.574531666779746));
#17289=CARTESIAN_POINT('',(-0.126716468622813,0.025654,0.590374289084688));
#17290=CARTESIAN_POINT('',(-0.106521971356897,0.025654,0.570248761006558));
#17291=CARTESIAN_POINT('',(-0.113019955068179,0.025654,0.576724552501173));
#17292=CARTESIAN_POINT('',(-0.131285810879799,0.025654,0.577724739397895));
#17293=CARTESIAN_POINT('',(-0.115440473175805,0.025654,0.577724739397895));
#17294=CARTESIAN_POINT('',(-0.140463719051509,0.025654,0.577724739397895));
#17295=CARTESIAN_POINT('',(-0.115440473175805,0.025654,0.574295739397895));
#17296=CARTESIAN_POINT('',(-0.108942489464523,0.025654,0.56781994790328));
#17297=CARTESIAN_POINT('',(-0.140463719051509,0.025654,0.574295739397895));
#17298=CARTESIAN_POINT('',(-0.159564147627972,0.025654,0.606329858025637));
#17299=CARTESIAN_POINT('',(-0.120947543279436,0.025654,0.61159549290811));
#17300=CARTESIAN_POINT('',(-0.129975870101115,0.025654,0.610364419553925));
#17301=CARTESIAN_POINT('',(-0.122234027682765,0.025654,0.594872091127796));
#17302=CARTESIAN_POINT('',(-0.131933107980646,0.025654,0.604538046674829));
#17303=CARTESIAN_POINT('',(-0.125556120041476,0.025654,0.598182837721929));
#17304=CARTESIAN_POINT('',(-0.1192441743603,0.025654,0.601352851731878));
#17305=CARTESIAN_POINT('',(-0.119898598421927,0.025654,0.599480346593889));
#17306=CARTESIAN_POINT('',(-0.117247259539418,0.025654,0.607066628900975));
#17307=CARTESIAN_POINT('',(-0.12951258987302,0.025654,0.606966859778107));
#17308=CARTESIAN_POINT('',(-0.120484263051341,0.025654,0.608197933132292));
#17309=CARTESIAN_POINT('',(-0.12313560193385,0.025654,0.600611650825207));
#17310=CARTESIAN_POINT('',(-0.196187336489743,0.025654,0.580899739397895));
#17311=CARTESIAN_POINT('',(-0.196776093404788,-0.009525,0.594348858673706));
#17312=CARTESIAN_POINT('',(-0.19239658216812,0.015875,0.593817000162976));
#17313=CARTESIAN_POINT('',(-0.159564147627972,0.025654,0.606329858025637));
#17314=CARTESIAN_POINT('',(-0.190585451779297,0.025654,0.602099893636104));
#17315=CARTESIAN_POINT('',(-0.197389340016904,0.025654,0.601172137510344));
#17316=CARTESIAN_POINT('',(-0.179865319568974,0.025654,0.605796693674763));
#17317=CARTESIAN_POINT('',(-0.188780185597725,0.025654,0.594932123573896));
#17318=CARTESIAN_POINT('',(-0.187471344477825,0.025654,0.596527211604629));
#17319=CARTESIAN_POINT('',(-0.190122171551202,0.025654,0.598702333860286));
#17320=CARTESIAN_POINT('',(-0.196926059788809,0.025654,0.597774577734526));
#17321=CARTESIAN_POINT('',(-0.191431012671102,0.025654,0.597107245829553));
#17322=CARTESIAN_POINT('',(0.030327552099201,0.025654,0.589934576006164));
#17323=CARTESIAN_POINT('',(0.0259168428745995,-0.009525,0.582215913937126));
#17324=CARTESIAN_POINT('',(0.0253160952880833,0.015875,0.597277422908443));
#17325=CARTESIAN_POINT('',(0.0301656524762592,0.025654,0.568451951997853));
#17326=CARTESIAN_POINT('',(0.02455870124454,-0.009525,0.575350806822033));
#17327=CARTESIAN_POINT('',(0.0258717780311003,0.015875,0.576236214470895));
#17328=CARTESIAN_POINT('',(0.0284551648778899,0.025654,0.611336059876772));
#17329=CARTESIAN_POINT('',(0.0247949153398833,-0.009525,0.603234536975519));
#17330=CARTESIAN_POINT('',(0.0200527585412642,0.015875,0.614239793293295));
#17331=CARTESIAN_POINT('',(-0.0468569972247507,0.025654,0.601803697589235));
#17332=CARTESIAN_POINT('',(0.015922073334358,0.025654,0.618671356262636));
#17333=CARTESIAN_POINT('',(-0.0429293704499287,0.025654,0.602858983486975));
#17334=CARTESIAN_POINT('',(-0.0393616503323297,0.025654,0.595036959478278));
#17335=CARTESIAN_POINT('',(-0.0431265515208449,0.025654,0.596295262467862));
#17336=CARTESIAN_POINT('',(0.0213090819357527,0.025654,0.574759624172358));
#17337=CARTESIAN_POINT('',(-0.0420396134014351,0.025654,0.599547431978292));
#17338=CARTESIAN_POINT('',(0.0223960200551626,0.025654,0.578011793682789));
#17339=CARTESIAN_POINT('',(0.0168118303828515,0.025654,0.615359804753954));
#17340=CARTESIAN_POINT('',(0.0242155693165388,0.025654,0.579238715710497));
#17341=CARTESIAN_POINT('',(0.023383104803795,0.025654,0.600109663856465));
#17342=CARTESIAN_POINT('',(-0.15875,0.025654,0.580899739397895));
#17343=CARTESIAN_POINT('',(-0.15326458254974,-0.009525,0.595118311597536));
#17344=CARTESIAN_POINT('',(-0.144495369210016,0.015875,0.586290759806058));
#17345=CARTESIAN_POINT('',(-0.131285810879799,0.025654,0.584074739397895));
#17346=CARTESIAN_POINT('',(-0.141288077282269,0.025654,0.584074739397895));
#17347=CARTESIAN_POINT('',(-0.128693736337534,0.025654,0.584074739397895));
#17348=CARTESIAN_POINT('',(-0.126716468622813,0.025654,0.590374289084688));
#17349=CARTESIAN_POINT('',(-0.126273218229909,0.025654,0.589932552501173));
#17350=CARTESIAN_POINT('',(-0.143551053347884,0.025654,0.607151379551798));
#17351=CARTESIAN_POINT('',(-0.155459363623432,0.025654,0.608227315536213));
#17352=CARTESIAN_POINT('',(-0.155459363623432,0.025654,0.603896409205456));
#17353=CARTESIAN_POINT('',(-0.155459363623432,0.025654,0.598317490342455));
#17354=CARTESIAN_POINT('',(-0.159564147627972,0.025654,0.606329858025637));
#17355=CARTESIAN_POINT('',(-0.146434851683605,0.025654,0.608120126224338));
#17356=CARTESIAN_POINT('',(-0.152493643851527,0.025654,0.607293968981274));
#17357=CARTESIAN_POINT('',(-0.152030363623432,0.025654,0.603896409205456));
#17358=CARTESIAN_POINT('',(-0.128693736337534,0.025654,0.587503739397895));
#17359=CARTESIAN_POINT('',(-0.14597157145551,0.025654,0.60472256644852));
#17360=CARTESIAN_POINT('',(-0.141288077282269,0.025654,0.587503739397895));
#17361=CARTESIAN_POINT('',(-0.152030363623432,0.025654,0.598317490342455));
#17362=CARTESIAN_POINT('',(-0.0375429998446083,0.025654,0.617657305104369));
#17363=CARTESIAN_POINT('',(-0.105520928042367,0.025654,0.610119770553737));
#17364=CARTESIAN_POINT('',(-0.107294661300027,0.025654,0.609923095308291));
#17365=CARTESIAN_POINT('',(-0.109814310493472,0.025654,0.632646776480831));
#17366=CARTESIAN_POINT('',(-0.107443088014377,0.015875,0.609907127801841));
#17367=CARTESIAN_POINT('',(-0.113249723412294,0.025654,0.599257843896105));
#17368=CARTESIAN_POINT('',(-0.110324453992162,0.025654,0.607627924307861));
#17369=CARTESIAN_POINT('',(-0.114470834202178,0.025654,0.595763876662643));
#17370=CARTESIAN_POINT('',(-0.0413744987016071,0.025654,0.589014423347851));
#17371=CARTESIAN_POINT('',(-0.0867355524327128,0.025654,0.604174967187526));
#17372=CARTESIAN_POINT('',(-0.10405609125088,0.025654,0.609963827156173));
#17373=CARTESIAN_POINT('',(-0.0485046954627016,0.025654,0.607936200383091));
#17374=CARTESIAN_POINT('',(-0.110344073641762,0.025654,0.591321020922643));
#17375=CARTESIAN_POINT('',(-0.0869327335036292,0.025654,0.597611246168413));
#17376=CARTESIAN_POINT('',(-0.111233830690255,0.025654,0.594632572431325));
#17377=CARTESIAN_POINT('',(-0.0878224905521227,0.025654,0.600922797677096));
#17378=CARTESIAN_POINT('',(-0.10514302937029,0.025654,0.606711657645742));
#17379=CARTESIAN_POINT('',(-0.107087450480239,0.025654,0.606496620076543));
#17380=CARTESIAN_POINT('',(-0.15875,0.025654,0.580899739397895));
#17381=CARTESIAN_POINT('',(-0.173004630789984,-0.009525,0.586290759806058));
#17382=CARTESIAN_POINT('',(-0.164046623366067,0.015875,0.595189714237553));
#17383=CARTESIAN_POINT('',(-0.196187336489743,0.025654,0.580899739397895));
#17384=CARTESIAN_POINT('',(-0.184258816181791,-0.009525,0.587139598952627));
#17385=CARTESIAN_POINT('',(-0.183796908189763,0.015875,0.58616307774376));
#17386=CARTESIAN_POINT('',(-0.181913668244872,0.025654,0.584074739397895));
#17387=CARTESIAN_POINT('',(-0.180640855698259,0.025654,0.584074739397895));
#17388=CARTESIAN_POINT('',(-0.176211922717731,0.025654,0.584074739397895));
#17389=CARTESIAN_POINT('',(-0.161809363623432,0.025654,0.608227315536213));
#17390=CARTESIAN_POINT('',(-0.161809363623432,0.025654,0.598404958576476));
#17391=CARTESIAN_POINT('',(-0.161809363623432,0.025654,0.602095409177075));
#17392=CARTESIAN_POINT('',(-0.174956380544202,0.025654,0.601768689497621));
#17393=CARTESIAN_POINT('',(-0.173535223976701,0.025654,0.603500656652498));
#17394=CARTESIAN_POINT('',(-0.183871246572954,0.025654,0.590904119396754));
#17395=CARTESIAN_POINT('',(-0.159564147627972,0.025654,0.606329858025637));
#17396=CARTESIAN_POINT('',(-0.165701643851526,0.025654,0.605492968952893));
#17397=CARTESIAN_POINT('',(-0.171347677131419,0.025654,0.604723094172659));
#17398=CARTESIAN_POINT('',(-0.165238363623432,0.025654,0.602095409177075));
#17399=CARTESIAN_POINT('',(-0.170884396903324,0.025654,0.601325534396841));
#17400=CARTESIAN_POINT('',(-0.176211922717731,0.025654,0.587503739397895));
#17401=CARTESIAN_POINT('',(-0.165238363623432,0.025654,0.598404958576476));
#17402=CARTESIAN_POINT('',(-0.180640855698259,0.025654,0.587503739397895));
#17403=CARTESIAN_POINT('',(-0.181220419499578,0.025654,0.588728997141097));
#17404=CARTESIAN_POINT('',(-0.0375429998446083,0.025654,0.617657305104369));
#17405=CARTESIAN_POINT('',(-0.0393451236605757,0.025654,0.617457481854566));
#17406=CARTESIAN_POINT('',(-0.0742333221014045,0.025654,0.613589005598684));
#17407=CARTESIAN_POINT('',(-0.0485046954627016,0.025654,0.607936200383091));
#17408=CARTESIAN_POINT('',(-0.0638341960339989,0.025654,0.603817426706331));
#17409=CARTESIAN_POINT('',(-0.0380774679400054,0.025654,0.610737817437889));
#17410=CARTESIAN_POINT('',(-0.0393616503323297,0.025654,0.595036959478278));
#17411=CARTESIAN_POINT('',(-0.0749423615487375,0.025654,0.606928723180259));
#17412=CARTESIAN_POINT('',(-0.0658108912019023,0.025654,0.603876808704583));
#17413=CARTESIAN_POINT('',(-0.0647239530824924,0.025654,0.607128978215013));
#17414=CARTESIAN_POINT('',(-0.0738554234293276,0.025654,0.610180892690689));
#17415=CARTESIAN_POINT('',(-0.0389672249884989,0.025654,0.614049368946571));
#17416=CARTESIAN_POINT('',(0.0190500000000036,-0.171449999999997,1.78481361634564E-14));
#17417=CARTESIAN_POINT('',(0.0190500000000034,0.346075,1.82419183925031E-14));
#17418=CARTESIAN_POINT('',(0.0190500000000036,0.00952500000000099,2.31119377108735E-14));
#17419=CARTESIAN_POINT('',(0.0190500000000036,0.1778,2.31477163825655E-14));
#17420=CARTESIAN_POINT('',(0.,0.,0.));
#17421=MECHANICAL_DESIGN_GEOMETRIC_PRESENTATION_REPRESENTATION('',(#9410,#9411),#17422);
#17422=(
GEOMETRIC_REPRESENTATION_CONTEXT(3)
GLOBAL_UNCERTAINTY_ASSIGNED_CONTEXT((#17426))
GLOBAL_UNIT_ASSIGNED_CONTEXT((#17432,#17431,#17430))
REPRESENTATION_CONTEXT('Top Bot','TOP_LEVEL_ASSEMBLY_PART')
);
#17423=(
GEOMETRIC_REPRESENTATION_CONTEXT(3)
GLOBAL_UNCERTAINTY_ASSIGNED_CONTEXT((#17427))
GLOBAL_UNIT_ASSIGNED_CONTEXT((#17432,#17431,#17430))
REPRESENTATION_CONTEXT('Three Shooters <1>','COMPONENT_PART')
);
#17424=(
GEOMETRIC_REPRESENTATION_CONTEXT(3)
GLOBAL_UNCERTAINTY_ASSIGNED_CONTEXT((#17428))
GLOBAL_UNIT_ASSIGNED_CONTEXT((#17432,#17431,#17430))
REPRESENTATION_CONTEXT('Spur gear (372 teeth)','COMPONENT_PART')
);
#17425=(
GEOMETRIC_REPRESENTATION_CONTEXT(3)
GLOBAL_UNCERTAINTY_ASSIGNED_CONTEXT((#17429))
GLOBAL_UNIT_ASSIGNED_CONTEXT((#17432,#17431,#17430))
REPRESENTATION_CONTEXT('stick','COMPONENT_PART')
);
#17426=UNCERTAINTY_MEASURE_WITH_UNIT(LENGTH_MEASURE(1.E-08),#17432,'DISTANCE_ACCURACY_VALUE','Maximum Tolerance applied to model');
#17427=UNCERTAINTY_MEASURE_WITH_UNIT(LENGTH_MEASURE(1.E-08),#17432,'DISTANCE_ACCURACY_VALUE','Maximum Tolerance applied to model');
#17428=UNCERTAINTY_MEASURE_WITH_UNIT(LENGTH_MEASURE(2.E-05),#17432,'DISTANCE_ACCURACY_VALUE','Maximum Tolerance applied to model');
#17429=UNCERTAINTY_MEASURE_WITH_UNIT(LENGTH_MEASURE(1.E-08),#17432,'DISTANCE_ACCURACY_VALUE','Maximum Tolerance applied to model');
#17430=(
NAMED_UNIT(*)
SI_UNIT($,.STERADIAN.)
SOLID_ANGLE_UNIT()
);
#17431=(
NAMED_UNIT(*)
PLANE_ANGLE_UNIT()
SI_UNIT($,.RADIAN.)
);
#17432=(
LENGTH_UNIT()
NAMED_UNIT(*)
SI_UNIT($,.METRE.)
);
#17433=PRODUCT_DEFINITION_SHAPE('','',#17443);
#17434=PRODUCT_DEFINITION_SHAPE('','',#17444);
#17435=PRODUCT_DEFINITION_SHAPE('','',#17445);
#17436=PRODUCT_DEFINITION_SHAPE(' ','NAUO PRDDFN',#17);
#17437=PRODUCT_DEFINITION_SHAPE('','',#17446);
#17438=PRODUCT_DEFINITION_SHAPE(' ','NAUO PRDDFN',#18);
#17439=PRODUCT_DEFINITION_SHAPE(' ','NAUO PRDDFN',#19);
#17440=PRODUCT_DEFINITION_SHAPE(' ','NAUO PRDDFN',#20);
#17441=PRODUCT_DEFINITION_SHAPE(' ','NAUO PRDDFN',#21);
#17442=PRODUCT_DEFINITION_SHAPE(' ','NAUO PRDDFN',#22);
#17443=PRODUCT_DEFINITION('','',#17451,#17447);
#17444=PRODUCT_DEFINITION('','',#17452,#17448);
#17445=PRODUCT_DEFINITION('','',#17453,#17449);
#17446=PRODUCT_DEFINITION('','',#17454,#17450);
#17447=PRODUCT_DEFINITION_CONTEXT('',#17472,'design');
#17448=PRODUCT_DEFINITION_CONTEXT('',#17472,'design');
#17449=PRODUCT_DEFINITION_CONTEXT('',#17472,'design');
#17450=PRODUCT_DEFINITION_CONTEXT('',#17472,'design');
#17451=PRODUCT_DEFINITION_FORMATION_WITH_SPECIFIED_SOURCE('','',#17459,.NOT_KNOWN.);
#17452=PRODUCT_DEFINITION_FORMATION_WITH_SPECIFIED_SOURCE('','',#17460,.NOT_KNOWN.);
#17453=PRODUCT_DEFINITION_FORMATION_WITH_SPECIFIED_SOURCE('','',#17461,.NOT_KNOWN.);
#17454=PRODUCT_DEFINITION_FORMATION_WITH_SPECIFIED_SOURCE('','',#17462,.NOT_KNOWN.);
#17455=PRODUCT_RELATED_PRODUCT_CATEGORY('','',(#17459));
#17456=PRODUCT_RELATED_PRODUCT_CATEGORY('','',(#17460));
#17457=PRODUCT_RELATED_PRODUCT_CATEGORY('','',(#17461));
#17458=PRODUCT_RELATED_PRODUCT_CATEGORY('','',(#17462));
#17459=PRODUCT('Top Bot','Top Bot','Top Bot',(#17467));
#17460=PRODUCT('Three Shooters <1>','Three Shooters <1>','Three Shooters <1>',(#17468));
#17461=PRODUCT('Spur gear (372 teeth)','Spur gear (372 teeth)','Spur gear (372 teeth)',(#17469));
#17462=PRODUCT('stick','stick','stick',(#17470));
#17463=PRODUCT_CATEGORY('','');
#17464=PRODUCT_CATEGORY('','');
#17465=PRODUCT_CATEGORY('','');
#17466=PRODUCT_CATEGORY('','');
#17467=PRODUCT_CONTEXT('',#17472,'mechanical');
#17468=PRODUCT_CONTEXT('',#17472,'mechanical');
#17469=PRODUCT_CONTEXT('',#17472,'mechanical');
#17470=PRODUCT_CONTEXT('',#17472,'mechanical');
#17471=APPLICATION_PROTOCOL_DEFINITION('international standard','ap242_managed_model_based_3d_engineering',2020,#17472);
#17472=APPLICATION_CONTEXT('managed model based 3d engineering');
ENDSEC;
END-ISO-10303-21;
